CMPLNT_FR_DT,MISC,LARCENY-THEFT,DRUG OFFENSE,AGGRAVATED ASSAULT,FRAUD,RAPE,ATTEMPT,MURDER AND NON-NEGLIGENT MANSLAUGHTER,MOTOR VEHICLE THEFT,BURGLARY,ARSON
2015-01-01,1,4,0,0,5,16,0,0,0,0,0
2015-01-02,1,2,0,0,0,0,0,0,0,0,0
2015-01-05,1,0,0,1,0,1,0,0,0,0,0
2015-01-07,1,0,0,0,0,0,0,0,0,0,0
2015-01-08,0,1,0,0,0,0,0,0,0,0,0
2015-01-09,0,0,0,1,0,0,0,0,0,0,0
2015-01-13,0,1,0,0,0,0,0,0,0,0,0
2015-01-16,0,0,0,0,0,1,1,0,0,0,0
2015-01-20,0,1,0,0,0,0,0,0,0,0,0
2015-01-23,0,0,0,0,0,1,0,0,0,0,0
2015-01-28,1,0,0,0,0,0,0,0,0,0,0
2015-01-30,1,0,0,0,0,0,0,0,0,0,0
2015-02-01,0,1,0,0,0,0,0,0,0,0,0
2015-02-06,0,1,1,0,0,1,0,0,0,0,0
2015-02-10,0,0,0,0,0,1,0,0,0,0,0
2015-02-13,0,1,0,0,0,0,0,0,0,0,0
2015-02-14,0,1,0,0,0,0,0,0,0,0,0
2015-02-15,1,0,0,0,0,1,0,0,0,0,0
2015-02-19,0,2,0,0,0,0,0,0,0,0,0
2015-02-20,0,1,0,0,0,0,0,0,0,0,0
2015-02-23,0,0,0,0,0,0,1,0,0,0,0
2015-02-25,0,1,0,0,0,0,0,0,0,0,0
2015-02-26,0,1,0,0,0,0,0,0,0,0,0
2015-02-28,0,1,0,0,0,0,0,0,0,0,0
2015-03-01,0,2,0,0,0,2,0,0,0,0,0
2015-03-06,1,0,0,0,0,1,0,0,0,0,0
2015-03-08,1,0,0,1,0,0,0,0,0,0,0
2015-03-11,0,1,0,0,0,0,0,0,0,0,0
2015-03-12,0,1,0,0,0,0,0,0,0,0,0
2015-03-13,0,2,0,0,0,0,0,0,0,0,0
2015-03-14,0,1,0,0,0,1,0,0,0,0,0
2015-03-15,0,1,0,0,0,0,0,0,0,0,0
2015-03-18,1,0,0,0,0,0,0,0,0,0,0
2015-03-23,0,2,0,0,0,0,0,0,0,0,0
2015-03-24,1,0,0,0,0,1,0,0,0,0,0
2015-03-26,0,0,0,0,0,0,1,0,0,0,0
2015-03-27,2,0,0,0,0,0,0,0,0,0,0
2015-03-28,0,0,1,0,0,0,0,0,0,0,0
2015-03-30,0,1,0,0,0,0,0,0,0,0,0
2015-03-31,0,1,0,0,0,0,0,0,0,0,0
2015-04-01,1,5,0,0,0,0,0,0,0,0,0
2015-04-07,1,0,0,0,0,0,0,0,0,0,0
2015-04-10,0,0,0,0,1,0,0,0,0,0,0
2015-04-14,0,1,0,0,0,1,0,0,0,0,0
2015-04-16,0,0,0,0,0,0,1,0,0,0,0
2015-04-19,0,1,0,0,0,0,0,0,0,0,0
2015-04-21,1,0,0,0,0,0,0,0,0,0,0
2015-04-22,1,0,0,0,0,0,0,0,0,1,0
2015-04-23,0,1,0,0,0,0,0,0,0,0,0
2015-04-26,1,0,0,0,0,0,0,0,0,0,0
2015-04-28,0,0,0,0,0,0,1,0,0,0,0
2015-04-29,1,0,0,0,0,0,0,0,0,0,0
2015-04-30,1,0,0,0,0,0,1,0,0,0,0
2015-05-01,0,1,0,0,0,1,0,0,0,0,0
2015-05-02,0,0,0,0,0,0,1,0,0,0,0
2015-05-03,1,0,0,0,0,0,0,0,0,0,0
2015-05-07,0,1,0,0,0,0,0,0,0,0,0
2015-05-09,1,2,0,0,0,0,0,0,0,0,0
2015-05-10,0,0,1,1,0,0,0,0,0,0,0
2015-05-13,0,0,0,0,0,0,1,0,0,0,0
2015-05-16,0,1,0,0,0,0,1,0,0,0,0
2015-05-17,0,1,0,0,0,0,0,0,0,0,0
2015-05-20,0,2,0,1,0,0,0,0,0,0,0
2015-05-21,0,1,0,0,0,0,0,0,0,0,0
2015-05-24,0,1,0,0,0,0,0,0,0,0,0
2015-05-25,0,2,0,0,0,0,0,0,0,0,0
2015-05-29,0,0,0,0,1,0,1,0,0,0,0
2015-05-30,0,0,0,0,0,1,0,0,0,0,0
2015-06-01,0,2,0,0,0,5,2,0,0,0,0
2015-06-02,0,0,0,0,1,0,0,0,0,0,0
2015-06-04,1,0,0,0,0,0,0,0,0,0,0
2015-06-08,1,1,0,0,0,0,0,0,0,0,0
2015-06-09,0,2,0,0,0,0,0,0,0,0,0
2015-06-15,1,2,0,0,0,0,0,0,0,0,0
2015-06-16,1,1,0,0,0,0,0,0,0,0,0
2015-06-20,0,1,0,0,0,0,0,0,0,0,0
2015-06-23,0,0,0,0,1,0,0,0,0,0,0
2015-06-24,0,1,0,0,0,0,0,0,0,0,0
2015-06-27,0,0,0,0,0,0,1,0,0,0,0
2015-06-29,2,1,0,0,0,0,0,0,0,0,0
2015-07-01,0,4,0,0,0,5,0,0,0,0,0
2015-07-07,0,0,0,0,1,1,0,0,0,0,0
2015-07-08,0,1,0,0,0,0,0,0,0,0,0
2015-07-09,0,0,0,0,0,1,0,0,0,0,0
2015-07-13,0,0,0,0,0,1,0,0,0,0,0
2015-07-14,1,0,0,0,0,1,0,0,0,0,0
2015-07-15,1,0,0,0,0,0,0,0,0,0,0
2015-07-20,0,1,0,0,0,0,0,0,0,0,0
2015-07-21,0,1,0,0,0,0,0,0,0,0,0
2015-07-26,0,0,0,0,0,2,0,0,0,0,0
2015-07-27,0,0,0,0,0,1,0,0,0,0,0
2015-07-29,0,0,0,0,1,0,0,0,0,0,0
2015-07-31,0,0,0,0,0,1,0,0,0,0,0
2015-08-01,0,1,0,0,0,4,0,0,0,0,0
2015-08-02,0,0,0,0,0,0,1,0,0,0,0
2015-08-06,0,0,0,0,0,1,0,0,0,0,0
2015-08-08,0,1,0,0,0,0,0,0,0,0,0
2015-08-11,0,1,0,0,0,0,0,0,0,0,0
2015-08-14,1,0,0,0,1,0,0,0,0,0,0
2015-08-15,0,0,0,0,0,1,0,0,0,0,0
2015-08-18,0,0,0,0,0,0,1,0,0,0,0
2015-08-20,0,0,0,0,0,2,0,0,0,0,0
2015-08-27,0,0,0,0,0,1,0,0,0,0,0
2015-08-29,0,0,0,0,1,0,0,0,0,0,0
2015-09-01,2,3,0,0,0,1,0,0,0,0,0
2015-09-02,1,0,0,0,0,0,0,0,0,0,0
2015-09-04,0,1,0,0,0,1,0,0,0,0,0
2015-09-08,0,0,0,0,0,1,0,0,0,0,0
2015-09-12,0,0,0,0,0,1,0,0,0,0,0
2015-09-15,0,0,0,0,0,1,0,0,0,0,0
2015-09-18,1,1,0,0,0,0,0,0,0,0,0
2015-09-21,1,1,0,0,0,0,1,0,0,0,0
2015-09-25,0,1,0,0,0,0,0,0,0,0,0
2015-09-29,0,1,0,0,0,0,0,0,0,0,0
2015-10-01,1,4,0,0,2,1,0,0,0,0,0
2015-10-02,1,0,0,0,1,0,0,0,0,0,0
2015-10-05,0,1,0,0,0,0,0,0,0,0,0
2015-10-13,0,1,0,0,0,0,0,0,0,0,0
2015-10-15,0,1,0,0,0,0,0,0,0,0,0
2015-10-19,0,1,0,0,0,0,0,0,0,0,0
2015-10-22,0,0,0,0,1,0,0,0,0,0,0
2015-10-29,0,1,0,0,0,0,0,0,0,0,0
2015-10-30,0,0,0,0,0,0,0,0,1,0,0
2015-11-01,1,2,0,0,1,0,1,0,0,0,0
2015-11-03,1,0,0,0,0,0,0,0,0,0,0
2015-11-04,0,0,0,0,0,0,1,0,0,0,0
2015-11-15,1,0,0,0,0,0,0,0,0,0,0
2015-11-16,0,1,0,0,0,0,0,0,0,0,0
2015-11-17,0,0,0,0,1,0,0,0,0,0,0
2015-11-18,0,0,0,0,1,0,0,0,0,0,0
2015-11-19,0,0,0,0,2,0,0,0,0,0,0
2015-11-20,0,2,0,1,0,0,0,0,0,0,0
2015-11-28,0,1,0,0,0,1,0,0,0,0,0
2015-11-30,0,1,0,0,0,0,0,0,0,0,0
2015-12-01,0,3,0,1,0,0,1,0,0,0,0
2015-12-03,0,3,0,0,0,0,0,0,0,0,0
2015-12-07,1,0,0,0,0,0,0,0,0,0,0
2015-12-10,0,0,0,0,1,0,0,0,0,0,0
2015-12-11,0,2,0,0,0,0,0,0,0,0,0
2015-12-12,1,1,0,0,2,0,0,0,0,0,0
2015-12-14,0,1,0,0,0,0,0,0,0,0,0
2015-12-15,0,0,0,0,0,1,0,0,0,0,0
2015-12-20,0,1,0,0,0,0,0,0,0,0,0
2015-12-22,0,1,0,0,0,0,0,0,0,0,0
2015-12-24,0,1,0,0,0,0,0,0,0,0,0
2015-12-26,0,0,0,0,0,1,0,0,0,0,0
2015-12-29,0,1,0,0,0,0,0,0,0,0,0
2015-12-31,1,0,0,0,0,0,0,0,0,0,0
2016-01-01,3,11,0,0,0,11,1,0,0,0,0
2016-01-02,1,0,0,0,0,0,0,0,0,0,0
2016-01-04,0,2,0,0,0,1,0,0,0,0,0
2016-01-08,0,1,0,0,0,0,0,0,0,0,0
2016-01-10,0,1,0,0,0,0,0,0,0,0,0
2016-01-11,0,1,0,0,0,0,0,0,0,0,0
2016-01-15,0,1,0,0,0,0,0,0,0,0,0
2016-01-16,0,1,0,0,0,0,0,0,0,0,0
2016-01-18,0,1,0,0,0,0,0,0,0,0,0
2016-01-21,0,0,0,0,0,0,1,0,0,0,0
2016-01-22,1,0,0,0,0,0,0,0,0,0,0
2016-01-25,1,0,0,0,0,0,1,0,0,0,0
2016-01-26,1,1,0,0,0,1,0,0,0,0,0
2016-01-28,2,0,0,0,0,0,0,0,0,0,0
2016-01-31,0,0,0,0,0,1,0,0,0,0,0
2016-02-01,1,1,1,0,2,1,2,0,0,0,0
2016-02-03,0,1,0,0,0,0,0,0,0,0,0
2016-02-04,0,1,0,0,0,0,0,0,0,0,0
2016-02-05,0,1,0,0,0,0,0,0,0,0,0
2016-02-06,0,1,0,0,0,1,0,0,0,0,0
2016-02-08,0,0,0,0,0,1,0,0,0,0,0
2016-02-09,0,0,0,0,0,1,0,0,0,0,0
2016-02-11,0,1,0,0,0,0,0,0,0,0,0
2016-02-14,0,0,0,1,0,0,0,0,0,0,0
2016-02-15,1,0,0,0,0,1,0,0,0,0,0
2016-02-16,1,1,0,0,0,0,1,0,0,0,0
2016-02-21,0,1,0,0,0,0,0,0,0,0,0
2016-02-23,0,3,0,0,0,0,0,0,0,0,0
2016-02-24,0,1,0,0,0,0,0,0,0,0,0
2016-02-26,1,1,0,0,0,0,0,0,0,0,0
2016-02-27,0,0,0,1,0,0,0,0,0,0,0
2016-02-28,1,1,0,0,0,0,0,0,0,0,0
2016-02-29,1,0,0,0,0,0,1,0,0,0,0
2016-03-01,0,3,0,0,0,1,1,0,0,0,0
2016-03-02,0,1,0,0,0,0,0,0,0,0,0
2016-03-04,0,0,0,0,0,1,0,0,0,0,0
2016-03-05,1,0,0,0,0,0,0,0,0,0,0
2016-03-06,1,1,0,0,0,1,0,0,0,0,0
2016-03-10,2,1,0,0,0,0,0,0,0,0,0
2016-03-13,0,0,0,0,0,1,0,0,0,0,0
2016-03-15,1,0,0,0,0,0,0,0,0,0,0
2016-03-18,1,0,0,0,0,0,0,0,0,0,0
2016-03-21,0,0,0,0,0,1,0,0,0,0,0
2016-03-22,0,1,0,0,0,0,0,0,0,0,0
2016-03-23,1,0,0,0,0,0,0,0,0,0,0
2016-03-25,1,0,0,0,1,0,0,0,0,0,0
2016-03-26,1,0,0,0,0,0,0,0,0,0,0
2016-03-28,0,0,0,0,0,1,0,0,0,0,0
2016-03-29,1,1,0,0,0,0,0,0,0,0,0
2016-03-31,0,1,0,0,0,0,0,0,0,0,0
2016-04-01,0,0,0,0,0,2,1,0,0,0,0
2016-04-02,0,0,0,1,0,1,0,0,0,0,0
2016-04-03,1,0,0,0,0,0,0,0,0,0,0
2016-04-04,1,2,0,0,0,0,0,0,0,0,0
2016-04-06,1,0,0,0,0,0,0,0,0,0,0
2016-04-07,0,1,0,0,0,0,0,0,0,0,0
2016-04-08,0,1,0,0,0,0,1,0,0,1,0
2016-04-11,1,0,0,0,1,0,0,0,0,0,0
2016-04-13,1,1,0,0,1,0,0,0,0,0,0
2016-04-14,1,0,0,0,0,0,0,0,0,0,0
2016-04-15,1,1,0,0,0,0,0,0,0,0,0
2016-04-16,1,2,0,0,0,0,0,0,0,0,0
2016-04-17,0,1,0,0,0,0,0,0,0,0,0
2016-04-18,3,2,0,0,0,0,0,0,0,0,0
2016-04-19,0,2,0,0,0,0,0,0,0,0,0
2016-04-20,0,0,0,0,1,1,0,0,0,0,0
2016-04-21,0,2,0,0,0,0,0,0,0,0,0
2016-04-22,0,0,0,0,0,1,0,0,0,0,0
2016-04-23,3,0,0,1,0,0,0,0,1,0,0
2016-04-26,1,0,0,0,0,2,0,0,0,0,0
2016-04-28,0,1,0,0,0,0,0,0,0,0,0
2016-04-29,0,1,0,0,0,0,0,0,0,0,0
2016-04-30,0,1,0,0,0,0,0,0,0,0,0
2016-05-01,1,5,0,0,0,4,1,0,0,0,0
2016-05-02,1,1,0,0,0,0,0,0,0,0,0
2016-05-04,0,1,0,1,0,0,0,0,0,0,0
2016-05-05,2,1,0,0,0,0,0,0,0,0,0
2016-05-06,1,0,0,0,0,0,0,0,0,0,0
2016-05-09,0,2,0,0,0,1,0,0,0,0,0
2016-05-10,2,0,0,0,0,0,0,0,0,0,0
2016-05-11,0,1,0,0,0,0,0,0,0,0,0
2016-05-13,0,2,0,0,0,0,0,0,0,0,0
2016-05-14,0,1,0,0,0,1,0,0,0,0,0
2016-05-15,0,0,0,0,0,1,0,0,0,0,0
2016-05-16,1,1,0,0,0,0,0,0,0,0,0
2016-05-18,0,1,0,0,0,2,0,0,0,0,0
2016-05-20,1,0,0,0,1,0,0,0,0,0,0
2016-05-22,0,0,0,0,1,0,0,0,0,0,0
2016-05-23,0,1,0,0,0,0,0,0,0,0,0
2016-05-24,1,1,0,0,0,0,0,0,0,0,0
2016-05-26,1,0,0,0,0,1,0,0,0,0,0
2016-05-29,0,1,0,0,0,0,0,0,0,0,0
2016-05-31,0,1,0,0,0,0,0,0,0,0,0
2016-06-01,2,5,0,0,0,6,2,0,0,0,0
2016-06-02,0,2,0,0,0,0,1,0,0,0,0
2016-06-03,0,0,0,0,1,0,0,0,0,0,0
2016-06-04,0,1,0,0,0,0,0,0,0,0,0
2016-06-06,1,1,0,0,2,0,0,0,0,0,0
2016-06-07,0,0,0,0,1,0,0,0,0,0,0
2016-06-08,0,1,0,0,1,0,0,0,0,0,0
2016-06-09,0,0,0,0,3,1,0,0,0,0,0
2016-06-10,0,0,0,0,0,0,1,0,0,0,0
2016-06-11,0,0,0,0,1,0,0,0,0,0,0
2016-06-12,0,1,0,0,0,0,0,0,0,0,0
2016-06-13,1,0,0,0,2,0,0,0,0,0,0
2016-06-14,1,0,0,0,2,0,0,0,0,0,0
2016-06-15,2,0,0,0,2,0,0,0,0,0,0
2016-06-16,2,1,0,2,0,0,1,0,0,0,0
2016-06-18,0,1,0,0,0,0,0,0,0,0,0
2016-06-20,0,0,0,0,0,0,1,0,0,0,0
2016-06-22,0,1,0,0,0,0,0,0,0,0,0
2016-06-23,0,0,0,1,0,0,0,0,0,0,0
2016-06-25,0,0,0,0,0,1,0,0,0,0,0
2016-06-26,4,1,0,0,0,0,0,0,0,0,0
2016-06-27,0,0,0,0,0,1,0,0,0,0,0
2016-06-28,0,0,0,0,0,1,0,0,0,0,0
2016-06-29,1,0,0,0,0,0,0,0,0,0,0
2016-07-01,4,3,0,0,1,4,1,0,0,0,0
2016-07-02,0,2,0,0,0,1,0,0,0,0,0
2016-07-04,0,0,0,0,0,2,0,0,0,0,0
2016-07-05,1,0,0,0,1,0,0,0,0,0,0
2016-07-10,0,1,0,0,0,0,0,1,0,0,0
2016-07-11,0,1,0,0,0,1,0,0,0,0,0
2016-07-12,0,0,0,0,0,0,1,0,0,0,0
2016-07-13,0,0,0,0,0,0,1,0,0,0,0
2016-07-15,0,2,0,0,0,1,0,0,0,0,0
2016-07-16,0,0,0,0,1,0,0,0,0,0,0
2016-07-18,0,0,0,0,1,0,0,0,0,0,0
2016-07-19,1,0,0,0,0,0,0,0,0,0,0
2016-07-21,0,0,0,0,0,1,0,0,0,0,0
2016-07-23,0,1,0,0,0,0,0,0,0,0,0
2016-07-25,1,0,0,0,0,0,1,0,0,0,0
2016-07-26,1,1,0,0,0,0,0,0,0,0,0
2016-07-30,0,1,0,0,0,0,0,0,0,0,0
2016-08-01,2,8,0,0,1,6,1,0,0,0,0
2016-08-02,0,1,0,0,0,0,0,0,0,0,0
2016-08-04,0,1,0,0,0,0,0,0,0,0,0
2016-08-06,0,1,0,0,0,0,0,0,0,0,0
2016-08-07,0,0,0,0,0,0,0,1,0,0,0
2016-08-08,0,1,0,1,0,0,0,0,0,0,0
2016-08-10,0,0,0,1,0,0,0,0,0,0,0
2016-08-11,0,0,0,0,1,0,0,0,0,0,0
2016-08-13,0,0,0,0,0,0,1,0,0,0,0
2016-08-15,0,3,0,0,0,1,0,0,0,0,0
2016-08-17,0,1,0,0,0,0,0,0,0,0,0
2016-08-18,1,1,0,0,0,0,0,0,0,0,0
2016-08-19,0,0,0,0,0,0,1,0,0,0,0
2016-08-20,0,2,0,0,0,0,0,0,0,0,0
2016-08-23,0,1,0,0,0,0,0,0,0,0,0
2016-08-28,0,0,0,1,0,1,0,0,0,0,0
2016-08-29,1,0,0,0,0,0,0,0,0,0,0
2016-08-31,0,1,0,0,0,0,1,0,0,0,0
2016-09-01,1,7,0,0,0,7,3,0,0,0,0
2016-09-02,1,1,0,0,0,0,0,0,0,0,0
2016-09-04,0,0,0,0,0,0,1,0,0,0,0
2016-09-05,0,0,0,3,0,0,0,0,0,0,0
2016-09-06,1,0,0,0,0,1,0,0,0,0,0
2016-09-07,1,1,0,0,0,0,0,0,0,0,0
2016-09-08,0,0,0,0,0,0,1,0,0,0,0
2016-09-09,2,0,0,0,0,0,0,0,0,0,0
2016-09-10,0,1,0,0,0,0,0,0,0,0,0
2016-09-11,0,1,0,0,0,0,0,0,0,0,0
2016-09-12,0,0,0,0,0,0,1,0,0,0,0
2016-09-13,0,1,0,0,0,0,0,0,0,0,0
2016-09-15,2,1,0,0,0,0,0,0,0,0,0
2016-09-16,0,1,0,0,0,0,0,0,0,0,0
2016-09-18,1,0,0,0,0,0,0,0,0,0,0
2016-09-20,0,1,0,1,0,0,0,0,0,0,0
2016-09-26,0,3,0,0,0,0,0,0,0,0,0
2016-09-27,0,1,0,0,1,1,0,0,0,0,0
2016-09-30,0,0,0,0,1,0,0,0,0,0,0
2016-10-01,1,3,0,0,0,3,1,0,1,0,0
2016-10-03,0,0,0,0,1,0,0,0,0,0,0
2016-10-04,0,1,0,0,0,1,0,0,0,0,0
2016-10-05,0,1,0,1,0,1,0,0,0,0,0
2016-10-06,0,2,0,0,1,0,0,0,0,0,0
2016-10-07,0,1,0,0,0,1,0,0,0,0,0
2016-10-12,1,0,0,0,0,0,0,0,0,0,0
2016-10-13,0,2,0,0,0,0,0,0,0,0,0
2016-10-14,0,2,0,0,0,0,0,0,0,0,0
2016-10-16,1,1,0,0,0,0,0,0,0,0,0
2016-10-17,1,0,0,0,1,0,0,0,0,0,0
2016-10-20,0,1,0,0,0,0,1,0,0,0,0
2016-10-21,0,2,0,0,1,1,0,0,0,0,0
2016-10-23,0,0,0,0,0,1,0,0,0,0,0
2016-10-24,0,2,0,0,0,0,0,0,0,0,0
2016-10-26,0,2,0,0,0,0,0,0,0,0,0
2016-10-28,0,1,0,0,0,0,0,0,0,0,0
2016-10-29,1,1,0,0,0,0,0,0,0,0,0
2016-10-30,0,1,0,0,0,0,0,0,0,0,0
2016-11-01,1,4,0,1,0,2,0,0,1,0,0
2016-11-02,1,0,0,0,0,0,0,0,0,0,0
2016-11-03,0,1,0,0,0,0,0,0,0,0,0
2016-11-04,0,1,0,0,0,0,0,0,0,0,0
2016-11-06,1,0,0,0,0,1,0,0,0,0,0
2016-11-07,0,1,0,0,0,0,0,0,0,0,0
2016-11-08,0,1,0,0,0,1,0,0,0,0,0
2016-11-10,1,2,0,0,0,0,0,0,0,0,0
2016-11-11,0,0,0,0,0,1,1,0,0,0,0
2016-11-14,0,2,0,0,0,0,0,0,0,0,0
2016-11-16,1,4,0,0,0,0,0,0,0,0,0
2016-11-17,0,1,0,0,0,1,0,0,0,0,0
2016-11-18,0,1,0,1,0,0,0,0,0,0,0
2016-11-20,0,2,0,1,0,0,0,0,0,0,0
2016-11-22,0,0,0,0,0,1,0,0,0,0,0
2016-11-23,0,1,0,0,0,0,0,0,0,0,0
2016-11-24,0,1,0,0,0,1,0,0,0,0,0
2016-11-26,1,0,0,0,0,0,0,0,0,0,0
2016-11-27,0,0,0,0,1,0,0,0,0,0,0
2016-11-29,0,1,0,0,0,0,0,0,0,0,0
2016-11-30,0,1,0,0,0,0,0,0,0,0,0
2016-12-01,5,7,0,0,2,1,0,0,0,0,0
2016-12-02,0,1,0,0,0,0,0,0,0,0,0
2016-12-03,0,1,0,0,0,0,0,0,0,0,0
2016-12-04,1,1,0,0,0,0,0,0,0,0,0
2016-12-05,0,0,0,0,1,1,1,0,0,0,0
2016-12-06,1,0,0,0,0,0,0,0,0,0,0
2016-12-07,1,3,0,0,0,0,0,0,0,0,0
2016-12-08,1,0,0,1,0,0,0,0,0,0,0
2016-12-09,0,1,0,0,0,2,0,0,0,0,0
2016-12-10,0,2,0,0,0,0,0,0,0,0,0
2016-12-11,0,0,0,0,0,1,1,0,0,0,0
2016-12-12,1,2,0,0,0,0,0,0,0,0,0
2016-12-13,1,0,0,0,0,0,0,0,0,0,0
2016-12-14,0,1,0,0,0,0,0,0,0,0,0
2016-12-15,0,1,0,0,1,0,0,0,0,0,0
2016-12-16,0,1,0,0,0,0,0,0,0,0,0
2016-12-18,1,0,0,1,0,0,0,0,0,0,0
2016-12-19,1,0,0,0,0,0,0,0,0,0,0
2016-12-20,0,0,0,0,0,1,0,0,0,0,0
2016-12-22,0,3,0,0,0,0,0,0,0,0,0
2016-12-23,0,1,0,0,0,0,0,0,0,0,0
2016-12-25,0,1,0,0,0,1,0,0,0,0,0
2016-12-26,1,1,0,0,0,0,0,0,0,0,0
2016-12-27,0,0,0,0,0,0,1,0,0,0,0
2016-12-28,1,0,0,0,0,0,1,0,0,0,0
2016-12-30,0,0,0,0,0,0,1,0,0,0,0
2016-12-31,0,0,0,0,1,0,0,0,0,0,0
2017-01-01,32,16,0,4,3,22,5,0,0,0,0
2017-01-02,4,7,1,0,0,0,1,0,0,0,0
2017-01-03,3,5,2,0,0,0,0,0,0,0,0
2017-01-04,6,6,0,1,0,1,0,0,0,0,0
2017-01-05,1,4,0,0,0,0,0,0,0,0,0
2017-01-06,5,6,0,1,0,1,1,0,0,1,0
2017-01-07,1,0,0,1,1,0,2,0,0,0,0
2017-01-08,5,4,0,1,0,0,0,0,0,1,0
2017-01-09,6,3,0,1,0,0,2,0,0,0,0
2017-01-10,3,4,0,1,0,1,0,0,0,0,0
2017-01-11,2,2,0,1,0,0,1,0,0,0,0
2017-01-12,3,2,0,0,0,0,0,0,0,0,0
2017-01-13,3,1,0,0,0,0,0,0,0,0,0
2017-01-14,3,1,1,1,0,0,0,0,0,0,0
2017-01-15,1,7,1,0,0,1,1,0,1,0,0
2017-01-16,1,3,0,1,0,1,2,0,1,0,0
2017-01-17,1,6,0,2,1,0,1,0,0,0,0
2017-01-18,5,4,0,3,1,1,0,0,0,1,0
2017-01-19,1,1,0,0,0,0,0,0,0,0,0
2017-01-20,5,4,0,1,1,0,1,0,0,0,0
2017-01-21,3,0,0,0,0,1,1,0,0,0,0
2017-01-22,3,2,0,0,0,0,0,0,0,0,0
2017-01-23,2,2,1,0,0,0,0,0,0,0,0
2017-01-24,2,1,0,0,0,0,1,0,0,0,1
2017-01-25,1,3,0,0,1,1,1,0,0,0,0
2017-01-26,2,3,0,1,0,0,1,0,1,0,0
2017-01-27,7,4,0,2,0,1,0,0,0,0,0
2017-01-28,2,1,0,1,0,0,1,0,0,1,0
2017-01-29,5,2,0,0,0,0,0,0,0,0,0
2017-01-30,3,3,0,0,0,0,0,0,1,0,0
2017-01-31,0,1,0,0,0,1,0,0,0,0,0
2017-02-01,7,7,1,1,1,2,2,0,0,0,0
2017-02-02,2,5,0,0,0,0,0,0,0,0,0
2017-02-03,0,4,0,0,0,0,1,0,0,0,0
2017-02-04,1,1,1,2,0,0,1,0,0,0,0
2017-02-05,0,2,0,0,0,1,0,0,0,0,0
2017-02-06,3,3,0,0,0,0,1,0,0,0,0
2017-02-07,2,3,0,0,0,1,2,0,0,0,0
2017-02-08,1,4,0,0,1,0,0,0,0,0,0
2017-02-09,0,0,0,0,0,0,0,0,1,0,0
2017-02-10,2,0,0,0,0,0,1,0,0,0,0
2017-02-11,2,0,0,0,0,0,0,0,0,0,0
2017-02-12,1,2,0,1,0,0,0,0,0,0,0
2017-02-13,1,0,0,0,1,1,1,0,1,0,0
2017-02-14,4,2,0,0,0,0,1,0,0,0,0
2017-02-15,3,4,0,1,1,0,1,0,0,0,0
2017-02-16,0,4,0,1,0,0,1,0,0,0,0
2017-02-17,2,3,0,2,0,0,0,0,0,0,0
2017-02-18,0,1,0,0,0,1,0,0,0,0,0
2017-02-19,2,0,0,0,0,0,0,0,0,0,0
2017-02-20,3,1,0,0,0,0,0,0,0,0,1
2017-02-21,2,0,0,0,0,0,0,0,0,0,0
2017-02-22,1,1,0,0,0,0,0,0,0,0,0
2017-02-23,2,2,0,1,0,0,0,0,0,0,0
2017-02-24,2,2,0,1,0,0,0,0,0,0,0
2017-02-25,0,2,0,0,0,0,1,0,0,0,0
2017-02-26,2,0,0,1,0,0,0,0,0,0,0
2017-02-27,3,3,0,1,0,0,2,0,0,0,0
2017-02-28,2,2,0,1,0,1,0,0,0,0,0
2017-03-01,6,11,0,1,1,8,1,0,0,0,0
2017-03-02,2,4,0,0,0,1,0,0,0,0,0
2017-03-03,0,6,0,0,0,0,0,0,0,0,1
2017-03-04,0,0,0,0,0,1,0,0,1,0,0
2017-03-05,0,1,0,0,0,1,0,0,0,0,0
2017-03-06,1,2,1,1,0,0,0,0,0,0,0
2017-03-07,1,0,0,0,1,0,1,0,0,0,0
2017-03-08,3,2,0,0,0,0,0,0,0,0,0
2017-03-09,2,2,0,1,0,0,0,0,0,0,0
2017-03-10,0,5,0,0,0,0,0,0,0,0,0
2017-03-11,0,1,0,0,0,0,0,0,1,0,0
2017-03-12,0,0,0,0,0,1,0,0,0,0,0
2017-03-13,0,2,0,0,1,1,1,0,0,0,0
2017-03-14,1,3,0,0,0,1,1,0,0,0,0
2017-03-15,1,1,0,0,3,0,0,0,0,0,0
2017-03-16,1,1,0,0,0,0,0,0,0,0,0
2017-03-17,2,4,0,1,0,0,1,0,0,0,0
2017-03-18,1,1,0,0,0,0,1,0,0,0,0
2017-03-19,0,2,0,0,0,0,0,0,1,0,1
2017-03-20,0,3,0,0,0,0,0,0,0,0,0
2017-03-21,0,2,0,0,1,0,0,0,0,0,0
2017-03-22,0,1,0,0,1,0,0,0,1,0,0
2017-03-23,2,0,1,0,1,0,0,0,0,1,0
2017-03-24,1,1,0,0,1,0,2,0,0,0,0
2017-03-25,2,1,0,0,1,0,1,0,0,0,0
2017-03-26,0,4,0,0,0,1,1,0,0,0,0
2017-03-27,2,1,0,0,0,0,0,0,0,0,0
2017-03-28,1,1,0,0,0,0,1,0,0,1,0
2017-03-29,2,1,0,0,0,0,0,0,0,0,0
2017-03-30,33,0,0,0,0,0,1,0,0,0,0
2017-03-31,1,1,0,0,0,0,0,0,0,0,0
2017-04-01,4,8,0,1,1,5,4,0,0,1,0
2017-04-02,1,0,0,0,0,0,1,0,0,0,0
2017-04-03,0,4,0,1,0,0,0,0,0,0,1
2017-04-04,2,3,0,0,1,0,0,0,0,0,0
2017-04-05,0,2,0,1,0,0,1,0,0,0,0
2017-04-06,4,1,0,1,0,0,1,0,0,0,0
2017-04-07,1,3,1,0,0,0,1,0,1,0,0
2017-04-08,2,4,0,0,0,0,0,0,0,0,0
2017-04-09,1,2,1,0,0,0,2,0,0,0,0
2017-04-10,0,5,0,0,0,1,0,0,0,0,0
2017-04-12,2,3,0,0,0,0,0,0,0,0,1
2017-04-13,0,1,0,0,0,0,1,0,0,0,0
2017-04-14,2,2,0,0,0,0,0,0,0,0,0
2017-04-15,0,2,0,1,0,1,0,0,0,0,0
2017-04-16,3,1,1,0,0,1,0,0,0,0,0
2017-04-17,4,4,0,0,1,0,0,0,0,0,0
2017-04-18,1,1,0,0,0,0,0,0,0,0,0
2017-04-19,1,4,0,0,0,0,0,0,1,0,0
2017-04-20,5,3,0,0,1,0,1,0,0,0,0
2017-04-21,2,2,0,0,1,0,0,0,0,0,0
2017-04-22,0,2,0,0,0,1,2,0,0,0,0
2017-04-23,0,1,0,0,0,0,0,0,0,0,0
2017-04-24,2,1,0,1,0,0,0,0,0,0,0
2017-04-25,0,1,0,0,0,1,1,0,0,0,0
2017-04-26,1,4,0,0,0,0,1,0,0,0,0
2017-04-27,0,5,0,0,0,0,1,0,0,0,0
2017-04-28,2,0,0,0,0,0,1,0,0,1,0
2017-04-29,1,3,0,0,0,0,1,0,0,0,0
2017-04-30,0,3,0,0,0,0,0,0,0,0,0
2017-05-01,7,15,0,4,1,10,2,0,0,0,0
2017-05-02,1,0,0,0,0,0,0,0,0,0,0
2017-05-03,0,3,0,0,0,1,1,0,0,0,0
2017-05-04,0,1,0,0,0,1,0,0,0,0,0
2017-05-05,1,3,0,1,0,0,0,0,0,0,0
2017-05-06,0,2,0,0,0,0,0,0,0,0,0
2017-05-07,1,0,0,0,0,1,2,0,0,0,0
2017-05-08,1,1,0,1,0,0,0,0,0,0,0
2017-05-09,1,3,0,0,0,0,0,0,0,0,0
2017-05-10,3,1,0,1,0,0,0,0,1,0,0
2017-05-11,1,2,0,1,0,0,0,0,0,0,0
2017-05-12,2,0,0,0,0,0,0,0,0,0,0
2017-05-13,2,2,1,0,1,1,0,0,0,0,0
2017-05-14,1,1,0,0,1,0,1,0,0,0,0
2017-05-15,3,7,0,1,0,0,1,0,0,1,0
2017-05-16,0,4,0,0,0,1,0,0,0,0,0
2017-05-17,10,6,0,0,1,0,0,0,0,0,0
2017-05-18,3,2,0,0,0,0,0,0,0,0,0
2017-05-19,1,3,0,0,0,0,0,0,0,0,0
2017-05-20,2,4,0,1,0,0,0,0,0,0,0
2017-05-21,0,2,0,0,0,0,2,0,0,0,0
2017-05-22,3,2,0,0,0,0,0,0,0,0,0
2017-05-23,0,2,0,0,0,0,0,0,0,0,0
2017-05-24,2,3,0,0,0,0,0,0,0,0,0
2017-05-25,1,0,0,0,1,1,0,0,0,0,0
2017-05-26,2,3,0,0,0,0,0,0,0,0,0
2017-05-27,0,3,0,1,0,1,0,0,0,0,0
2017-05-28,0,3,0,3,0,0,0,0,0,0,1
2017-05-29,2,1,0,0,0,0,0,0,0,0,0
2017-05-30,1,1,0,0,0,1,0,0,0,0,0
2017-05-31,1,2,0,0,0,0,1,0,0,0,0
2017-06-01,37,19,0,2,0,16,4,0,1,0,0
2017-06-02,1,4,0,3,1,0,1,0,0,0,0
2017-06-03,4,5,0,0,0,0,1,0,0,0,0
2017-06-04,1,3,0,1,1,2,0,0,0,0,0
2017-06-05,0,3,0,0,0,0,0,0,1,0,0
2017-06-06,0,6,0,0,0,0,1,0,0,0,1
2017-06-07,5,2,0,0,0,0,0,0,0,0,0
2017-06-08,0,3,0,0,1,0,0,0,0,0,0
2017-06-09,3,2,0,0,0,1,1,0,1,0,0
2017-06-10,2,3,0,0,0,0,1,0,0,0,0
2017-06-11,1,2,0,0,0,1,0,0,0,0,0
2017-06-12,2,7,0,1,0,0,0,0,0,0,0
2017-06-13,1,2,0,0,0,1,0,0,2,0,0
2017-06-14,1,1,0,0,0,0,1,0,0,0,0
2017-06-15,2,5,0,0,2,0,1,0,0,0,0
2017-06-16,13,3,0,0,0,1,0,0,0,0,0
2017-06-17,2,3,0,0,1,0,0,0,0,0,0
2017-06-18,0,3,0,1,0,1,3,0,0,0,0
2017-06-19,0,0,0,1,0,0,2,0,0,0,0
2017-06-20,1,2,0,1,0,1,0,0,0,0,0
2017-06-21,1,5,0,0,1,2,0,0,0,0,0
2017-06-22,0,1,0,0,0,1,1,0,0,0,0
2017-06-23,1,3,0,0,0,0,1,0,0,0,0
2017-06-24,2,1,0,0,0,0,0,0,0,0,0
2017-06-25,1,2,0,0,0,1,1,0,0,0,0
2017-06-26,0,4,0,0,0,0,0,0,0,0,0
2017-06-27,2,3,0,0,0,1,1,0,0,0,0
2017-06-28,1,5,0,0,0,0,0,0,0,0,0
2017-06-29,2,5,0,1,0,2,0,0,0,1,0
2017-06-30,2,8,0,1,0,1,0,0,0,0,0
2017-07-01,8,22,0,2,1,25,4,0,0,0,0
2017-07-02,1,2,0,0,3,0,2,0,0,0,0
2017-07-03,4,4,0,0,0,0,1,0,0,0,0
2017-07-04,2,3,0,0,0,0,0,0,0,0,0
2017-07-05,2,3,0,0,0,1,1,0,0,0,0
2017-07-06,3,4,0,0,0,1,1,0,0,0,0
2017-07-07,2,4,0,1,0,1,1,0,0,0,0
2017-07-08,0,5,0,2,0,1,0,0,0,0,0
2017-07-09,0,1,0,0,0,0,0,0,0,0,0
2017-07-10,2,1,0,0,0,0,1,0,0,0,0
2017-07-11,4,3,0,0,0,0,2,0,0,0,0
2017-07-12,6,7,0,0,0,0,1,0,1,0,0
2017-07-13,0,2,0,0,0,0,0,0,0,0,0
2017-07-14,2,3,0,0,0,0,1,0,0,0,0
2017-07-15,2,1,0,0,0,2,0,0,0,0,0
2017-07-16,1,5,0,0,0,0,2,0,1,0,0
2017-07-17,0,4,0,1,0,1,0,0,0,0,0
2017-07-18,2,1,0,0,1,1,0,1,0,0,0
2017-07-19,0,5,0,0,1,0,0,0,2,0,0
2017-07-20,3,7,0,0,0,1,0,0,1,0,0
2017-07-21,0,3,0,0,0,0,0,0,0,0,0
2017-07-22,2,2,0,0,0,0,0,0,0,0,0
2017-07-23,1,0,0,0,0,1,0,0,0,0,0
2017-07-24,1,4,0,0,0,0,1,0,0,0,0
2017-07-25,7,5,0,0,0,2,1,0,0,0,0
2017-07-26,2,6,0,0,0,1,0,0,0,0,0
2017-07-27,2,3,0,0,0,1,1,0,1,0,0
2017-07-28,2,4,0,0,0,1,0,0,0,0,0
2017-07-29,1,2,0,0,0,0,1,0,0,0,0
2017-07-30,0,3,0,0,0,0,1,0,0,0,0
2017-07-31,1,6,0,2,0,2,2,0,0,0,0
2017-08-01,12,23,0,2,4,16,4,0,0,0,0
2017-08-02,1,4,0,0,1,1,1,0,0,0,0
2017-08-03,2,3,0,0,0,0,4,0,0,0,0
2017-08-04,1,5,0,1,0,1,1,0,0,0,0
2017-08-05,2,5,0,0,0,1,0,0,0,0,0
2017-08-06,2,2,0,0,0,0,0,0,0,0,1
2017-08-07,3,3,0,0,0,0,1,0,1,0,0
2017-08-08,2,2,0,0,0,0,0,0,0,0,0
2017-08-09,0,5,0,0,2,0,0,0,0,0,0
2017-08-10,4,4,0,3,0,0,0,0,0,0,0
2017-08-11,3,4,0,0,0,1,0,0,0,0,1
2017-08-12,3,4,0,0,0,1,0,0,1,0,0
2017-08-13,0,2,0,0,0,2,0,0,0,0,0
2017-08-14,1,4,0,2,0,0,0,0,1,0,0
2017-08-15,2,14,0,1,0,4,1,0,1,0,0
2017-08-16,1,5,0,0,1,0,1,0,0,0,0
2017-08-17,5,3,0,0,0,1,1,0,0,0,0
2017-08-18,6,6,0,0,0,0,0,0,0,0,0
2017-08-19,0,4,0,0,0,0,0,0,0,0,1
2017-08-20,5,0,0,0,0,1,1,0,0,0,0
2017-08-21,3,8,0,1,0,0,1,0,1,0,0
2017-08-22,4,5,0,1,0,0,0,0,0,0,0
2017-08-23,1,6,0,1,0,1,1,0,0,0,0
2017-08-24,2,4,0,0,1,0,0,0,0,0,0
2017-08-25,1,5,0,0,0,1,0,0,0,0,1
2017-08-26,2,3,0,1,1,0,0,0,0,0,1
2017-08-27,1,3,0,0,1,0,1,0,0,0,0
2017-08-28,2,2,0,0,0,1,2,0,0,0,0
2017-08-29,4,3,0,0,0,0,0,0,0,0,0
2017-08-30,1,4,0,1,0,0,1,0,0,0,0
2017-08-31,4,6,0,0,1,1,1,1,0,0,0
2017-09-01,20,46,0,3,7,15,10,0,2,1,0
2017-09-02,2,7,0,1,2,1,1,0,0,0,0
2017-09-03,0,5,0,0,2,2,0,0,0,0,0
2017-09-04,1,5,0,0,2,0,0,0,0,0,0
2017-09-05,7,14,0,2,0,0,4,0,0,0,0
2017-09-06,1,7,0,0,1,1,1,0,0,0,0
2017-09-07,3,7,0,1,2,2,2,0,0,0,0
2017-09-08,5,13,0,0,1,0,3,0,0,0,0
2017-09-09,1,7,0,0,0,0,2,0,0,0,0
2017-09-10,5,5,0,2,1,0,2,0,0,0,0
2017-09-11,2,8,0,0,0,0,2,0,0,0,0
2017-09-12,3,10,0,0,1,1,2,0,0,0,0
2017-09-13,7,10,0,2,1,2,1,1,0,0,0
2017-09-14,3,4,0,0,1,0,3,0,0,2,0
2017-09-15,5,11,1,1,0,0,2,0,1,0,0
2017-09-16,1,4,0,0,1,3,1,0,0,0,0
2017-09-17,1,2,0,0,0,1,2,0,0,0,0
2017-09-18,0,7,0,0,2,0,2,0,0,0,0
2017-09-19,0,4,0,0,0,2,1,0,1,0,0
2017-09-20,6,10,0,0,0,3,3,0,0,1,0
2017-09-21,1,4,0,1,0,0,0,0,0,0,0
2017-09-22,1,7,0,0,1,0,2,0,2,0,0
2017-09-23,0,9,0,0,0,0,1,0,0,0,2
2017-09-24,2,4,0,3,0,0,2,0,0,0,0
2017-09-25,5,7,0,0,1,4,1,0,0,0,0
2017-09-26,1,7,0,0,1,0,0,0,0,0,0
2017-09-27,1,4,0,0,0,0,2,0,0,0,0
2017-09-28,4,13,0,1,0,2,2,1,1,0,0
2017-09-29,4,6,0,3,1,1,0,0,0,1,1
2017-09-30,4,12,0,1,2,0,1,0,0,1,0
2017-10-01,20,39,0,2,8,20,16,0,1,1,0
2017-10-02,3,11,0,1,1,2,2,0,1,0,0
2017-10-03,0,12,1,2,5,0,1,0,0,0,0
2017-10-04,2,9,0,0,0,1,1,0,0,0,0
2017-10-05,4,10,0,0,4,0,1,0,0,0,1
2017-10-06,7,21,0,0,0,2,2,0,0,0,0
2017-10-07,5,7,0,0,0,1,4,0,0,0,0
2017-10-08,2,6,0,0,1,0,1,0,0,0,0
2017-10-09,2,8,0,0,0,0,0,0,0,0,0
2017-10-10,8,19,0,4,2,1,0,0,2,1,0
2017-10-11,7,8,1,0,0,2,3,0,1,0,0
2017-10-12,2,7,0,0,2,0,3,0,0,0,0
2017-10-13,6,10,0,0,0,0,3,0,0,1,0
2017-10-14,4,12,0,0,0,1,2,0,0,0,0
2017-10-15,12,19,0,2,0,2,2,0,0,1,0
2017-10-16,6,12,0,0,0,1,3,0,1,0,0
2017-10-17,7,7,1,1,2,3,6,0,0,0,0
2017-10-18,4,10,0,0,1,1,0,0,0,0,1
2017-10-19,4,18,1,0,1,0,1,0,1,0,0
2017-10-20,4,11,0,2,2,4,3,0,0,0,0
2017-10-21,6,6,0,0,1,0,3,0,0,0,0
2017-10-22,4,6,0,1,0,2,1,0,0,0,0
2017-10-23,4,11,0,0,2,0,3,0,2,0,0
2017-10-24,5,8,0,1,0,1,2,0,0,0,0
2017-10-25,6,18,0,1,1,0,1,0,1,0,1
2017-10-26,6,15,0,0,1,0,1,0,1,1,0
2017-10-27,3,8,0,1,0,2,0,1,1,0,0
2017-10-28,5,14,0,1,1,1,1,0,0,0,0
2017-10-29,3,7,0,0,0,2,2,0,1,0,0
2017-10-30,6,12,0,0,3,1,1,0,0,0,0
2017-10-31,8,18,0,1,1,0,1,0,1,1,0
2017-11-01,33,55,0,4,1,16,5,0,1,1,0
2017-11-02,3,19,0,0,2,2,1,0,1,1,0
2017-11-03,6,17,0,0,4,3,3,0,1,0,0
2017-11-04,7,10,0,3,2,0,3,0,0,2,0
2017-11-05,2,12,0,1,2,1,4,0,3,0,0
2017-11-06,8,16,0,1,4,1,1,0,2,0,0
2017-11-07,4,10,0,0,4,3,4,0,0,0,0
2017-11-08,7,14,0,2,1,2,1,0,1,0,0
2017-11-09,2,8,0,2,1,0,3,0,0,1,0
2017-11-10,10,14,0,1,0,2,4,0,2,0,0
2017-11-11,2,18,0,2,1,0,2,0,1,0,0
2017-11-12,7,4,0,1,2,0,0,0,0,0,0
2017-11-13,5,25,0,0,0,2,0,0,2,0,0
2017-11-14,11,13,0,2,4,0,3,0,0,1,0
2017-11-15,19,20,0,1,2,1,8,0,1,2,0
2017-11-16,4,10,1,0,1,2,3,0,2,0,0
2017-11-17,9,22,0,1,2,1,5,0,0,0,0
2017-11-18,4,11,0,0,2,0,3,0,0,0,0
2017-11-19,5,12,0,2,0,0,2,0,1,0,0
2017-11-20,9,26,0,1,6,3,7,0,0,2,0
2017-11-21,5,21,0,1,3,0,1,0,2,1,0
2017-11-22,12,22,0,0,2,1,0,0,0,0,0
2017-11-23,10,8,0,4,0,1,4,0,1,0,1
2017-11-24,5,19,0,0,2,2,4,0,1,0,0
2017-11-25,8,15,0,5,1,1,3,0,0,0,0
2017-11-26,3,16,0,3,0,0,1,0,2,1,1
2017-11-27,8,24,0,2,2,0,1,0,2,0,0
2017-11-28,10,27,0,3,3,0,3,0,1,0,0
2017-11-29,9,28,0,2,0,2,3,0,0,0,0
2017-11-30,9,32,1,4,1,2,5,0,1,1,0
2017-12-01,57,73,0,4,5,29,25,0,1,1,0
2017-12-02,9,37,0,1,5,3,1,0,2,1,0
2017-12-03,8,15,0,4,4,1,6,0,0,0,0
2017-12-04,5,34,0,1,0,1,4,0,4,0,0
2017-12-05,21,35,0,3,4,0,4,0,2,1,0
2017-12-06,10,32,0,1,2,1,8,0,1,1,0
2017-12-07,12,29,1,0,1,2,3,0,2,2,0
2017-12-08,8,46,0,3,0,3,6,0,3,2,0
2017-12-09,6,34,0,5,0,3,3,0,2,0,0
2017-12-10,9,30,0,3,1,0,3,0,1,0,0
2017-12-11,5,37,0,4,1,3,6,0,3,1,1
2017-12-12,14,42,0,4,5,2,6,0,2,2,1
2017-12-13,13,33,0,3,4,2,6,0,2,1,0
2017-12-14,9,42,2,2,3,1,11,0,4,1,0
2017-12-15,37,56,0,5,4,6,18,0,2,0,0
2017-12-16,12,26,0,1,0,1,3,0,1,1,0
2017-12-17,12,38,0,6,5,1,6,0,3,2,0
2017-12-18,24,48,0,4,2,9,9,0,4,0,0
2017-12-19,17,57,0,4,5,1,13,0,3,2,0
2017-12-20,26,59,0,6,4,3,10,0,2,2,0
2017-12-21,20,59,1,3,3,1,4,0,4,3,0
2017-12-22,35,72,0,8,8,2,11,0,3,6,1
2017-12-23,15,56,0,6,3,8,5,0,2,7,0
2017-12-24,13,42,0,6,2,3,16,0,4,2,1
2017-12-25,27,31,0,13,2,4,12,0,0,3,1
2017-12-26,22,66,0,5,2,7,15,0,5,2,2
2017-12-27,28,71,0,5,3,2,9,0,3,7,0
2017-12-28,39,87,0,3,2,2,6,0,2,5,2
2017-12-29,40,113,0,5,4,4,15,0,9,9,0
2017-12-30,53,85,0,14,2,5,13,0,9,12,0
2017-12-31,77,132,1,39,2,12,29,0,17,9,0
2018-01-01,718,326,53,311,16,95,84,1,20,35,5
2018-01-02,341,333,74,130,27,10,75,0,14,31,3
2018-01-03,366,378,79,146,25,8,92,1,19,30,1
2018-01-04,251,222,29,114,8,10,55,0,16,27,1
2018-01-05,333,340,64,148,18,16,77,0,18,26,3
2018-01-06,316,314,57,153,15,16,51,1,11,23,0
2018-01-07,302,255,43,155,17,8,59,0,17,24,2
2018-01-08,315,354,44,137,24,22,83,0,16,25,0
2018-01-09,371,397,88,153,25,19,79,1,13,23,2
2018-01-10,409,387,96,156,31,13,80,2,18,45,2
2018-01-11,358,396,111,164,25,21,83,0,17,30,2
2018-01-12,412,428,77,185,30,19,92,1,22,38,4
2018-01-13,347,384,72,228,10,17,90,1,15,34,4
2018-01-14,336,279,78,191,14,13,77,0,16,27,4
2018-01-15,318,358,63,167,17,14,87,1,24,26,2
2018-01-16,373,394,80,181,33,16,84,2,23,32,4
2018-01-17,332,411,74,160,35,10,81,0,10,31,3
2018-01-18,402,442,82,200,30,15,90,2,22,27,3
2018-01-19,407,449,81,178,25,13,75,0,20,51,2
2018-01-20,378,409,107,214,14,11,83,0,13,29,0
2018-01-21,372,337,97,251,16,18,64,3,14,29,2
2018-01-22,382,466,47,184,21,14,82,0,18,48,2
2018-01-23,423,415,81,174,34,18,99,0,13,33,1
2018-01-24,379,445,97,165,25,13,95,0,17,36,3
2018-01-25,388,401,78,171,31,13,89,0,16,26,2
2018-01-26,444,476,109,180,32,20,95,0,23,45,3
2018-01-27,380,395,100,209,34,22,85,1,14,31,1
2018-01-28,380,355,52,235,17,9,74,1,10,24,0
2018-01-29,323,397,53,189,15,14,94,1,20,36,0
2018-01-30,393,369,69,177,23,17,89,0,19,33,2
2018-01-31,383,411,85,141,31,18,86,0,11,27,2
2018-02-01,464,446,82,195,30,50,103,0,19,32,2
2018-02-02,378,441,61,190,34,13,70,1,18,44,2
2018-02-03,402,381,83,195,36,10,77,0,14,27,3
2018-02-04,330,351,67,204,19,23,63,1,14,25,2
2018-02-05,405,386,55,186,21,19,91,1,21,25,4
2018-02-06,399,369,80,169,28,18,77,0,19,33,7
2018-02-07,367,404,66,189,21,19,65,2,11,29,0
2018-02-08,379,369,88,177,36,17,97,1,17,29,2
2018-02-09,405,409,82,161,33,24,79,1,17,36,5
2018-02-10,378,366,83,209,19,9,62,0,20,33,0
2018-02-11,345,314,72,223,16,21,77,0,12,19,1
2018-02-12,378,401,64,180,23,19,88,0,21,43,3
2018-02-13,402,384,69,157,30,14,95,0,10,38,3
2018-02-14,375,448,83,182,28,25,78,0,16,36,1
2018-02-15,483,428,110,204,31,8,106,2,23,32,2
2018-02-16,400,390,84,172,27,23,78,0,20,34,4
2018-02-17,374,351,94,197,22,21,66,0,13,24,3
2018-02-18,347,330,57,225,11,15,64,0,10,23,2
2018-02-19,368,350,59,175,16,16,70,0,17,40,2
2018-02-20,392,421,81,183,26,20,87,1,16,30,1
2018-02-21,406,419,109,194,28,23,83,0,13,39,1
2018-02-22,392,402,82,173,20,14,86,0,15,31,3
2018-02-23,356,401,76,184,21,19,87,0,23,43,1
2018-02-24,365,380,95,219,33,18,56,0,16,30,2
2018-02-25,320,325,65,208,16,18,79,3,11,19,5
2018-02-26,397,378,62,178,23,9,94,0,9,24,1
2018-02-27,398,378,70,162,31,24,71,0,13,32,3
2018-02-28,396,430,89,186,29,18,106,1,19,24,6
2018-03-01,480,443,111,170,37,36,95,1,19,37,2
2018-03-02,369,354,55,162,21,14,77,0,22,44,1
2018-03-03,380,374,80,185,22,13,67,1,15,37,4
2018-03-04,345,307,60,221,12,27,72,0,16,25,4
2018-03-05,344,386,52,177,35,18,70,0,15,23,3
2018-03-06,405,380,81,191,41,22,82,2,11,31,3
2018-03-07,277,284,43,115,8,9,59,0,8,20,0
2018-03-08,399,359,60,169,32,16,92,1,10,23,1
2018-03-09,399,402,108,185,35,15,101,1,25,39,1
2018-03-10,372,368,109,211,21,16,80,2,17,43,3
2018-03-11,324,288,84,245,19,14,72,2,11,15,2
2018-03-12,350,385,53,206,22,15,91,0,21,28,1
2018-03-13,335,338,64,139,24,16,76,0,13,30,0
2018-03-14,422,386,88,154,26,20,74,4,19,31,2
2018-03-15,424,416,66,172,30,13,101,0,12,27,3
2018-03-16,449,396,61,174,19,14,69,0,12,39,0
2018-03-17,350,364,101,230,20,14,79,0,13,27,3
2018-03-18,357,330,86,255,12,23,93,0,11,15,3
2018-03-19,360,357,50,199,19,24,75,0,25,33,1
2018-03-20,362,427,65,183,27,15,86,0,21,26,1
2018-03-21,329,299,42,144,19,7,72,2,14,20,4
2018-03-22,390,355,62,173,23,7,74,1,14,26,3
2018-03-23,474,438,81,214,23,22,96,0,17,42,1
2018-03-24,375,356,84,215,21,25,67,1,19,26,0
2018-03-25,366,338,64,244,11,22,63,0,23,25,4
2018-03-26,377,380,46,188,25,18,97,1,25,22,2
2018-03-27,375,396,65,195,35,16,89,0,11,21,1
2018-03-28,410,434,57,207,28,17,89,0,18,30,0
2018-03-29,409,376,68,186,27,18,84,0,16,40,1
2018-03-30,417,404,75,186,27,14,87,1,25,29,1
2018-03-31,402,370,81,224,22,24,63,1,13,30,2
2018-04-01,412,316,45,230,15,45,75,2,14,24,4
2018-04-02,397,365,45,166,16,14,101,1,20,29,3
2018-04-03,362,305,64,161,24,10,86,1,17,31,1
2018-04-04,405,368,61,166,28,18,84,1,9,40,2
2018-04-05,343,386,83,154,31,15,63,0,19,33,2
2018-04-06,360,405,81,186,21,25,91,0,16,48,0
2018-04-07,356,380,85,225,22,24,73,1,12,20,3
2018-04-08,350,308,50,203,14,20,72,0,12,27,3
2018-04-09,372,358,35,182,20,20,73,1,9,24,2
2018-04-10,434,370,82,166,28,24,96,0,8,36,0
2018-04-11,389,385,80,166,24,19,88,0,21,39,2
2018-04-12,461,413,75,185,27,19,92,0,21,40,0
2018-04-13,490,427,71,245,26,23,108,3,21,36,3
2018-04-14,446,388,107,271,21,22,76,0,23,22,0
2018-04-15,406,320,63,228,11,24,63,0,15,20,3
2018-04-16,331,420,27,164,19,24,77,0,8,29,4
2018-04-17,384,392,64,183,32,23,90,2,15,29,0
2018-04-18,415,411,80,210,28,17,93,1,12,33,1
2018-04-19,366,405,58,181,26,22,89,0,22,33,1
2018-04-20,391,430,92,177,23,20,78,0,24,40,0
2018-04-21,384,349,80,230,14,14,81,1,19,33,3
2018-04-22,378,381,73,236,17,22,81,2,20,26,3
2018-04-23,418,428,39,181,25,28,96,2,16,26,4
2018-04-24,390,417,64,189,20,25,96,2,23,28,0
2018-04-25,442,356,76,160,25,16,77,0,25,36,1
2018-04-26,403,422,58,220,23,24,98,2,18,25,5
2018-04-27,433,441,69,206,18,22,83,1,20,40,1
2018-04-28,387,360,69,230,13,19,72,1,14,28,6
2018-04-29,360,352,66,218,14,25,95,0,18,27,0
2018-04-30,414,422,32,188,19,21,102,0,13,41,2
2018-05-01,468,438,65,209,22,43,88,3,15,30,1
2018-05-02,467,412,102,236,28,23,104,1,19,20,2
2018-05-03,447,400,59,216,27,34,99,0,27,18,2
2018-05-04,461,410,81,231,20,21,99,3,14,38,1
2018-05-05,417,403,86,282,16,24,78,1,27,26,0
2018-05-06,397,357,68,281,11,31,74,1,13,26,0
2018-05-07,394,420,35,215,13,32,80,1,10,36,1
2018-05-08,441,392,56,189,26,20,73,0,18,28,3
2018-05-09,464,405,51,197,13,24,97,3,20,27,2
2018-05-10,481,397,62,187,29,25,84,2,18,35,3
2018-05-11,502,426,88,215,22,19,98,1,14,41,3
2018-05-12,349,393,73,218,15,36,55,1,33,28,0
2018-05-13,325,305,59,239,6,18,64,3,19,28,2
2018-05-14,422,433,45,199,18,20,75,0,17,25,4
2018-05-15,372,401,41,178,14,22,94,1,19,32,0
2018-05-16,445,396,52,163,20,29,81,2,13,32,2
2018-05-17,435,438,63,216,22,16,94,0,21,38,3
2018-05-18,452,442,51,224,25,19,93,1,8,46,0
2018-05-19,356,369,38,200,18,17,65,1,18,26,4
2018-05-20,418,379,56,282,16,14,72,1,17,19,4
2018-05-21,419,403,32,233,17,28,84,0,28,26,1
2018-05-22,407,394,37,168,11,22,88,0,15,25,0
2018-05-23,483,372,73,210,33,28,86,2,12,27,0
2018-05-24,457,397,44,224,29,21,85,1,17,31,0
2018-05-25,474,444,71,256,29,31,79,1,29,41,0
2018-05-26,399,400,63,243,17,23,79,1,21,36,4
2018-05-27,331,361,52,260,12,15,65,0,22,28,4
2018-05-28,383,363,48,228,5,20,66,1,13,26,4
2018-05-29,447,474,58,200,17,22,93,1,22,29,1
2018-05-30,505,411,44,207,22,16,81,1,14,23,1
2018-05-31,472,417,44,181,12,31,73,0,21,44,1
2018-06-01,468,423,60,214,24,36,91,0,17,39,1
2018-06-02,436,377,63,268,8,26,72,1,23,35,0
2018-06-03,371,328,45,230,6,19,67,1,11,25,1
2018-06-04,415,399,25,198,16,16,73,0,14,22,1
2018-06-05,441,410,33,209,26,22,83,0,15,34,2
2018-06-06,426,380,60,195,18,19,86,1,17,29,4
2018-06-07,377,436,62,190,28,20,81,1,25,22,2
2018-06-08,396,427,47,239,17,24,70,0,17,30,0
2018-06-09,427,392,68,278,15,16,83,5,19,32,0
2018-06-10,358,346,44,231,14,12,62,1,16,29,1
2018-06-11,406,406,38,186,20,20,75,2,14,27,1
2018-06-12,422,392,43,201,25,15,83,2,22,24,2
2018-06-13,459,383,53,188,21,18,73,2,24,35,0
2018-06-14,441,432,51,197,22,22,69,0,10,39,2
2018-06-15,443,417,47,207,15,21,91,0,29,39,2
2018-06-16,391,394,66,289,17,16,73,0,11,32,2
2018-06-17,412,364,36,306,10,21,78,1,12,28,1
2018-06-18,367,430,26,268,20,24,86,0,10,47,4
2018-06-19,371,419,41,196,17,14,93,1,14,32,0
2018-06-20,451,401,49,247,21,32,83,1,21,36,0
2018-06-21,415,375,40,229,19,28,81,3,20,24,2
2018-06-22,428,438,46,192,18,21,75,0,20,34,0
2018-06-23,384,394,59,212,25,15,60,1,15,29,1
2018-06-24,397,353,38,248,13,20,67,3,14,20,1
2018-06-25,358,375,20,184,15,20,83,0,20,26,1
2018-06-26,377,344,26,214,19,19,68,0,18,36,1
2018-06-27,355,402,44,173,18,22,66,0,22,30,2
2018-06-28,368,327,69,147,17,15,52,2,16,32,0
2018-06-29,390,350,47,151,18,11,64,0,17,24,1
2018-06-30,284,240,61,206,8,11,40,3,10,9,1
