Occurred Date,AGGRAVATED ASSAULT,DRUG OFFENSE,MURDER AND NON-NEGLIGENT MANSLAUGHTER,RAPE,MISC,BURGLARY,LARCENY-THEFT,MOTOR VEHICLE THEFT,ARSON
2015-01-01,10,4,0,8,45,26,54,13,0
2015-01-02,2,5,0,3,35,15,28,16,0
2015-01-03,1,4,0,2,39,19,27,9,0
2015-01-04,5,3,0,2,45,14,27,15,0
2015-01-05,0,5,0,1,56,18,30,11,0
2015-01-06,0,4,0,2,46,22,38,21,0
2015-01-07,2,2,0,1,65,18,40,9,0
2015-01-08,4,4,0,0,38,27,36,9,0
2015-01-09,2,3,0,1,42,19,36,12,0
2015-01-10,5,0,0,3,74,13,43,7,0
2015-01-11,9,2,0,0,38,8,37,10,0
2015-01-12,2,4,0,1,44,16,34,9,0
2015-01-13,10,2,0,1,36,13,39,9,0
2015-01-14,5,2,0,3,47,22,35,17,0
2015-01-15,3,4,0,1,58,21,51,11,0
2015-01-16,5,1,0,6,41,20,35,12,0
2015-01-17,7,1,0,1,61,22,36,14,0
2015-01-18,6,0,0,1,49,23,47,9,0
2015-01-19,8,0,0,0,54,12,38,17,0
2015-01-20,4,7,0,1,34,23,47,8,1
2015-01-21,8,3,0,0,61,19,40,14,0
2015-01-22,5,5,0,2,48,21,28,10,0
2015-01-23,5,1,0,0,57,20,40,15,1
2015-01-24,6,2,0,0,43,10,36,18,0
2015-01-25,11,1,0,2,55,15,31,16,1
2015-01-26,3,3,0,1,37,11,37,18,0
2015-01-27,4,0,0,5,47,18,39,10,1
2015-01-28,7,12,0,4,44,8,41,8,1
2015-01-29,1,4,0,2,46,25,40,7,0
2015-01-30,5,4,0,1,62,13,49,9,0
2015-01-31,6,2,0,3,45,19,43,18,0
2015-02-01,14,3,0,0,76,17,46,8,0
2015-02-02,5,5,0,1,30,17,29,10,0
2015-02-03,2,12,0,1,37,20,37,12,0
2015-02-04,5,4,0,5,49,13,33,10,0
2015-02-05,3,3,0,3,31,19,48,22,0
2015-02-06,4,3,0,1,36,16,33,16,0
2015-02-07,4,4,0,2,42,16,34,8,0
2015-02-08,10,2,0,1,54,9,32,14,0
2015-02-09,2,5,0,1,43,15,33,12,0
2015-02-10,6,11,0,2,63,15,46,10,0
2015-02-11,5,3,0,2,36,17,33,11,0
2015-02-12,10,19,0,1,49,16,37,9,1
2015-02-13,6,3,0,1,38,21,48,10,0
2015-02-14,4,2,1,0,39,21,37,9,0
2015-02-15,8,6,1,4,80,16,37,7,0
2015-02-16,5,2,0,2,38,16,29,14,0
2015-02-17,4,8,0,2,43,15,36,9,0
2015-02-18,7,1,0,1,28,16,30,6,0
2015-02-19,5,6,0,0,46,19,51,5,1
2015-02-20,3,4,0,3,47,15,54,20,1
2015-02-21,7,2,0,2,56,13,42,8,0
2015-02-22,7,1,0,1,38,12,38,10,0
2015-02-23,6,2,0,1,40,24,45,10,0
2015-02-24,9,5,0,1,33,26,39,7,0
2015-02-25,6,4,0,0,37,13,41,8,1
2015-02-26,7,14,0,2,45,17,34,6,1
2015-02-27,1,11,0,4,51,25,42,13,0
2015-02-28,9,5,0,2,50,15,40,12,0
2015-03-01,12,1,0,3,45,23,28,4,0
2015-03-02,4,9,0,1,48,17,28,12,0
2015-03-03,5,3,0,1,30,15,36,14,0
2015-03-04,4,3,0,3,35,22,37,14,0
2015-03-05,4,6,0,1,47,18,47,16,0
2015-03-06,5,1,0,2,44,13,40,9,0
2015-03-07,8,1,0,1,59,9,34,13,1
2015-03-08,5,1,1,0,43,13,37,17,0
2015-03-09,5,3,0,3,33,16,38,8,1
2015-03-10,9,17,0,2,32,23,35,7,0
2015-03-11,4,6,0,1,35,19,44,10,0
2015-03-12,9,16,0,1,37,21,32,8,0
2015-03-13,5,4,0,4,44,29,47,10,0
2015-03-14,5,2,1,2,40,26,44,17,0
2015-03-15,3,3,1,1,33,22,33,10,0
2015-03-16,5,3,0,1,43,14,34,14,0
2015-03-17,6,2,0,2,36,23,41,11,0
2015-03-18,4,4,0,1,42,16,46,13,2
2015-03-19,1,16,1,3,47,19,48,10,0
2015-03-20,5,1,0,3,50,19,41,6,0
2015-03-21,2,4,0,0,63,18,34,11,0
2015-03-22,3,2,0,1,59,15,33,12,0
2015-03-23,3,0,0,1,41,16,35,15,0
2015-03-24,2,2,0,0,44,26,44,14,0
2015-03-25,3,3,0,1,46,25,42,10,0
2015-03-26,4,3,0,1,55,11,40,9,0
2015-03-27,1,2,0,2,53,24,51,14,0
2015-03-28,7,4,0,1,48,21,36,11,0
2015-03-29,6,0,0,2,36,18,31,13,0
2015-03-30,2,3,0,6,49,18,37,7,0
2015-03-31,4,5,0,1,53,27,43,13,0
2015-04-01,6,6,0,5,37,25,49,11,0
2015-04-02,2,7,0,1,47,18,28,4,0
2015-04-03,6,5,0,1,56,22,48,7,0
2015-04-04,5,1,0,3,41,15,45,9,0
2015-04-05,7,6,0,2,64,14,24,8,0
2015-04-06,5,1,0,0,33,10,32,9,0
2015-04-07,2,3,0,1,40,23,37,12,1
2015-04-08,8,3,0,1,39,25,38,13,0
2015-04-09,5,1,0,2,36,22,42,8,1
2015-04-10,2,0,0,2,82,20,43,14,0
2015-04-11,6,1,0,3,47,17,48,11,0
2015-04-12,8,0,0,4,52,13,35,13,0
2015-04-13,6,0,0,3,35,29,38,8,0
2015-04-14,2,3,0,2,38,17,47,14,0
2015-04-15,3,0,0,3,32,19,41,8,0
2015-04-16,8,1,0,1,44,19,39,10,0
2015-04-17,3,2,0,0,59,22,45,20,0
2015-04-18,5,4,0,1,46,22,44,12,0
2015-04-19,12,1,0,3,41,19,32,10,1
2015-04-20,4,1,0,3,49,28,47,11,1
2015-04-21,6,2,0,0,51,16,29,8,0
2015-04-22,5,13,0,4,60,19,36,13,0
2015-04-23,5,5,0,1,50,22,29,18,0
2015-04-24,0,2,0,4,39,23,30,13,0
2015-04-25,4,1,0,3,50,20,40,10,0
2015-04-26,5,0,0,4,38,14,30,8,0
2015-04-27,4,2,0,0,55,26,30,15,0
2015-04-28,1,2,0,2,59,14,33,18,0
2015-04-29,8,0,0,1,51,24,26,10,1
2015-04-30,8,0,1,2,41,24,43,13,0
2015-05-01,7,0,0,3,52,41,33,13,0
2015-05-02,8,1,0,2,43,21,26,10,1
2015-05-03,6,1,0,3,46,13,35,8,0
2015-05-04,3,2,0,1,39,20,38,7,0
2015-05-05,4,1,0,2,48,21,39,9,0
2015-05-06,6,4,0,2,33,26,39,11,0
2015-05-07,7,4,0,0,43,30,39,11,0
2015-05-08,5,3,0,4,45,24,52,9,0
2015-05-09,5,2,0,3,58,23,36,8,0
2015-05-10,10,3,0,1,38,16,31,12,0
2015-05-11,2,5,0,2,51,25,45,7,0
2015-05-12,2,4,0,2,50,28,30,10,0
2015-05-13,6,3,0,0,61,24,35,9,1
2015-05-14,6,2,0,2,48,23,48,6,0
2015-05-15,5,2,0,3,69,24,53,16,0
2015-05-16,6,0,0,3,48,16,42,17,0
2015-05-17,4,1,0,3,58,15,29,16,0
2015-05-18,2,1,0,5,33,18,42,7,1
2015-05-19,4,1,0,1,51,23,33,12,1
2015-05-20,7,0,0,2,46,18,36,7,0
2015-05-21,2,3,0,6,66,27,49,8,2
2015-05-22,6,2,0,4,30,27,52,16,0
2015-05-23,12,3,0,2,49,28,31,14,0
2015-05-24,5,2,0,2,51,19,39,4,0
2015-05-25,7,4,0,0,59,22,26,4,0
2015-05-26,8,3,0,3,47,20,46,14,0
2015-05-27,3,4,0,2,53,16,49,2,0
2015-05-28,5,3,0,1,34,13,46,5,0
2015-05-29,8,2,0,2,52,28,42,12,0
2015-05-30,7,0,0,1,52,24,47,12,1
2015-05-31,8,2,0,1,43,23,36,9,0
2015-06-01,7,7,0,2,46,33,40,6,0
2015-06-02,3,4,0,2,48,20,28,9,0
2015-06-03,5,5,0,0,36,13,28,8,1
2015-06-04,6,5,0,3,49,22,46,10,1
2015-06-05,4,2,0,2,36,24,33,9,1
2015-06-06,5,2,0,2,37,21,33,9,0
2015-06-07,6,1,0,4,47,29,34,7,0
2015-06-08,5,5,0,2,47,22,50,10,0
2015-06-09,18,4,0,8,54,22,42,9,0
2015-06-10,4,1,0,2,43,22,43,8,0
2015-06-11,7,6,0,3,51,24,35,8,2
2015-06-12,8,2,0,2,50,28,38,10,0
2015-06-13,6,2,0,5,56,22,37,17,0
2015-06-14,2,2,0,3,64,20,29,12,1
2015-06-15,3,4,0,2,63,22,49,13,1
2015-06-16,3,2,0,4,59,16,35,11,0
2015-06-17,4,2,0,0,55,26,48,13,0
2015-06-18,2,6,0,2,46,20,42,16,0
2015-06-19,8,2,1,2,48,31,38,13,0
2015-06-20,12,3,0,4,41,29,44,14,0
2015-06-21,12,1,0,0,47,25,30,10,0
2015-06-22,5,2,0,0,39,20,42,7,0
2015-06-23,13,6,0,5,42,29,54,2,0
2015-06-24,8,3,0,1,41,17,39,12,0
2015-06-25,4,4,0,2,45,19,40,15,0
2015-06-26,8,1,0,3,42,26,41,17,0
2015-06-27,7,2,1,5,65,21,44,7,0
2015-06-28,9,1,0,1,48,18,37,11,1
2015-06-29,7,4,0,2,42,25,53,12,1
2015-06-30,3,4,0,2,49,27,35,5,0
2015-07-01,7,2,0,3,44,28,39,13,0
2015-07-02,5,2,1,2,29,27,50,9,0
2015-07-03,6,3,0,2,40,26,51,10,1
2015-07-04,13,0,0,2,38,27,45,4,0
2015-07-05,7,2,1,1,36,14,36,10,1
2015-07-06,7,5,0,1,40,15,52,10,0
2015-07-07,5,9,0,2,36,15,40,8,0
2015-07-08,8,5,0,1,48,19,31,6,1
2015-07-09,3,6,0,3,60,18,39,10,0
2015-07-10,6,3,0,2,58,20,48,3,0
2015-07-11,6,1,0,2,47,19,40,10,0
2015-07-12,13,3,0,4,58,12,40,7,0
2015-07-13,3,1,0,3,40,29,41,8,1
2015-07-14,8,5,0,1,30,17,37,10,0
2015-07-15,7,6,0,4,57,26,40,7,0
2015-07-16,6,1,0,2,41,16,35,6,0
2015-07-17,6,3,0,2,64,20,49,8,0
2015-07-18,5,3,0,1,51,20,46,6,3
2015-07-19,8,1,0,1,40,20,43,4,0
2015-07-20,8,4,0,2,43,21,41,5,0
2015-07-21,8,3,0,4,39,23,42,9,0
2015-07-22,5,3,0,1,48,16,38,7,0
2015-07-23,0,2,1,0,54,27,31,9,0
2015-07-24,10,2,0,3,66,25,47,10,0
2015-07-25,9,1,0,2,55,23,45,12,2
2015-07-26,4,1,0,1,55,18,32,8,0
2015-07-27,2,5,0,1,46,17,36,12,1
2015-07-28,5,1,0,4,41,26,51,13,0
2015-07-29,5,4,0,2,44,20,37,10,0
2015-07-30,11,1,0,2,43,21,38,4,0
2015-07-31,5,1,1,3,60,27,32,16,0
2015-08-01,9,2,0,2,29,26,41,6,1
2015-08-02,5,1,0,4,55,16,35,15,1
2015-08-03,4,2,0,1,45,17,32,10,0
2015-08-04,4,1,0,1,34,20,43,5,0
2015-08-05,9,4,0,1,63,22,57,7,0
2015-08-06,5,2,0,3,46,13,38,12,1
2015-08-07,7,3,0,0,48,20,41,8,1
2015-08-08,6,1,0,1,54,23,53,10,0
2015-08-09,9,1,0,2,33,18,35,14,0
2015-08-10,5,7,0,1,50,16,32,9,0
2015-08-11,5,7,0,1,47,19,49,8,0
2015-08-12,9,2,0,1,57,19,44,8,3
2015-08-13,6,1,1,2,52,32,35,9,0
2015-08-14,6,1,0,2,64,27,35,10,0
2015-08-15,6,0,0,3,67,22,45,6,0
2015-08-16,8,2,1,4,45,11,32,9,0
2015-08-17,4,3,0,1,71,27,39,9,0
2015-08-18,10,5,0,2,41,17,28,7,0
2015-08-19,9,9,0,1,44,30,50,6,0
2015-08-20,7,3,0,1,60,24,38,7,0
2015-08-21,3,2,0,2,52,21,39,9,1
2015-08-22,9,0,1,0,46,19,39,5,0
2015-08-23,5,4,0,1,34,21,31,14,0
2015-08-24,6,5,1,1,47,19,33,9,1
2015-08-25,11,2,0,4,43,12,32,5,0
2015-08-26,9,4,0,0,48,15,36,5,0
2015-08-27,7,3,0,1,37,20,55,9,0
2015-08-28,7,3,0,2,69,24,43,15,2
2015-08-29,6,0,0,1,60,15,30,8,0
2015-08-30,11,5,0,1,67,20,28,4,2
2015-08-31,7,0,0,0,54,26,43,10,0
2015-09-01,8,4,0,5,62,24,53,4,0
2015-09-02,3,1,0,1,53,27,32,9,0
2015-09-03,6,2,0,1,73,17,32,9,0
2015-09-04,5,5,0,4,57,33,39,9,1
2015-09-05,5,3,0,1,54,27,47,13,0
2015-09-06,4,3,0,2,49,21,29,12,0
2015-09-07,7,2,0,3,57,13,28,14,0
2015-09-08,4,0,0,3,52,18,43,8,0
2015-09-09,5,5,0,1,38,17,36,11,0
2015-09-10,8,4,0,2,56,13,35,15,0
2015-09-11,9,2,0,3,44,25,45,6,0
2015-09-12,2,1,0,2,64,17,37,10,0
2015-09-13,3,2,0,4,45,14,31,11,1
2015-09-14,9,1,0,5,52,19,43,8,1
2015-09-15,3,9,0,2,50,24,47,14,1
2015-09-16,8,6,0,1,57,19,38,3,0
2015-09-17,3,3,0,1,52,24,35,8,0
2015-09-18,6,7,0,2,45,14,51,8,0
2015-09-19,5,0,0,4,49,21,38,13,0
2015-09-20,5,1,0,2,47,20,34,9,0
2015-09-21,5,2,0,1,49,13,47,13,0
2015-09-22,7,0,0,0,53,22,42,8,0
2015-09-23,4,1,0,1,52,18,51,11,0
2015-09-24,6,4,0,3,62,24,36,7,0
2015-09-25,5,5,0,3,57,19,42,11,0
2015-09-26,5,0,1,3,57,28,45,11,0
2015-09-27,8,0,1,2,52,18,28,7,0
2015-09-28,3,5,0,0,48,20,44,11,1
2015-09-29,6,5,0,5,46,15,38,11,0
2015-09-30,9,5,0,5,48,18,47,18,0
2015-10-01,4,4,0,6,68,28,43,8,0
2015-10-02,6,1,0,2,76,23,36,13,0
2015-10-03,2,3,0,1,51,21,33,8,1
2015-10-04,11,3,0,1,29,14,26,8,1
2015-10-05,5,1,0,1,51,20,31,10,0
2015-10-06,6,4,0,2,48,27,37,8,0
2015-10-07,6,3,0,0,40,20,44,8,1
2015-10-08,8,4,0,0,53,20,39,13,0
2015-10-09,1,0,1,1,51,20,47,12,0
2015-10-10,7,4,0,0,54,31,38,5,0
2015-10-11,2,3,1,5,45,11,29,8,0
2015-10-12,5,2,0,5,62,23,36,9,3
2015-10-13,6,5,0,1,46,17,35,4,0
2015-10-14,4,5,0,1,47,23,37,13,0
2015-10-15,9,9,0,1,54,23,39,6,1
2015-10-16,6,2,0,0,70,23,43,11,0
2015-10-17,2,2,0,4,52,12,32,10,0
2015-10-18,3,3,0,1,68,12,37,8,1
2015-10-19,6,2,0,1,69,30,31,6,1
2015-10-20,4,3,0,5,40,28,35,6,1
2015-10-21,4,1,0,8,63,14,38,11,0
2015-10-22,9,1,0,2,56,27,42,16,0
2015-10-23,7,7,0,3,70,21,48,13,0
2015-10-24,4,3,1,3,45,23,43,14,0
2015-10-25,5,1,0,1,59,19,35,14,1
2015-10-26,5,1,0,2,67,15,38,18,0
2015-10-27,5,6,0,2,54,25,34,13,0
2015-10-28,5,3,0,1,56,30,43,9,0
2015-10-29,6,7,0,5,59,20,45,6,0
2015-10-30,4,2,0,1,76,29,31,14,0
2015-10-31,5,2,0,0,75,22,34,14,3
2015-11-01,9,1,0,8,72,21,42,10,0
2015-11-02,3,6,0,0,58,22,33,9,0
2015-11-03,5,2,0,2,61,21,41,7,1
2015-11-04,9,6,0,0,66,22,47,11,0
2015-11-05,7,3,0,0,59,23,41,8,0
2015-11-06,4,6,0,1,70,16,42,8,0
2015-11-07,6,2,0,1,65,20,34,14,0
2015-11-08,3,2,0,2,54,28,30,6,0
2015-11-09,5,4,0,2,64,20,24,9,0
2015-11-10,7,5,0,0,41,18,33,8,0
2015-11-11,4,1,0,3,56,15,29,1,0
2015-11-12,6,5,0,2,50,28,29,13,0
2015-11-13,5,1,0,2,54,32,35,10,0
2015-11-14,2,0,0,4,48,19,29,8,0
2015-11-15,10,2,0,2,52,22,34,8,1
2015-11-16,7,3,0,1,60,30,33,6,1
2015-11-17,9,5,0,1,40,23,43,9,0
2015-11-18,1,2,0,1,65,29,36,10,0
2015-11-19,9,6,0,3,58,27,39,8,0
2015-11-20,4,3,0,5,68,25,41,3,0
2015-11-21,4,2,0,2,59,21,33,3,0
2015-11-22,12,0,0,2,74,18,34,8,1
2015-11-23,7,3,0,4,61,26,34,16,0
2015-11-24,5,2,0,1,74,27,44,7,0
2015-11-25,6,2,0,1,79,26,55,13,0
2015-11-26,4,2,0,1,40,24,22,13,0
2015-11-27,2,0,0,3,43,18,37,9,0
2015-11-28,8,2,0,2,56,16,35,7,0
2015-11-29,3,1,0,3,62,22,30,16,1
2015-11-30,6,3,0,1,54,21,51,11,0
2015-12-01,8,2,0,2,57,27,65,23,0
2015-12-02,2,3,0,1,53,28,36,9,0
2015-12-03,3,7,0,0,53,23,48,14,0
2015-12-04,4,2,0,2,53,22,50,15,0
2015-12-05,3,2,0,3,42,15,37,15,0
2015-12-06,9,0,1,2,58,16,29,24,0
2015-12-07,7,1,0,0,43,30,45,14,0
2015-12-08,2,5,0,0,54,26,30,15,0
2015-12-09,4,2,0,1,45,27,45,8,0
2015-12-10,4,4,0,4,45,33,51,11,0
2015-12-11,7,5,0,4,63,22,39,20,0
2015-12-12,6,1,0,2,45,28,35,12,0
2015-12-13,8,0,1,0,56,17,35,14,0
2015-12-14,6,2,0,2,57,30,39,18,0
2015-12-15,6,1,0,2,62,24,45,14,0
2015-12-16,5,5,0,3,50,26,47,13,1
2015-12-17,4,3,0,2,56,21,37,15,1
2015-12-18,4,1,0,0,59,27,47,15,0
2015-12-19,8,3,0,2,52,15,44,14,0
2015-12-20,4,0,0,2,50,30,32,15,0
2015-12-21,7,2,0,2,53,23,38,10,0
2015-12-22,4,3,0,1,54,24,42,9,0
2015-12-23,8,4,0,0,57,19,47,7,0
2015-12-24,4,3,0,1,43,25,44,15,0
2015-12-25,4,1,0,1,39,21,16,6,2
2015-12-26,7,0,0,0,62,20,33,6,1
2015-12-27,5,2,0,0,36,13,30,12,1
2015-12-28,10,0,0,0,42,15,28,11,0
2015-12-29,4,4,0,1,42,17,43,11,0
2015-12-30,7,4,0,0,47,19,47,12,0
2015-12-31,5,4,0,1,39,24,38,15,0
2016-01-01,12,3,0,14,56,27,49,14,0
2016-01-02,7,4,0,0,70,10,35,10,1
2016-01-03,7,0,0,2,46,13,19,14,0
2016-01-04,7,6,0,5,49,15,28,10,0
2016-01-05,5,2,0,2,60,26,38,14,0
2016-01-06,5,8,0,3,54,19,27,16,1
2016-01-07,6,3,0,2,61,22,33,20,0
2016-01-08,9,3,0,0,49,28,40,10,0
2016-01-09,11,2,0,2,62,20,37,7,0
2016-01-10,5,3,1,2,54,20,19,8,0
2016-01-11,12,4,0,1,58,14,36,10,0
2016-01-12,3,0,0,2,47,19,40,9,0
2016-01-13,3,4,0,4,60,32,32,11,0
2016-01-14,10,5,0,0,63,19,44,10,0
2016-01-15,4,7,0,3,46,31,43,7,0
2016-01-16,7,4,0,2,49,25,35,15,0
2016-01-17,2,3,0,2,48,15,30,8,1
2016-01-18,1,2,0,2,66,25,35,17,0
2016-01-19,2,2,0,2,78,26,51,15,0
2016-01-20,4,1,0,1,79,29,54,17,1
2016-01-21,3,4,0,2,56,32,40,17,0
2016-01-22,9,5,0,2,53,25,39,9,0
2016-01-23,5,1,0,1,60,15,32,13,0
2016-01-24,6,2,0,2,61,21,36,13,0
2016-01-25,7,1,1,0,54,22,39,7,1
2016-01-26,7,2,1,2,53,27,42,8,0
2016-01-27,8,6,0,0,67,35,40,13,0
2016-01-28,1,3,0,5,66,28,47,19,1
2016-01-29,3,4,0,3,63,23,38,16,0
2016-01-30,4,2,0,1,46,18,43,10,1
2016-01-31,7,1,0,2,69,16,32,13,1
2016-02-01,5,5,0,4,55,32,35,6,0
2016-02-02,4,7,1,1,46,26,39,13,0
2016-02-03,5,3,0,6,58,28,34,10,0
2016-02-04,9,6,0,3,65,23,37,10,0
2016-02-05,6,3,0,3,65,41,40,13,0
2016-02-06,7,3,0,2,51,20,31,14,0
2016-02-07,8,0,0,3,63,12,25,12,0
2016-02-08,1,3,0,1,61,18,18,10,0
2016-02-09,7,6,0,2,58,17,32,15,2
2016-02-10,5,3,0,2,48,22,34,14,2
2016-02-11,4,3,0,0,71,30,40,11,1
2016-02-12,7,4,0,3,54,18,32,28,0
2016-02-13,6,5,0,2,64,20,30,13,0
2016-02-14,5,5,0,2,66,13,25,16,0
2016-02-15,6,2,0,1,60,16,30,8,0
2016-02-16,4,10,0,2,79,21,37,17,0
2016-02-17,9,6,0,1,49,13,40,10,0
2016-02-18,6,2,0,2,57,21,43,17,0
2016-02-19,4,7,0,1,71,18,45,11,0
2016-02-20,7,1,0,0,58,26,34,14,1
2016-02-21,9,2,0,1,56,16,36,7,1
2016-02-22,6,5,0,2,50,24,42,8,1
2016-02-23,3,4,0,0,58,24,34,13,0
2016-02-24,6,2,1,2,62,16,41,6,0
2016-02-25,3,2,0,1,64,29,47,13,0
2016-02-26,7,2,0,1,61,28,42,10,0
2016-02-27,6,4,0,0,54,24,39,9,0
2016-02-28,5,4,0,3,52,19,28,11,0
2016-02-29,4,0,1,1,45,27,36,6,0
2016-03-01,7,1,0,4,61,21,36,16,0
2016-03-02,5,4,0,1,51,20,40,15,0
2016-03-03,2,4,0,4,61,28,33,10,0
2016-03-04,2,6,0,5,49,23,33,13,0
2016-03-05,7,1,0,5,46,18,32,12,0
2016-03-06,8,2,0,2,39,17,34,14,0
2016-03-07,4,6,0,7,36,17,29,6,0
2016-03-08,3,5,0,1,37,22,36,7,0
2016-03-09,9,1,0,4,52,19,38,13,0
2016-03-10,8,4,0,2,53,20,28,6,0
2016-03-11,8,2,0,0,43,19,40,11,0
2016-03-12,4,2,0,2,46,14,30,7,0
2016-03-13,9,1,0,3,34,16,25,7,0
2016-03-14,10,4,0,3,41,24,30,12,0
2016-03-15,4,7,0,3,57,21,37,8,0
2016-03-16,7,2,0,3,45,11,28,10,0
2016-03-17,2,3,0,0,56,15,46,10,0
2016-03-18,5,1,0,2,54,31,35,7,0
2016-03-19,4,5,0,1,60,22,32,13,0
2016-03-20,6,0,1,0,51,17,35,6,0
2016-03-21,4,1,0,4,42,22,34,8,0
2016-03-22,7,4,0,2,49,22,36,10,1
2016-03-23,6,1,0,0,57,12,35,6,0
2016-03-24,4,3,0,2,65,23,42,12,0
2016-03-25,7,1,1,3,53,13,41,15,0
2016-03-26,6,4,0,0,60,11,47,12,0
2016-03-27,7,2,0,5,67,19,23,6,0
2016-03-28,4,6,0,0,34,13,24,10,0
2016-03-29,6,4,0,2,47,30,49,8,0
2016-03-30,4,2,1,2,48,22,48,13,0
2016-03-31,5,4,0,4,37,24,38,15,0
2016-04-01,2,6,0,5,58,38,44,7,0
2016-04-02,11,7,1,1,51,19,34,7,1
2016-04-03,3,3,0,3,44,20,19,6,0
2016-04-04,4,3,0,0,53,16,34,11,0
2016-04-05,6,9,0,3,64,18,24,9,0
2016-04-06,1,7,0,1,48,16,35,12,0
2016-04-07,5,1,1,1,57,18,43,12,0
2016-04-08,6,2,0,4,54,23,37,6,0
2016-04-09,4,2,0,2,45,15,42,8,0
2016-04-10,1,0,0,2,29,28,38,9,1
2016-04-11,6,2,0,2,46,20,30,11,0
2016-04-12,6,0,0,1,51,24,44,10,0
2016-04-13,4,5,0,0,50,21,37,8,0
2016-04-14,5,2,0,3,49,24,36,11,0
2016-04-15,6,4,0,7,59,22,50,7,0
2016-04-16,3,3,0,2,53,22,34,11,0
2016-04-17,3,2,0,1,46,23,37,12,0
2016-04-18,6,0,0,3,74,22,35,11,0
2016-04-19,5,4,0,1,44,20,31,10,0
2016-04-20,5,4,0,5,55,23,35,10,0
2016-04-21,8,1,0,2,55,18,37,13,0
2016-04-22,7,1,0,5,53,29,38,15,0
2016-04-23,8,1,0,4,56,25,39,8,0
2016-04-24,6,6,0,2,61,13,32,13,0
2016-04-25,5,2,0,2,42,31,27,7,1
2016-04-26,5,5,0,1,62,21,27,10,0
2016-04-27,5,2,0,6,54,10,35,9,0
2016-04-28,2,4,0,0,47,20,27,13,0
2016-04-29,5,1,0,4,59,19,54,4,0
2016-04-30,10,3,0,1,48,31,45,7,1
2016-05-01,9,1,0,8,48,15,32,21,2
2016-05-02,8,3,1,3,47,20,38,12,0
2016-05-03,4,5,0,1,47,17,41,16,0
2016-05-04,4,7,0,2,48,25,44,9,0
2016-05-05,5,1,0,2,44,22,41,9,0
2016-05-06,3,8,0,5,65,22,38,10,0
2016-05-07,6,2,0,1,49,19,46,13,0
2016-05-08,10,4,0,4,46,17,35,9,0
2016-05-09,6,3,0,3,49,20,43,7,0
2016-05-10,6,0,0,2,62,33,36,11,1
2016-05-11,3,3,0,1,51,20,32,6,1
2016-05-12,3,4,0,2,44,23,33,11,1
2016-05-13,8,3,0,6,40,25,40,9,1
2016-05-14,7,1,0,3,52,22,47,14,0
2016-05-15,7,1,0,1,58,17,37,12,1
2016-05-16,8,3,0,2,55,22,34,11,0
2016-05-17,5,4,0,1,47,24,44,4,1
2016-05-18,8,3,0,3,68,36,38,9,0
2016-05-19,3,4,0,1,52,23,39,7,0
2016-05-20,12,2,0,4,67,26,36,11,0
2016-05-21,9,4,0,1,61,24,57,8,0
2016-05-22,7,3,0,3,56,22,32,13,0
2016-05-23,2,4,0,0,64,15,30,7,0
2016-05-24,1,4,0,4,58,17,49,14,0
2016-05-25,4,1,0,4,76,22,46,7,1
2016-05-26,10,5,0,3,42,25,34,12,1
2016-05-27,5,4,0,5,67,33,45,12,0
2016-05-28,6,3,0,3,55,24,34,20,0
2016-05-29,7,2,0,5,55,13,38,11,0
2016-05-30,6,2,0,2,65,18,32,9,0
2016-05-31,6,7,0,0,55,20,51,8,0
2016-06-01,4,3,0,3,49,25,60,8,0
2016-06-02,5,6,1,2,52,19,42,10,0
2016-06-03,6,5,0,0,49,19,42,4,0
2016-06-04,8,0,0,2,48,19,39,8,0
2016-06-05,5,1,0,7,48,14,32,7,0
2016-06-06,8,4,0,2,46,17,29,6,2
2016-06-07,9,5,0,1,47,19,43,8,0
2016-06-08,1,1,0,4,47,18,40,8,2
2016-06-09,4,4,0,3,46,18,42,12,0
2016-06-10,5,5,0,2,54,18,42,13,0
2016-06-11,2,0,0,1,62,15,28,12,0
2016-06-12,7,0,0,3,53,16,27,10,2
2016-06-13,6,5,0,1,53,19,49,8,2
2016-06-14,2,2,0,1,55,13,41,11,0
2016-06-15,13,7,0,2,65,15,31,4,1
2016-06-16,6,4,0,5,48,25,34,10,2
2016-06-17,5,1,0,2,66,19,34,8,0
2016-06-18,9,5,0,2,55,18,51,14,3
2016-06-19,12,1,0,1,56,17,36,13,0
2016-06-20,7,3,0,6,44,22,39,12,2
2016-06-21,5,1,0,1,56,8,37,11,0
2016-06-22,8,2,0,3,53,19,49,7,0
2016-06-23,7,1,0,2,54,21,29,10,0
2016-06-24,5,4,0,3,48,25,43,11,0
2016-06-25,10,1,0,6,32,15,47,8,0
2016-06-26,6,1,0,1,43,16,32,12,1
2016-06-27,6,3,0,1,55,16,39,7,0
2016-06-28,5,4,0,0,55,21,48,11,1
2016-06-29,4,8,0,0,37,19,55,9,1
2016-06-30,7,2,0,1,46,26,38,15,1
2016-07-01,10,6,0,5,61,23,45,11,0
2016-07-02,4,7,0,0,61,18,39,10,0
2016-07-03,9,4,0,2,55,26,42,9,1
2016-07-04,4,3,0,0,51,20,42,8,0
2016-07-05,14,0,0,2,78,20,44,14,0
2016-07-06,6,8,0,0,67,20,47,10,0
2016-07-07,3,4,0,5,61,25,32,12,0
2016-07-08,7,1,0,1,77,18,38,15,0
2016-07-09,6,2,0,0,70,15,40,15,0
2016-07-10,7,2,0,3,70,16,40,6,0
2016-07-11,6,1,0,5,64,23,36,9,1
2016-07-12,8,5,0,2,52,27,42,10,1
2016-07-13,9,3,0,3,65,14,43,10,0
2016-07-14,5,5,0,0,51,12,37,13,1
2016-07-15,8,3,0,7,34,15,36,9,1
2016-07-16,7,2,0,3,40,14,46,6,0
2016-07-17,8,1,0,3,37,14,37,6,0
2016-07-18,5,3,0,0,27,14,27,8,0
2016-07-19,6,2,0,0,36,14,50,9,1
2016-07-20,7,7,0,2,52,20,50,8,1
2016-07-21,4,1,0,1,51,19,43,8,0
2016-07-22,7,3,0,0,57,19,50,11,1
2016-07-23,6,0,0,3,63,25,41,11,0
2016-07-24,4,2,1,0,60,15,43,9,0
2016-07-25,10,3,0,5,53,23,42,6,2
2016-07-26,5,6,0,3,37,17,29,6,2
2016-07-27,7,1,0,2,52,20,45,11,0
2016-07-28,2,3,0,2,53,19,46,7,0
2016-07-29,4,2,0,4,40,27,41,14,0
2016-07-30,7,4,0,2,37,13,44,11,1
2016-07-31,8,5,0,4,51,20,28,8,2
2016-08-01,4,4,1,1,58,22,46,10,2
2016-08-02,10,5,0,2,42,14,38,7,0
2016-08-03,7,1,0,1,42,20,44,8,2
2016-08-04,8,3,0,2,44,18,39,13,0
2016-08-05,8,6,0,3,45,12,39,9,0
2016-08-06,8,3,0,2,41,13,37,10,0
2016-08-07,8,5,0,6,43,9,40,14,0
2016-08-08,3,5,0,2,60,18,24,6,0
2016-08-09,3,1,0,0,42,15,36,10,0
2016-08-10,6,2,0,0,53,19,44,12,0
2016-08-11,9,8,0,4,44,18,46,11,1
2016-08-12,7,4,0,1,66,22,47,10,0
2016-08-13,1,4,0,4,39,16,50,9,1
2016-08-14,3,4,0,0,43,10,35,5,0
2016-08-15,7,3,0,3,56,21,39,18,0
2016-08-16,3,5,0,0,45,22,40,9,0
2016-08-17,4,8,0,1,57,11,36,10,0
2016-08-18,7,3,0,5,40,14,36,11,1
2016-08-19,7,3,0,1,38,15,40,17,1
2016-08-20,9,0,0,2,47,15,39,11,0
2016-08-21,8,0,0,3,59,15,39,11,0
2016-08-22,5,3,0,4,44,17,46,12,0
2016-08-23,4,1,0,1,45,25,57,16,0
2016-08-24,11,6,0,3,55,19,37,13,0
2016-08-25,9,4,0,4,35,22,48,11,0
2016-08-26,7,4,0,5,45,19,41,11,1
2016-08-27,10,1,0,0,68,19,31,14,0
2016-08-28,10,2,0,3,43,10,35,12,0
2016-08-29,10,1,0,5,36,21,42,13,0
2016-08-30,4,2,0,0,44,17,33,12,0
2016-08-31,4,3,0,1,44,21,40,10,0
2016-09-01,10,5,0,12,41,39,38,9,0
2016-09-02,7,2,0,2,51,24,43,9,0
2016-09-03,8,4,0,4,49,31,46,12,0
2016-09-04,9,3,0,1,45,17,40,15,0
2016-09-05,3,6,0,3,44,17,17,7,0
2016-09-06,5,7,0,4,50,24,30,10,0
2016-09-07,12,3,0,4,45,22,43,6,0
2016-09-08,3,5,0,4,48,26,34,8,1
2016-09-09,8,5,0,0,56,22,28,5,1
2016-09-10,6,3,0,1,45,21,38,14,0
2016-09-11,6,0,0,2,41,14,34,8,0
2016-09-12,10,5,0,1,41,14,33,12,0
2016-09-13,6,5,0,4,36,27,48,11,0
2016-09-14,7,2,0,1,44,28,33,10,0
2016-09-15,5,5,0,2,42,30,31,16,1
2016-09-16,4,3,0,2,66,29,37,14,0
2016-09-17,5,2,0,0,50,28,41,13,0
2016-09-18,10,1,0,5,44,16,33,12,0
2016-09-19,5,4,0,3,66,18,41,9,0
2016-09-20,3,3,0,2,51,22,45,9,1
2016-09-21,7,4,0,1,53,17,24,5,2
2016-09-22,3,6,0,2,58,17,30,8,0
2016-09-23,8,3,0,1,48,24,27,16,0
2016-09-24,4,1,0,5,65,21,44,9,0
2016-09-25,11,1,0,5,54,12,44,9,1
2016-09-26,9,2,0,1,43,21,41,13,1
2016-09-27,5,2,0,1,56,15,34,9,0
2016-09-28,5,8,0,4,63,23,46,11,0
2016-09-29,7,6,0,0,43,9,34,7,1
2016-09-30,4,4,0,2,61,14,39,12,0
2016-10-01,6,1,0,4,58,24,32,9,0
2016-10-02,5,2,1,0,60,8,40,10,1
2016-10-03,4,3,0,0,56,19,27,18,0
2016-10-04,4,3,0,4,62,20,43,7,0
2016-10-05,6,1,0,0,46,19,33,8,1
2016-10-06,5,5,0,3,39,20,28,9,0
2016-10-07,4,1,0,1,58,20,45,10,0
2016-10-08,7,1,0,5,62,29,39,15,0
2016-10-09,4,3,0,2,48,21,22,14,0
2016-10-10,0,4,0,4,61,18,36,8,0
2016-10-11,8,7,0,3,57,19,42,13,0
2016-10-12,5,3,0,3,43,21,28,9,0
2016-10-13,2,1,0,2,54,19,31,16,0
2016-10-14,6,0,0,1,50,36,37,15,0
2016-10-15,8,1,0,3,52,23,32,16,0
2016-10-16,10,2,0,1,55,26,43,15,0
2016-10-17,1,6,0,2,56,21,28,19,0
2016-10-18,12,5,0,0,50,19,44,13,1
2016-10-19,7,4,0,5,51,21,32,8,0
2016-10-20,5,5,0,1,54,11,61,5,0
2016-10-21,3,2,0,4,56,26,57,14,2
2016-10-22,6,1,0,2,61,13,41,19,0
2016-10-23,5,2,0,3,47,22,38,13,0
2016-10-24,5,1,0,3,56,20,28,20,0
2016-10-25,2,2,0,6,48,21,41,11,0
2016-10-26,5,2,0,1,58,15,32,12,0
2016-10-27,4,3,0,2,45,21,36,15,0
2016-10-28,6,1,0,6,69,31,42,12,0
2016-10-29,5,1,0,1,53,19,45,13,0
2016-10-30,7,2,0,2,49,26,37,7,1
2016-10-31,3,0,0,2,66,32,40,12,0
2016-11-01,9,2,0,5,71,19,35,10,0
2016-11-02,6,4,1,0,56,20,33,6,0
2016-11-03,7,2,0,3,49,22,30,11,0
2016-11-04,4,4,0,2,51,18,34,11,1
2016-11-05,7,0,0,4,56,26,33,9,0
2016-11-06,8,2,0,0,52,22,34,13,0
2016-11-07,3,3,0,2,67,25,42,10,0
2016-11-08,9,2,0,3,57,18,31,11,0
2016-11-09,10,4,0,2,48,9,56,13,1
2016-11-10,2,6,0,2,57,13,33,18,1
2016-11-11,7,8,0,1,66,27,31,17,0
2016-11-12,9,3,0,2,56,26,33,18,0
2016-11-13,8,1,1,3,67,18,26,15,1
2016-11-14,6,3,0,3,62,12,46,19,0
2016-11-15,8,2,0,3,64,20,50,13,0
2016-11-16,2,4,0,1,55,24,45,8,0
2016-11-17,4,2,0,2,48,18,40,18,0
2016-11-18,4,3,0,0,66,24,49,17,0
2016-11-19,8,1,0,0,58,13,53,20,0
2016-11-20,12,1,0,2,52,15,30,19,1
2016-11-21,6,3,0,1,51,20,35,18,0
2016-11-22,2,3,0,3,60,19,42,14,0
2016-11-23,6,4,0,1,54,29,49,20,0
2016-11-24,4,1,0,1,51,23,17,12,0
2016-11-25,8,1,0,0,62,25,51,16,0
2016-11-26,3,3,0,1,62,26,49,18,0
2016-11-27,6,2,0,2,50,13,30,20,0
2016-11-28,11,4,0,1,45,16,42,10,0
2016-11-29,4,8,0,1,66,22,36,13,0
2016-11-30,9,1,0,3,54,16,24,11,0
2016-12-01,1,0,0,5,69,23,42,12,0
2016-12-02,7,3,0,1,53,20,45,16,0
2016-12-03,1,1,0,2,63,24,43,16,0
2016-12-04,8,1,0,7,61,30,32,9,0
2016-12-05,7,6,0,3,59,19,44,18,0
2016-12-06,9,4,0,2,50,18,40,15,0
2016-12-07,2,6,0,2,57,12,36,11,1
2016-12-08,3,1,0,1,48,13,43,16,0
2016-12-09,10,3,0,2,51,25,37,8,0
2016-12-10,7,6,0,4,64,12,43,10,0
2016-12-11,9,3,0,1,51,19,25,5,0
2016-12-12,7,3,0,3,52,22,47,18,0
2016-12-13,8,2,0,1,50,22,62,12,0
2016-12-14,8,6,0,1,37,18,51,10,0
2016-12-15,4,4,1,5,68,28,46,9,0
2016-12-16,4,2,0,2,43,27,32,15,0
2016-12-17,5,7,0,1,39,16,49,9,0
2016-12-18,4,3,0,0,49,21,35,13,0
2016-12-19,9,1,0,4,58,26,47,13,0
2016-12-20,5,2,0,2,59,19,54,14,0
2016-12-21,5,2,0,2,43,23,45,10,0
2016-12-22,7,3,0,2,41,29,54,7,0
2016-12-23,1,1,0,1,63,27,31,15,0
2016-12-24,5,0,0,1,42,27,35,9,0
2016-12-25,4,0,0,5,31,21,15,6,0
2016-12-26,6,0,0,2,44,23,30,3,0
2016-12-27,5,3,0,0,42,21,49,11,0
2016-12-28,7,3,0,2,47,16,42,13,0
2016-12-29,5,2,0,0,55,29,36,4,0
2016-12-30,5,4,0,0,50,17,32,8,1
2016-12-31,15,1,0,1,45,31,30,6,0
2017-01-01,8,4,0,19,48,24,43,7,0
2017-01-02,5,6,0,1,42,23,40,7,2
2017-01-03,5,5,0,0,44,22,28,9,1
2017-01-04,5,6,0,1,44,26,34,11,0
2017-01-05,0,3,0,4,50,18,34,13,1
2017-01-06,4,3,0,1,62,21,41,17,0
2017-01-07,5,9,0,2,66,27,33,10,0
2017-01-08,5,4,0,3,71,15,33,13,1
2017-01-09,6,2,0,1,47,35,32,11,1
2017-01-10,3,4,0,1,50,18,27,11,0
2017-01-11,6,6,0,0,59,20,48,8,1
2017-01-12,5,3,0,0,54,23,29,7,0
2017-01-13,4,3,0,3,61,17,44,8,0
2017-01-14,6,4,0,3,67,13,30,10,0
2017-01-15,12,3,1,5,55,15,30,10,0
2017-01-16,6,4,0,1,66,21,35,13,1
2017-01-17,5,4,0,4,57,18,44,7,0
2017-01-18,3,2,0,2,69,23,27,7,0
2017-01-19,2,2,0,1,45,30,49,7,0
2017-01-20,12,1,0,1,68,19,32,10,1
2017-01-21,12,2,0,2,58,23,36,8,0
2017-01-22,8,5,0,2,58,14,23,8,0
2017-01-23,6,4,0,4,59,23,43,8,0
2017-01-24,4,1,0,2,67,32,35,8,0
2017-01-25,3,4,0,2,51,18,37,3,0
2017-01-26,6,3,0,1,67,19,47,13,1
2017-01-27,4,3,0,1,64,29,40,11,0
2017-01-28,10,4,0,4,62,25,42,15,0
2017-01-29,8,2,1,2,47,24,18,12,0
2017-01-30,3,1,0,0,49,16,41,15,0
2017-01-31,4,2,0,3,43,19,37,6,0
2017-02-01,5,3,0,4,56,28,35,5,0
2017-02-02,5,7,0,0,59,22,30,7,2
2017-02-03,3,5,0,2,39,26,30,13,0
2017-02-04,8,1,0,3,50,17,26,5,2
2017-02-05,11,2,0,2,54,21,27,7,0
2017-02-06,6,1,0,2,38,15,30,7,1
2017-02-07,5,1,0,1,44,20,34,6,0
2017-02-08,7,10,0,0,34,12,29,13,0
2017-02-09,2,4,0,2,61,16,27,14,0
2017-02-10,6,4,1,1,55,27,35,12,1
2017-02-11,6,2,0,0,54,19,45,7,2
2017-02-12,9,3,0,1,62,14,26,8,2
2017-02-13,6,3,0,2,47,22,51,8,0
2017-02-14,4,8,0,1,50,14,31,14,1
2017-02-15,1,4,0,2,53,16,32,15,3
2017-02-16,5,2,0,1,41,17,34,13,0
2017-02-17,7,1,0,3,62,17,42,14,0
2017-02-18,14,4,0,2,53,18,35,8,0
2017-02-19,7,2,0,2,49,12,37,7,1
2017-02-20,4,5,0,2,73,19,30,9,0
2017-02-21,4,5,0,2,53,13,34,12,1
2017-02-22,2,10,0,2,53,28,30,11,0
2017-02-23,3,1,0,3,42,10,39,12,0
2017-02-24,2,7,0,1,60,31,47,11,0
2017-02-25,8,2,0,4,51,19,39,12,0
2017-02-26,8,2,0,3,42,22,26,7,1
2017-02-27,4,2,0,2,52,21,37,5,2
2017-02-28,8,5,0,2,60,15,39,17,1
2017-03-01,5,1,0,3,59,19,43,12,0
2017-03-02,5,3,0,6,43,26,44,9,0
2017-03-03,6,6,0,3,51,24,34,8,1
2017-03-04,8,2,0,0,54,24,31,10,0
2017-03-05,8,2,0,4,63,15,31,13,1
2017-03-06,4,9,0,3,46,22,41,11,0
2017-03-07,4,4,0,1,80,20,31,8,0
2017-03-08,6,3,0,2,44,16,30,7,0
2017-03-09,6,5,0,2,48,19,36,9,0
2017-03-10,11,3,0,2,51,19,44,8,0
2017-03-11,14,0,0,2,44,15,39,9,2
2017-03-12,3,0,0,1,43,15,32,10,0
2017-03-13,4,1,0,4,55,17,47,6,0
2017-03-14,6,1,0,3,52,12,35,7,0
2017-03-15,3,2,0,1,51,18,52,8,0
2017-03-16,5,1,0,2,52,26,45,9,0
2017-03-17,7,2,0,3,78,26,42,15,1
2017-03-18,6,3,0,3,70,24,38,13,0
2017-03-19,4,1,0,0,73,10,27,6,1
2017-03-20,13,5,0,2,59,22,38,9,0
2017-03-21,7,4,0,3,64,24,39,15,0
2017-03-22,6,6,0,0,57,25,36,13,0
2017-03-23,5,2,0,3,56,21,33,6,0
2017-03-24,0,7,0,6,80,30,41,12,0
2017-03-25,6,3,0,0,73,29,51,12,1
2017-03-26,11,3,0,4,56,27,35,6,0
2017-03-27,4,3,0,4,68,20,36,7,0
2017-03-28,8,8,0,1,75,19,38,11,0
2017-03-29,7,9,0,2,69,16,44,9,0
2017-03-30,7,3,0,4,57,21,37,10,0
2017-03-31,6,3,0,5,80,16,31,5,2
2017-04-01,10,7,0,5,71,24,46,15,1
2017-04-02,9,2,0,2,62,15,33,5,1
2017-04-03,10,2,0,1,47,21,41,5,0
2017-04-04,4,2,0,0,59,19,37,9,0
2017-04-05,7,1,0,3,44,25,37,10,0
2017-04-06,5,2,0,2,61,23,40,5,0
2017-04-07,5,10,0,3,55,23,50,8,0
2017-04-08,0,6,0,1,44,27,30,6,1
2017-04-09,4,4,0,0,63,21,25,8,0
2017-04-10,2,4,0,4,77,19,37,14,1
2017-04-11,2,2,1,1,59,23,45,10,0
2017-04-12,3,3,0,2,53,22,25,5,0
2017-04-13,7,1,0,1,57,28,36,8,1
2017-04-14,5,1,0,3,56,31,45,7,0
2017-04-15,6,0,0,2,50,23,39,3,1
2017-04-16,8,1,0,2,53,11,18,7,1
2017-04-17,7,1,0,1,56,25,31,10,0
2017-04-18,6,5,0,3,60,16,38,6,0
2017-04-19,9,2,0,4,54,18,43,6,2
2017-04-20,6,0,0,1,42,20,35,6,0
2017-04-21,8,3,0,3,60,20,36,12,0
2017-04-22,7,2,0,2,52,14,41,6,0
2017-04-23,4,4,0,3,56,17,30,8,1
2017-04-24,4,4,0,1,61,14,37,11,0
2017-04-25,14,4,0,3,59,25,40,10,0
2017-04-26,10,3,0,3,58,24,30,8,0
2017-04-27,5,2,0,3,58,17,37,10,1
2017-04-28,7,5,1,1,49,22,48,8,0
2017-04-29,7,1,0,2,72,33,38,8,0
2017-04-30,3,1,0,2,53,19,33,5,1
2017-05-01,8,3,0,4,64,35,35,6,0
2017-05-02,3,9,0,2,54,19,37,6,0
2017-05-03,9,5,1,1,41,19,23,8,0
2017-05-04,9,5,0,0,50,23,35,10,1
2017-05-05,4,3,0,5,55,28,43,6,0
2017-05-06,9,2,0,2,49,29,36,11,1
2017-05-07,12,4,0,5,50,20,40,4,0
2017-05-08,8,4,0,2,54,25,36,3,0
2017-05-09,5,5,0,2,41,15,35,4,0
2017-05-10,8,3,0,5,35,22,37,9,0
2017-05-11,10,2,0,3,46,19,42,5,0
2017-05-12,5,2,0,5,47,23,40,10,1
2017-05-13,12,1,0,3,63,17,26,9,0
2017-05-14,7,4,0,1,64,20,27,4,0
2017-05-15,6,1,0,2,50,18,35,11,1
2017-05-16,5,4,0,3,57,16,41,14,0
2017-05-17,5,12,0,4,42,16,39,9,0
2017-05-18,6,4,0,2,47,16,44,8,0
2017-05-19,7,8,0,4,56,22,60,10,0
2017-05-20,14,2,0,1,60,25,52,7,1
2017-05-21,14,3,0,5,65,17,40,10,1
2017-05-22,6,3,0,3,37,19,41,10,0
2017-05-23,8,7,1,4,54,24,49,5,2
2017-05-24,4,2,0,3,56,27,48,8,0
2017-05-25,6,4,0,1,68,29,37,8,0
2017-05-26,8,9,0,1,101,24,40,9,0
2017-05-27,6,2,0,2,50,15,48,12,0
2017-05-28,9,2,0,4,51,14,41,9,0
2017-05-29,5,4,0,3,43,29,32,8,0
2017-05-30,5,6,0,2,35,13,39,9,0
2017-05-31,4,8,0,5,56,10,42,8,0
2017-06-01,10,8,0,5,62,28,45,7,1
2017-06-02,9,4,0,2,54,23,43,10,1
2017-06-03,6,1,0,5,46,15,30,5,0
2017-06-04,5,7,0,2,52,23,34,8,0
2017-06-05,5,5,1,2,50,19,38,4,0
2017-06-06,5,3,0,3,57,11,42,5,0
2017-06-07,8,10,0,1,58,21,31,4,1
2017-06-08,1,3,0,2,37,25,32,8,0
2017-06-09,5,3,1,2,64,25,42,16,0
2017-06-10,12,7,0,6,63,22,27,9,0
2017-06-11,6,4,0,2,43,12,31,15,0
2017-06-12,9,6,0,7,46,15,33,8,1
2017-06-13,7,12,0,4,50,10,34,6,1
2017-06-14,14,8,0,0,46,17,41,10,1
2017-06-15,7,10,0,3,54,24,35,10,0
2017-06-16,12,4,0,3,41,21,44,14,1
2017-06-17,6,4,0,3,48,19,49,4,0
2017-06-18,8,3,0,0,43,15,25,18,0
2017-06-19,6,9,0,3,57,17,39,9,0
2017-06-20,11,3,0,0,42,21,56,9,0
2017-06-21,13,3,0,1,28,29,28,10,2
2017-06-22,3,4,0,3,46,10,52,7,0
2017-06-23,5,1,1,3,54,18,53,12,0
2017-06-24,13,4,0,0,53,23,40,8,3
2017-06-25,8,2,0,4,72,18,38,9,1
2017-06-26,8,1,0,2,87,17,44,12,1
2017-06-27,9,2,0,3,86,20,41,14,2
2017-06-28,13,3,0,1,67,14,44,9,0
2017-06-29,4,2,0,2,61,27,48,11,0
2017-06-30,6,2,0,0,72,14,37,4,0
2017-07-01,11,19,1,5,84,31,44,4,0
2017-07-02,7,3,1,2,64,15,34,12,0
2017-07-03,9,5,0,3,52,11,43,9,1
2017-07-04,9,3,0,2,59,25,31,10,1
2017-07-05,6,4,0,1,48,26,38,12,0
2017-07-06,9,5,0,2,41,17,49,8,0
2017-07-07,10,6,0,1,48,12,50,16,0
2017-07-08,14,3,0,3,66,19,52,14,1
2017-07-09,10,3,1,2,48,23,35,7,2
2017-07-10,4,7,0,4,62,17,35,7,0
2017-07-11,8,5,0,1,42,15,33,7,1
2017-07-12,4,3,0,3,44,15,35,12,0
2017-07-13,4,3,0,3,51,19,41,14,0
2017-07-14,6,4,1,3,47,28,47,13,1
2017-07-15,9,1,0,2,53,23,49,11,0
2017-07-16,12,3,0,2,75,15,53,9,2
2017-07-17,7,3,0,5,48,21,51,15,1
2017-07-18,8,3,0,4,65,22,40,4,1
2017-07-19,11,3,0,1,57,21,45,8,1
2017-07-20,5,13,0,1,44,25,32,17,2
2017-07-21,6,1,0,3,50,19,41,14,0
2017-07-22,11,6,0,1,54,18,39,9,2
2017-07-23,6,1,0,2,55,19,41,15,2
2017-07-24,9,1,1,4,46,26,43,16,2
2017-07-25,8,7,0,4,49,22,59,15,1
2017-07-26,6,4,0,1,53,28,47,8,0
2017-07-27,6,2,0,3,46,25,46,10,1
2017-07-28,8,6,0,0,47,21,41,10,0
2017-07-29,10,1,0,4,57,19,48,16,1
2017-07-30,9,3,0,1,76,15,36,10,0
2017-07-31,12,5,0,4,61,20,46,11,0
2017-08-01,9,8,0,6,48,28,43,12,1
2017-08-02,11,5,0,1,62,28,43,8,0
2017-08-03,8,9,0,0,56,22,52,7,1
2017-08-04,5,4,0,4,54,19,43,14,0
2017-08-05,7,4,0,1,68,23,52,12,0
2017-08-06,10,4,0,2,62,25,38,4,0
2017-08-07,7,5,0,0,46,20,40,16,0
2017-08-08,7,5,0,4,39,11,49,11,1
2017-08-09,10,3,0,1,49,25,39,11,0
2017-08-10,11,4,0,4,56,23,50,10,0
2017-08-11,6,9,0,0,50,18,41,10,1
2017-08-12,9,5,1,2,59,21,48,11,0
2017-08-13,4,1,0,3,55,17,38,18,0
2017-08-14,12,4,0,2,58,13,38,11,1
2017-08-15,7,7,0,2,49,19,55,10,2
2017-08-16,9,4,0,3,48,15,44,17,1
2017-08-17,6,4,0,3,58,24,39,14,0
2017-08-18,9,5,0,2,61,23,37,11,0
2017-08-19,11,3,1,2,62,23,50,11,0
2017-08-20,4,3,0,2,47,16,39,16,0
2017-08-21,9,5,0,3,56,26,50,18,0
2017-08-22,11,5,1,3,47,20,42,10,2
2017-08-23,2,1,0,1,47,23,41,17,0
2017-08-24,6,9,0,3,55,25,36,12,0
2017-08-25,7,4,0,5,67,21,38,12,0
2017-08-26,11,3,0,3,53,25,48,9,0
2017-08-27,9,2,0,0,50,23,35,10,0
2017-08-28,8,2,0,4,48,20,41,11,2
2017-08-29,5,7,0,5,68,24,40,7,1
2017-08-30,7,3,0,3,59,17,54,18,2
2017-08-31,8,3,0,1,79,16,34,8,0
2017-09-01,6,2,0,6,70,26,50,12,0
2017-09-02,4,5,0,2,65,18,49,7,1
2017-09-03,8,7,0,5,55,23,46,11,0
2017-09-04,9,0,0,2,62,21,31,9,1
2017-09-05,10,3,1,3,45,21,33,14,0
2017-09-06,3,4,0,2,45,18,43,7,0
2017-09-07,5,2,0,1,27,14,39,7,0
2017-09-08,10,11,0,4,54,23,38,14,0
2017-09-09,8,4,0,0,53,16,51,12,0
2017-09-10,6,2,0,2,62,17,25,13,0
2017-09-11,6,6,0,3,51,18,38,21,2
2017-09-12,7,7,0,2,50,21,50,11,0
2017-09-13,5,4,0,6,43,19,45,9,0
2017-09-14,9,6,1,2,40,21,40,13,0
2017-09-15,5,3,0,1,61,31,41,9,0
2017-09-16,12,2,0,3,69,23,47,13,0
2017-09-17,5,1,0,2,59,19,28,12,0
2017-09-18,7,3,0,1,56,23,42,16,1
2017-09-19,5,4,1,4,48,13,43,12,0
2017-09-20,5,4,0,1,52,26,48,8,0
2017-09-21,4,6,0,2,45,24,41,16,0
2017-09-22,13,2,0,1,52,32,47,12,0
2017-09-23,7,3,0,2,58,25,38,9,0
2017-09-24,7,3,0,2,57,20,38,7,1
2017-09-25,5,1,0,4,54,16,42,9,0
2017-09-26,7,3,0,5,45,24,31,11,0
2017-09-27,5,6,0,3,50,25,36,9,0
2017-09-28,10,5,0,2,52,27,44,6,0
2017-09-29,7,8,0,3,56,29,26,12,0
2017-09-30,7,1,0,0,41,23,38,8,1
2017-10-01,9,4,0,1,62,22,38,10,0
2017-10-02,6,7,0,2,56,29,38,6,0
2017-10-03,4,4,0,3,39,18,36,12,0
2017-10-04,6,3,0,3,48,26,35,14,0
2017-10-05,5,7,1,3,72,22,47,17,0
2017-10-06,5,3,0,1,42,22,36,12,0
2017-10-07,5,3,0,2,51,19,48,12,0
2017-10-08,9,1,0,3,52,13,51,15,0
2017-10-09,4,8,0,3,52,30,41,11,0
2017-10-10,7,5,0,2,55,25,49,10,0
2017-10-11,9,4,0,2,62,22,44,13,0
2017-10-12,5,1,0,2,52,20,36,5,0
2017-10-13,9,4,0,4,43,29,40,10,0
2017-10-14,7,3,0,1,54,23,43,12,0
2017-10-15,13,1,0,2,51,26,44,10,0
2017-10-16,6,4,0,2,64,29,43,11,0
2017-10-17,8,2,0,5,54,18,43,9,1
2017-10-18,4,7,0,3,43,19,41,11,0
2017-10-19,5,5,0,2,45,31,34,23,0
2017-10-20,7,4,0,6,55,26,42,13,0
2017-10-21,6,3,0,5,51,19,48,9,1
2017-10-22,14,3,0,3,62,17,38,8,0
2017-10-23,8,5,0,3,58,21,41,10,1
2017-10-24,6,3,0,1,58,23,42,8,0
2017-10-25,2,7,0,4,50,24,46,11,0
2017-10-26,7,6,2,1,49,17,35,15,0
2017-10-27,5,5,0,2,68,31,41,6,0
2017-10-28,9,4,0,1,51,32,36,8,1
2017-10-29,5,3,0,1,68,18,43,7,0
2017-10-30,11,2,0,3,45,27,34,8,0
2017-10-31,3,5,0,1,45,30,46,11,0
2017-11-01,9,3,0,6,54,22,38,3,0
2017-11-02,8,3,1,4,38,31,32,7,0
2017-11-03,2,5,0,1,54,25,41,8,0
2017-11-04,4,1,0,2,45,26,24,5,0
2017-11-05,12,2,0,2,52,11,27,7,0
2017-11-06,2,4,0,0,53,16,27,15,0
2017-11-07,8,1,0,1,57,25,37,7,1
2017-11-08,3,7,0,1,48,23,31,10,0
2017-11-09,6,3,0,2,46,17,32,8,0
2017-11-10,7,3,0,3,63,17,39,13,0
2017-11-11,9,2,0,3,48,22,32,13,0
2017-11-12,5,2,0,4,45,17,30,6,2
2017-11-13,6,2,0,4,57,30,27,9,0
2017-11-14,5,6,0,3,44,20,38,9,0
2017-11-15,8,6,0,0,59,19,42,14,0
2017-11-16,6,2,0,3,42,19,50,12,0
2017-11-17,8,6,0,6,50,27,46,12,0
2017-11-18,13,0,0,3,52,20,43,9,0
2017-11-19,15,4,0,1,58,24,28,14,0
2017-11-20,5,3,0,2,51,20,32,13,0
2017-11-21,10,4,1,1,55,21,36,10,0
2017-11-22,8,3,0,2,59,36,37,13,0
2017-11-23,5,1,0,3,36,19,20,14,0
2017-11-24,7,0,0,3,56,25,44,7,0
2017-11-25,6,4,0,1,64,29,41,17,0
2017-11-26,9,4,0,2,57,20,44,7,0
2017-11-27,5,4,0,1,42,22,61,9,1
2017-11-28,4,2,0,1,50,17,52,13,0
2017-11-29,8,3,0,1,43,34,41,11,0
2017-11-30,8,2,0,3,62,22,51,10,0
2017-12-01,4,5,0,6,61,34,64,6,0
2017-12-02,11,0,0,2,55,21,39,10,0
2017-12-03,7,3,0,2,56,22,36,8,0
2017-12-04,1,3,0,4,52,22,39,11,0
2017-12-05,7,1,0,0,43,20,28,13,0
2017-12-06,3,2,0,2,50,14,36,12,0
2017-12-07,9,3,0,2,38,19,38,9,1
2017-12-08,4,5,1,2,57,23,54,7,1
2017-12-09,7,1,0,4,55,15,45,6,0
2017-12-10,7,2,0,3,45,29,37,6,0
2017-12-11,8,2,0,1,50,16,46,7,0
2017-12-12,2,6,0,2,41,23,40,12,0
2017-12-13,4,4,0,5,43,26,50,11,1
2017-12-14,6,3,0,4,32,22,49,6,0
2017-12-15,9,2,0,3,51,24,46,15,0
2017-12-16,5,2,0,1,64,30,51,10,1
2017-12-17,10,2,1,3,57,21,32,12,0
2017-12-18,6,2,0,2,33,19,56,12,0
2017-12-19,12,2,0,0,49,21,57,13,0
2017-12-20,4,5,0,0,58,16,46,9,0
2017-12-21,7,2,0,5,45,24,51,9,0
2017-12-22,11,4,1,1,52,21,51,13,0
2017-12-23,3,6,0,4,53,25,50,9,0
2017-12-24,3,2,0,2,43,27,26,5,0
2017-12-25,3,0,0,1,33,27,13,4,1
2017-12-26,2,1,0,2,51,12,45,10,0
2017-12-27,7,5,0,1,32,22,43,8,1
2017-12-28,8,3,0,2,39,19,41,10,3
2017-12-29,5,3,0,1,52,33,44,18,1
2017-12-30,7,1,0,2,45,25,30,6,1
2017-12-31,9,0,0,3,48,24,44,7,0
2018-01-01,10,1,0,9,57,21,48,2,0
2018-01-02,4,2,0,3,50,20,40,16,1
2018-01-03,8,4,0,6,45,23,49,14,0
2018-01-04,7,4,0,4,44,23,44,7,0
2018-01-05,3,4,0,5,59,27,48,12,0
2018-01-06,7,2,0,3,52,19,49,8,1
2018-01-07,8,0,0,4,57,13,49,8,2
2018-01-08,6,0,0,3,55,27,49,7,0
2018-01-09,3,1,0,2,40,28,45,15,1
2018-01-10,9,5,0,2,43,23,40,10,0
2018-01-11,7,5,0,3,50,20,38,14,0
2018-01-12,4,4,0,3,61,23,39,11,1
2018-01-13,2,6,0,2,52,17,35,12,0
2018-01-14,8,3,0,3,51,25,28,9,1
2018-01-15,9,3,1,2,47,22,39,13,0
2018-01-16,4,2,0,1,36,23,50,11,0
2018-01-17,5,4,0,6,38,22,34,12,0
2018-01-18,5,9,0,0,35,24,43,14,0
2018-01-19,8,4,0,1,56,28,41,7,0
2018-01-20,8,1,0,2,49,27,44,17,0
2018-01-21,7,2,0,4,47,19,24,9,1
2018-01-22,2,3,0,1,47,20,43,8,0
2018-01-23,4,2,0,4,56,19,34,10,0
2018-01-24,6,3,0,3,68,20,39,5,0
2018-01-25,8,5,0,0,36,17,34,8,0
2018-01-26,5,6,0,0,62,24,42,14,1
2018-01-27,4,3,1,5,65,15,27,10,1
2018-01-28,8,3,0,4,49,25,24,4,0
2018-01-29,4,2,0,1,39,21,42,4,0
2018-01-30,3,7,0,7,54,18,37,14,0
2018-01-31,9,5,0,1,54,17,47,5,0
2018-02-01,4,4,0,4,64,28,49,18,0
2018-02-02,9,5,0,7,56,32,36,14,0
2018-02-03,6,3,0,5,58,17,44,14,0
2018-02-04,10,2,0,0,49,21,45,8,0
2018-02-05,7,1,0,3,52,23,42,9,1
2018-02-06,7,4,0,2,44,16,48,6,0
2018-02-07,13,11,1,1,50,18,28,15,0
2018-02-08,1,7,0,2,54,17,33,7,0
2018-02-09,3,1,0,3,61,23,48,13,0
2018-02-10,11,2,0,4,55,18,38,9,1
2018-02-11,8,1,1,2,62,16,31,11,0
2018-02-12,4,6,0,1,63,27,39,9,1
2018-02-13,4,9,0,1,58,18,38,6,1
2018-02-14,5,4,0,1,58,20,34,10,0
2018-02-15,7,6,0,4,49,13,47,15,0
2018-02-16,6,4,0,1,71,26,52,12,3
2018-02-17,10,4,0,3,53,15,44,10,0
2018-02-18,5,4,1,1,65,26,34,11,0
2018-02-19,7,3,0,0,57,16,42,13,1
2018-02-20,5,2,0,0,42,14,52,7,0
2018-02-21,2,2,0,1,52,24,31,13,0
2018-02-22,7,2,0,1,34,17,40,7,0
2018-02-23,9,4,0,3,63,38,37,14,0
2018-02-24,13,3,0,2,53,21,39,8,1
2018-02-25,9,3,0,2,46,13,32,12,0
2018-02-26,2,1,0,0,51,25,37,14,0
2018-02-27,8,7,0,2,38,21,41,4,0
2018-02-28,8,2,0,3,40,26,44,13,1
2018-03-01,8,7,0,1,53,22,43,9,0
2018-03-02,6,4,0,2,51,25,36,22,0
2018-03-03,6,4,0,1,62,21,40,14,0
2018-03-04,6,1,0,2,46,27,25,12,0
2018-03-05,6,10,0,1,38,18,37,11,0
2018-03-06,5,3,0,2,44,29,48,9,0
2018-03-07,10,4,0,1,48,16,37,5,0
2018-03-08,5,2,0,3,46,33,35,7,1
2018-03-09,7,4,0,0,47,27,44,6,0
2018-03-10,6,3,0,2,51,23,35,8,0
2018-03-11,9,6,0,2,25,17,27,6,0
2018-03-12,9,4,1,0,47,18,42,10,0
2018-03-13,2,8,0,2,52,26,48,10,0
2018-03-14,5,4,0,4,45,12,39,11,0
2018-03-15,7,5,0,3,50,16,47,12,0
2018-03-16,5,0,0,0,44,20,34,12,1
2018-03-17,6,1,0,4,56,22,44,16,0
2018-03-18,6,3,0,2,61,26,42,7,1
2018-03-19,8,0,0,0,50,36,21,13,1
2018-03-20,1,4,0,2,45,20,49,9,2
2018-03-21,4,5,0,1,41,17,33,12,1
2018-03-22,8,4,0,0,48,23,41,15,0
2018-03-23,5,2,0,0,50,40,42,16,0
2018-03-24,7,2,0,3,45,17,37,10,2
2018-03-25,8,1,0,0,66,25,36,10,1
2018-03-26,4,2,0,4,45,21,43,7,1
2018-03-27,12,3,0,3,49,27,47,14,1
2018-03-28,5,5,0,1,41,30,41,16,1
2018-03-29,7,5,0,6,38,22,49,17,0
2018-03-30,8,3,0,5,75,21,42,16,0
2018-03-31,9,3,0,4,45,20,39,15,0
2018-04-01,10,0,1,4,45,31,34,10,0
2018-04-02,5,4,0,6,33,22,40,14,1
2018-04-03,9,2,0,2,44,29,31,10,0
2018-04-04,6,6,0,1,53,23,43,10,0
2018-04-05,3,2,0,2,49,17,31,8,0
2018-04-06,8,5,0,5,69,25,35,7,1
2018-04-07,11,1,0,3,63,30,43,8,0
2018-04-08,7,1,0,3,58,34,26,12,0
2018-04-09,7,2,0,1,48,14,38,9,0
2018-04-10,4,3,1,2,51,33,28,14,0
2018-04-11,7,2,0,3,61,17,38,8,0
2018-04-12,5,3,0,1,42,23,41,14,0
2018-04-13,7,3,0,1,61,26,48,10,0
2018-04-14,5,4,0,2,38,26,31,23,0
2018-04-15,4,5,0,3,64,15,37,9,0
2018-04-16,9,0,1,2,42,13,34,11,1
2018-04-17,7,5,0,1,42,20,35,10,0
2018-04-18,5,8,0,3,45,19,38,12,0
2018-04-19,6,5,0,5,36,18,42,10,0
2018-04-20,7,4,0,1,63,20,34,10,0
2018-04-21,5,4,0,4,39,27,60,13,1
2018-04-22,9,2,1,2,42,15,36,9,1
2018-04-23,10,4,0,3,52,23,45,8,0
2018-04-24,5,3,0,2,46,19,42,6,0
2018-04-25,3,0,0,3,45,20,53,16,0
2018-04-26,8,2,0,3,49,26,45,7,0
2018-04-27,6,7,0,1,52,31,47,10,0
2018-04-28,5,0,0,3,55,30,59,13,0
2018-04-29,10,2,0,2,64,18,37,13,1
2018-04-30,2,4,0,3,62,24,52,9,0
2018-05-01,5,2,0,5,50,29,48,10,0
2018-05-02,13,3,0,2,53,30,35,6,0
2018-05-03,9,4,0,4,43,21,52,9,0
2018-05-04,11,5,0,1,67,20,37,5,0
2018-05-05,14,4,0,2,53,24,47,6,0
2018-05-06,8,2,0,0,51,38,29,6,0
2018-05-07,7,2,0,3,49,13,42,10,0
2018-05-08,11,4,1,2,56,19,36,12,0
2018-05-09,3,10,0,5,46,21,51,7,0
2018-05-10,7,5,0,2,60,25,33,11,0
2018-05-11,10,3,0,5,56,28,40,14,2
2018-05-12,9,4,0,1,52,18,35,11,0
2018-05-13,11,0,0,2,64,24,35,17,0
2018-05-14,6,2,0,4,54,22,41,10,0
2018-05-15,9,4,0,4,45,29,36,12,0
2018-05-16,8,0,0,2,56,25,39,9,0
2018-05-17,4,3,0,4,46,29,46,12,0
2018-05-18,5,11,0,4,62,27,38,16,0
2018-05-19,5,5,0,1,49,25,43,9,0
2018-05-20,7,1,0,0,49,25,40,13,0
2018-05-21,9,4,0,1,50,20,38,8,0
2018-05-22,6,6,0,3,55,20,46,13,1
2018-05-23,10,4,0,4,63,26,47,7,0
2018-05-24,8,3,0,0,68,9,39,10,0
2018-05-25,7,6,0,1,66,32,53,14,0
2018-05-26,12,4,0,2,51,26,48,7,1
2018-05-27,17,7,0,5,62,18,49,7,0
2018-05-28,11,4,0,1,40,26,35,6,0
2018-05-29,9,4,0,0,50,17,47,4,0
2018-05-30,4,3,0,3,47,24,37,9,0
2018-05-31,4,3,0,1,40,19,48,5,1
2018-06-01,10,4,0,4,55,24,41,17,0
2018-06-02,11,0,2,5,66,19,43,10,1
2018-06-03,5,1,0,4,41,17,42,9,1
2018-06-04,3,1,0,1,53,21,33,13,0
2018-06-05,4,4,0,1,57,25,55,9,0
2018-06-06,7,9,0,0,55,23,37,9,0
2018-06-07,6,3,0,2,55,20,46,4,0
2018-06-08,7,2,0,0,88,24,36,9,0
2018-06-09,10,3,0,4,62,20,47,5,0
2018-06-10,8,5,0,7,59,18,33,7,0
2018-06-11,9,3,0,2,45,17,43,14,1
2018-06-12,5,2,0,5,65,19,51,6,0
2018-06-13,6,7,0,2,55,19,45,6,0
2018-06-14,10,8,0,0,45,23,46,14,0
2018-06-15,8,1,0,2,76,30,42,12,0
2018-06-16,8,3,0,3,56,21,37,11,1
2018-06-17,9,2,0,1,66,19,33,14,0
2018-06-18,10,1,0,3,57,27,66,12,1
2018-06-19,6,1,0,0,54,21,44,2,0
2018-06-20,5,3,0,3,50,28,42,12,1
2018-06-21,5,4,0,0,45,18,51,10,0
2018-06-22,4,4,0,2,50,20,42,12,0
2018-06-23,10,1,0,3,58,21,47,10,0
2018-06-24,7,2,0,4,61,23,46,11,1
2018-06-25,7,2,1,3,56,21,41,7,0
2018-06-26,12,3,0,3,60,22,36,11,0
2018-06-27,6,2,0,5,52,16,46,7,1
2018-06-28,8,6,1,1,45,21,41,9,0
2018-06-29,6,4,0,0,57,24,47,10,0
2018-06-30,16,2,1,3,66,26,43,11,0
2018-07-01,7,1,0,5,66,22,33,12,0
2018-07-02,7,8,0,2,45,13,43,8,1
2018-07-03,5,2,0,3,49,27,36,7,0
2018-07-04,15,6,0,2,53,27,38,12,0
2018-07-05,5,6,0,1,57,23,48,16,1
2018-07-06,6,7,0,4,54,24,51,11,0
2018-07-07,9,1,0,4,37,23,50,7,0
2018-07-08,9,2,0,1,51,10,37,12,1
2018-07-09,8,5,0,2,53,30,45,12,2
2018-07-10,10,3,0,0,54,9,33,11,1
2018-07-11,8,3,0,4,59,19,45,16,0
2018-07-12,8,3,0,2,46,27,41,8,1
2018-07-13,6,2,0,2,33,13,45,12,0
2018-07-14,9,2,0,3,53,18,45,8,0
2018-07-15,10,2,0,2,46,17,41,13,1
2018-07-16,16,7,0,5,41,12,40,10,0
2018-07-17,5,1,0,2,49,26,40,11,2
2018-07-18,13,1,0,2,66,19,50,18,0
2018-07-19,6,10,0,3,78,22,49,15,0
2018-07-20,7,4,1,1,54,31,59,8,0
2018-07-21,10,4,0,4,46,17,54,15,0
2018-07-22,10,1,0,2,47,26,41,11,0
2018-07-23,3,3,0,2,67,15,45,13,0
2018-07-24,3,5,0,4,59,23,39,14,0
2018-07-25,7,4,0,3,37,21,35,11,0
2018-07-26,6,8,0,0,64,20,50,10,0
2018-07-27,7,3,0,3,54,21,48,14,1
2018-07-28,9,2,1,1,56,17,38,9,0
2018-07-29,8,2,0,2,56,19,42,12,0
2018-07-30,11,11,0,5,48,24,31,19,0
2018-07-31,9,2,0,1,61,14,41,12,0
2018-08-01,5,2,0,4,44,18,49,17,5
2018-08-02,3,6,0,7,63,30,45,19,0
2018-08-03,8,2,0,1,51,24,45,7,1
2018-08-04,15,5,0,5,49,14,41,10,0
2018-08-05,13,5,0,3,67,24,39,18,0
2018-08-06,16,2,0,1,37,26,42,14,0
2018-08-07,5,3,0,1,34,23,61,11,0
2018-08-08,11,5,0,2,65,12,41,18,2
2018-08-09,4,5,1,3,48,19,31,9,0
2018-08-10,7,4,0,3,51,27,49,7,0
2018-08-11,7,1,0,1,46,21,40,18,1
2018-08-12,5,3,0,8,45,21,31,15,0
2018-08-13,10,1,0,1,48,28,44,6,0
2018-08-14,9,4,1,0,48,19,30,8,0
2018-08-15,14,2,0,2,43,22,42,9,0
2018-08-16,6,2,0,3,45,25,44,5,0
2018-08-17,8,4,0,2,60,28,55,11,0
2018-08-18,7,1,0,2,57,22,32,11,0
2018-08-19,10,4,0,1,43,19,34,12,0
2018-08-20,11,1,0,3,58,20,44,8,0
2018-08-21,12,6,0,3,43,17,41,11,3
2018-08-22,14,5,0,2,43,15,55,10,0
2018-08-23,7,2,0,3,54,24,36,18,0
2018-08-24,6,5,0,2,49,29,43,10,0
2018-08-25,5,6,0,6,48,22,31,16,0
2018-08-26,6,7,0,4,56,26,36,17,2
2018-08-27,6,3,0,1,49,19,31,11,0
2018-08-28,8,5,0,4,48,16,51,5,0
2018-08-29,9,4,0,4,42,29,35,14,0
2018-08-30,7,4,0,1,53,25,53,15,0
2018-08-31,9,6,0,3,61,21,42,6,0
2018-09-01,8,1,1,4,58,20,48,12,0
2018-09-02,8,3,0,6,47,13,47,5,0
2018-09-03,10,1,0,1,54,17,36,18,0
2018-09-04,6,7,1,5,52,17,49,11,1
2018-09-05,10,7,0,3,57,10,30,12,0
2018-09-06,5,4,0,1,60,24,28,12,0
2018-09-07,8,2,0,0,59,23,40,16,0
2018-09-08,13,3,0,0,48,19,39,22,0
2018-09-09,8,2,0,3,51,22,40,12,1
2018-09-10,5,1,0,4,57,24,53,9,1
2018-09-11,9,2,0,1,57,9,48,10,0
2018-09-12,5,4,0,1,65,16,42,5,0
2018-09-13,10,8,0,2,48,21,38,11,0
2018-09-14,8,1,1,1,50,27,43,15,0
2018-09-15,9,2,0,1,40,22,32,10,0
2018-09-16,8,2,0,2,47,20,31,6,0
2018-09-17,12,3,0,2,56,17,36,14,0
2018-09-18,8,1,0,1,62,23,41,11,0
2018-09-19,11,3,0,4,47,20,52,17,0
2018-09-20,9,7,1,2,48,30,34,10,0
2018-09-21,12,6,0,6,57,20,45,25,0
2018-09-22,14,4,0,0,69,20,45,20,0
2018-09-23,10,3,0,4,55,21,49,16,0
2018-09-24,8,4,0,3,46,28,45,7,1
2018-09-25,7,9,0,3,53,19,40,15,1
2018-09-26,9,3,0,1,38,18,42,8,0
2018-09-27,4,7,0,3,52,26,53,6,0
2018-09-28,7,6,0,6,63,17,55,13,0
2018-09-29,8,1,0,2,37,16,30,13,0
2018-09-30,12,3,0,1,61,21,28,12,0
2018-10-01,7,1,0,2,32,34,43,4,0
2018-10-02,4,2,0,3,44,18,33,15,0
2018-10-03,11,6,0,1,32,23,38,15,0
2018-10-04,4,1,0,1,44,19,40,10,0
2018-10-05,4,3,1,2,44,26,30,14,0
2018-10-06,9,1,0,5,63,28,38,9,0
2018-10-07,9,0,0,1,54,12,42,10,0
2018-10-08,10,2,0,5,49,16,23,4,0
2018-10-09,8,4,0,2,39,24,38,13,1
2018-10-10,13,3,0,4,71,20,45,10,0
2018-10-11,16,2,0,2,43,11,26,6,0
2018-10-12,8,2,0,1,54,25,43,6,0
2018-10-13,7,2,0,1,59,15,40,7,0
2018-10-14,8,1,0,6,56,14,34,9,0
2018-10-15,9,2,0,1,62,26,29,10,0
2018-10-16,4,2,0,1,45,15,35,12,0
2018-10-17,2,2,0,3,47,26,43,14,1
2018-10-18,7,2,0,3,47,17,45,6,1
2018-10-19,12,1,0,4,42,21,33,16,0
2018-10-20,7,0,0,3,57,19,35,12,0
2018-10-21,10,1,0,2,63,20,34,14,0
2018-10-22,11,0,0,1,55,18,37,12,1
2018-10-23,3,2,0,3,42,27,26,9,0
2018-10-24,3,1,0,1,37,9,31,6,0
2018-10-25,7,3,1,1,10,7,6,1,0
