date,Count,AGGRIVATED ASSAULT,BURGLARY,RAPE,THEFT,FRAUD,MISC,MOTOR VEHICLE THEFT,MURDER AND NON-NEGLIGENT MANSLAUGHTER,ATTEMPT,ARSON,DRUG OFFENSE,OBSCENITY,CONCEALED CARRY LICENSE VIOLATION
1/1/2016,1046,195,33,17,62,50,139,22,3,3,1,21,2,0
1/1/2017,1094,188,60,21,86,43,158,29,2,4,0,12,1,0
1/1/2018,815,151,48,12,71,29,125,44,4,3,0,17,0,0
1/2/2016,574,114,47,8,80,27,110,22,0,1,0,27,0,0
1/2/2017,611,130,59,7,73,30,126,32,1,3,3,25,0,0
1/2/2018,554,103,42,2,79,29,102,42,0,1,0,25,0,0
1/3/2016,618,139,62,4,75,21,123,23,1,0,1,29,0,0
1/3/2017,716,143,67,3,85,41,130,28,2,3,1,35,0,1
1/3/2018,564,107,52,4,92,30,107,22,0,3,1,32,0,0
1/4/2016,625,117,70,6,73,29,121,25,1,2,2,23,0,0
1/4/2017,611,111,53,1,99,33,120,32,2,2,1,23,0,2
1/4/2018,597,119,54,0,87,30,127,42,0,4,2,21,0,0
1/5/2016,623,131,59,4,91,31,97,19,5,0,0,38,0,0
1/5/2017,610,108,51,5,71,43,125,36,1,4,1,23,0,1
1/5/2018,659,138,50,6,95,41,115,38,1,2,0,28,0,0
1/6/2016,626,128,61,6,88,32,125,20,1,2,2,33,0,0
1/6/2017,596,109,60,3,73,29,130,44,1,2,1,28,0,0
1/6/2018,585,143,45,7,79,31,120,28,2,3,0,21,0,0
1/7/2016,706,125,63,7,86,37,134,23,2,1,1,39,0,0
1/7/2017,617,140,57,6,77,36,124,39,1,2,0,29,0,0
1/7/2018,535,135,60,2,69,23,107,28,2,2,0,18,1,0
1/8/2016,742,132,79,4,92,28,149,23,2,3,2,48,0,0
1/8/2017,588,138,50,5,71,20,135,43,0,4,1,25,0,0
1/8/2018,618,120,59,3,105,26,114,24,0,3,0,41,0,0
1/9/2016,648,145,61,8,76,25,125,20,2,2,2,35,0,0
1/9/2017,709,118,70,3,96,33,148,40,2,3,0,34,0,0
1/9/2018,653,127,70,2,96,36,111,33,4,1,2,45,0,0
1/10/2016,595,126,65,5,76,27,125,23,0,3,0,28,0,0
1/10/2017,704,125,69,7,85,43,148,19,0,3,0,21,0,0
1/10/2018,705,135,54,4,98,27,145,22,2,3,0,40,1,0
1/11/2016,512,111,64,2,76,28,81,32,1,0,1,16,0,0
1/11/2017,658,139,55,4,93,38,137,31,3,3,0,28,0,0
1/11/2018,698,145,54,4,100,40,153,21,3,6,1,30,0,0
1/12/2016,547,104,50,7,70,29,104,33,0,2,1,32,1,0
1/12/2017,644,112,63,4,88,32,153,23,1,3,1,23,0,0
1/12/2018,703,130,62,6,109,43,144,36,1,3,0,39,0,0
1/13/2016,653,109,65,5,76,40,129,30,3,1,1,34,0,0
1/13/2017,798,138,91,5,103,39,150,38,3,4,2,36,0,0
1/13/2018,616,150,55,6,86,39,122,30,0,4,1,26,0,0
1/14/2016,733,141,70,12,79,30,138,23,1,2,3,44,0,0
1/14/2017,682,143,55,9,88,40,147,32,3,3,3,38,0,1
1/14/2018,561,147,46,3,73,27,120,26,1,2,1,22,0,0
1/15/2016,732,142,69,3,91,33,138,30,1,2,1,37,0,0
1/15/2017,655,139,68,5,77,31,125,26,2,3,0,29,1,0
1/15/2018,526,109,44,6,84,32,102,28,0,1,0,34,1,0
1/16/2016,648,132,56,6,85,31,126,32,3,2,1,38,0,0
1/16/2017,651,139,64,7,99,29,128,28,3,1,0,18,0,0
1/16/2018,606,137,44,5,94,31,104,36,0,1,1,30,0,0
1/17/2016,536,133,46,4,68,30,101,24,1,1,3,26,0,0
1/17/2017,701,118,65,8,110,33,142,25,2,3,0,30,0,0
1/17/2018,642,134,45,9,96,30,125,30,0,5,1,39,1,0
1/18/2016,512,101,43,2,61,29,104,37,0,0,1,33,0,0
1/18/2017,705,113,73,4,93,37,137,30,4,4,0,24,0,0
1/18/2018,616,119,49,3,102,34,123,26,2,1,1,30,0,0
1/19/2016,610,110,57,1,80,35,117,32,1,1,0,31,1,1
1/19/2017,735,134,65,7,101,38,138,33,3,1,3,54,1,0
1/19/2018,705,127,59,7,111,48,134,21,0,4,1,49,0,0
1/20/2016,618,121,58,5,81,28,107,22,1,1,0,34,0,0
1/20/2017,783,137,79,4,105,30,136,29,2,3,3,44,0,0
1/20/2018,722,158,56,3,104,22,123,20,2,3,1,48,1,1
1/21/2016,629,117,68,3,91,27,118,27,3,2,2,32,0,0
1/21/2017,787,164,66,9,95,30,151,23,3,5,1,34,0,0
1/21/2018,712,172,63,7,101,42,123,20,3,3,2,38,1,1
1/22/2016,699,120,64,4,95,30,128,31,0,2,2,53,2,0
1/22/2017,742,157,55,7,94,23,165,24,2,5,3,32,0,0
1/22/2018,721,139,54,10,104,25,146,25,3,2,1,36,1,0
1/23/2016,720,137,64,4,100,36,125,26,2,4,1,40,0,0
1/23/2017,788,148,73,4,104,39,159,26,4,2,1,27,0,0
1/23/2018,714,141,66,1,103,35,131,22,1,4,1,39,0,0
1/24/2016,672,144,64,3,82,19,151,39,3,2,0,24,0,0
1/24/2017,732,124,58,4,106,38,174,22,1,1,0,28,0,0
1/24/2018,608,125,48,4,88,31,122,18,2,1,0,41,1,0
1/25/2016,741,151,74,3,99,35,138,25,5,1,2,32,0,0
1/25/2017,748,147,71,5,104,35,137,34,0,2,0,25,0,1
1/25/2018,640,146,46,4,95,25,121,19,0,3,1,33,0,0
1/26/2016,640,122,63,4,72,34,129,26,4,1,2,40,0,0
1/26/2017,672,130,70,3,93,28,117,38,0,5,1,31,0,0
1/26/2018,757,163,58,5,94,37,174,17,1,2,1,42,1,0
1/27/2016,669,135,59,0,85,43,127,33,1,2,4,32,0,0
1/27/2017,781,131,69,6,96,42,154,39,2,2,1,55,0,0
1/27/2018,751,158,46,7,99,45,145,20,2,4,0,44,0,1
1/28/2016,751,119,63,4,89,30,150,18,1,4,0,95,0,0
1/28/2017,728,138,67,4,92,35,138,30,1,3,4,34,0,0
1/28/2018,665,158,49,8,91,33,124,21,0,4,3,34,0,0
1/29/2016,746,129,87,3,91,32,118,32,2,1,3,43,0,0
1/29/2017,633,117,58,9,80,23,149,26,1,3,3,35,0,1
1/29/2018,646,125,46,5,119,42,111,23,0,4,0,23,1,1
1/30/2016,742,162,39,5,94,36,149,30,3,6,1,36,0,0
1/30/2017,754,145,73,5,91,46,149,31,2,4,3,24,0,0
1/30/2018,628,128,43,1,87,25,136,29,1,3,3,29,0,0
1/31/2016,664,164,55,5,85,25,131,29,1,2,2,23,1,0
1/31/2017,729,126,83,7,108,35,158,29,1,3,0,36,0,0
1/31/2018,696,133,49,3,114,35,140,25,3,6,0,40,0,0
2/1/2016,837,141,80,10,94,43,143,25,2,1,0,44,0,0
2/1/2017,823,141,77,15,98,48,163,34,1,5,1,36,2,0
2/1/2018,698,130,39,6,93,35,139,21,0,2,0,34,1,0
2/2/2016,611,118,49,10,71,37,112,21,2,3,3,37,1,0
2/2/2017,669,123,64,4,98,41,125,31,0,3,1,30,0,0
2/2/2018,670,121,52,4,96,48,111,25,2,2,3,49,1,0
2/3/2016,678,130,56,3,84,35,141,24,2,2,2,41,0,0
2/3/2017,667,112,60,5,93,33,130,29,2,2,2,51,0,0
2/3/2018,626,132,47,6,82,39,141,25,4,6,2,38,0,0
2/4/2016,669,140,49,5,77,31,139,21,4,2,1,53,0,0
2/4/2017,637,138,47,9,92,27,118,36,1,3,1,37,0,1
2/4/2018,508,141,35,9,78,19,112,14,1,2,0,16,0,0
2/5/2016,659,124,54,7,89,29,131,20,0,2,2,46,0,0
2/5/2017,692,137,54,9,85,29,128,32,1,3,1,23,0,0
2/5/2018,535,122,47,6,70,24,110,22,1,1,0,21,0,0
2/6/2016,695,149,53,8,83,51,132,22,1,3,2,40,0,0
2/6/2017,760,148,72,4,95,36,134,31,1,3,1,26,1,0
2/6/2018,589,125,37,7,92,35,113,27,2,3,1,38,1,1
2/7/2016,615,134,35,6,88,18,144,27,1,1,1,27,0,0
2/7/2017,689,148,64,9,95,40,131,32,0,2,0,23,0,0
2/7/2018,542,111,44,7,79,31,113,17,1,5,1,34,0,0
2/8/2016,568,116,45,7,81,26,123,23,1,5,0,29,0,0
2/8/2017,664,131,57,6,85,36,133,18,1,1,1,31,0,0
2/8/2018,555,122,42,7,85,39,103,20,1,0,1,40,0,0
2/9/2016,545,122,33,4,81,29,100,18,0,1,1,34,0,1
2/9/2017,668,125,55,8,90,36,132,26,2,3,3,37,0,0
2/9/2018,503,119,35,2,75,36,99,26,1,4,2,17,0,0
2/10/2016,565,119,36,3,69,37,127,21,3,1,1,41,0,0
2/10/2017,743,151,54,5,82,39,150,32,0,4,2,43,0,0
2/10/2018,529,131,43,4,72,28,100,18,2,4,0,29,0,1
2/11/2016,581,122,46,4,88,28,116,25,1,1,1,41,0,1
2/11/2017,704,123,70,10,100,29,146,21,4,6,1,26,0,0
2/11/2018,535,140,42,8,65,38,113,15,2,2,0,27,1,0
2/12/2016,643,109,42,8,95,37,117,24,0,1,1,68,0,0
2/12/2017,677,163,55,4,81,30,137,20,2,4,1,29,0,0
2/12/2018,569,116,31,5,84,30,121,15,2,4,0,49,0,0
2/13/2016,596,125,38,3,72,27,109,30,3,2,0,47,0,0
2/13/2017,716,140,59,6,104,33,152,34,0,5,1,26,0,0
2/13/2018,637,147,55,3,89,35,112,21,1,3,0,38,1,1
2/14/2016,513,132,44,6,63,18,108,23,3,1,0,28,0,0
2/14/2017,711,152,56,4,96,30,139,25,6,8,2,24,0,0
2/14/2018,658,150,48,5,94,31,142,16,0,1,0,41,0,1
2/15/2016,551,124,44,4,71,30,97,23,0,2,2,50,0,0
2/15/2017,670,139,60,5,81,35,134,16,6,3,3,38,0,0
2/15/2018,688,169,51,8,90,36,123,18,0,1,0,48,0,0
2/16/2016,624,129,46,6,81,31,104,27,3,1,0,34,0,0
2/16/2017,670,129,51,5,107,28,135,30,2,4,1,34,0,1
2/16/2018,658,155,53,6,97,36,124,19,2,2,0,24,1,0
2/17/2016,639,154,48,4,79,38,118,22,1,0,0,48,0,0
2/17/2017,826,150,69,6,102,47,167,26,1,4,1,37,0,1
2/17/2018,603,135,40,2,87,29,119,22,1,5,1,11,1,0
2/18/2016,678,131,57,3,95,28,127,23,1,5,0,42,1,0
2/18/2017,745,167,49,10,104,34,169,25,3,3,4,29,0,0
2/18/2018,582,156,39,11,74,20,126,22,2,8,0,19,0,1
2/19/2016,772,136,54,4,101,34,171,29,0,1,3,56,0,0
2/19/2017,673,157,45,11,99,25,135,19,0,3,0,29,0,0
2/19/2018,622,144,49,2,92,22,127,20,4,6,0,26,0,0
2/20/2016,700,174,46,6,73,35,135,21,3,0,2,43,0,0
2/20/2017,710,153,44,5,89,30,161,25,2,6,2,30,0,0
2/20/2018,637,134,43,11,80,40,133,16,1,7,0,32,0,0
2/21/2016,706,172,45,9,76,24,142,16,2,2,1,48,1,0
2/21/2017,675,144,46,6,91,31,149,21,2,4,0,28,1,0
2/21/2018,631,142,41,4,96,39,121,18,0,5,0,35,0,0
2/22/2016,639,142,48,3,71,31,120,22,3,3,0,42,0,0
2/22/2017,698,157,54,6,85,32,146,17,7,6,3,27,0,0
2/22/2018,674,162,45,6,96,27,142,20,3,6,0,35,0,0
2/23/2016,630,134,45,8,92,35,125,23,0,2,1,32,0,1
2/23/2017,652,131,45,6,78,32,156,25,0,4,0,56,0,0
2/23/2018,662,142,47,4,105,32,132,20,0,3,0,49,1,0
2/24/2016,578,124,46,5,75,26,122,21,3,0,1,33,0,0
2/24/2017,657,141,53,9,97,33,126,20,0,5,0,31,0,0
2/24/2018,678,162,46,4,102,28,155,13,3,4,0,30,1,1
2/25/2016,696,137,33,2,83,34,137,29,0,2,2,89,0,0
2/25/2017,594,135,42,7,76,29,130,27,2,2,3,39,0,0
2/25/2018,654,159,46,12,86,31,124,19,2,1,1,30,0,0
2/26/2016,737,159,52,6,89,40,133,23,1,3,1,40,0,0
2/26/2017,574,130,33,2,76,29,118,22,2,3,1,37,0,0
2/26/2018,622,142,33,6,81,37,119,16,1,5,0,43,0,0
2/27/2016,689,144,35,7,84,36,138,27,1,1,0,36,0,1
2/27/2017,632,143,58,9,89,29,115,26,0,1,2,30,0,0
2/27/2018,685,136,41,4,86,37,161,17,0,5,1,53,0,0
2/28/2016,620,157,41,7,74,23,127,30,0,0,1,33,0,0
2/28/2017,626,123,59,4,91,42,115,26,0,0,1,24,0,0
2/28/2018,643,129,42,11,93,39,134,19,1,5,1,41,0,0
2/29/2016,646,137,39,8,89,25,136,24,0,4,1,30,0,0
3/1/2016,798,121,45,12,79,49,146,24,2,1,0,51,1,0
3/1/2017,722,128,51,10,73,43,134,25,0,6,2,39,1,0
3/1/2018,778,158,44,13,91,46,143,19,1,3,0,35,1,0
3/2/2016,606,122,48,3,85,26,122,24,3,3,0,56,0,0
3/2/2017,625,127,35,6,80,35,135,17,0,0,0,50,0,0
3/2/2018,687,142,47,4,83,38,136,19,1,5,2,49,0,1
3/3/2016,613,118,51,4,72,34,119,19,0,2,1,55,0,0
3/3/2017,673,125,43,5,76,40,124,26,1,3,0,42,0,0
3/3/2018,661,169,37,7,92,27,129,21,2,3,2,41,0,0
3/4/2016,701,138,51,5,79,28,142,26,2,4,1,66,0,0
3/4/2017,633,134,44,11,84,37,130,21,1,2,1,39,1,0
3/4/2018,648,150,39,2,98,29,136,20,1,11,2,44,0,0
3/5/2016,697,151,50,7,93,26,139,26,0,1,0,34,1,0
3/5/2017,657,139,51,7,82,23,147,22,0,7,1,36,0,0
3/5/2018,661,147,49,3,79,33,129,24,1,3,1,46,0,0
3/6/2016,714,151,40,6,81,34,158,24,0,8,0,52,0,0
3/6/2017,682,143,44,8,91,33,120,25,3,2,1,33,0,0
3/6/2018,646,145,32,6,96,39,133,17,1,5,2,40,0,0
3/7/2016,794,161,60,7,83,35,147,22,1,4,0,60,0,0
3/7/2017,680,149,41,2,90,34,145,19,3,3,3,27,1,0
3/7/2018,652,131,48,3,88,33,136,27,1,3,1,47,0,0
3/8/2016,721,160,56,5,90,25,165,8,1,3,3,27,0,0
3/8/2017,665,145,37,3,87,52,138,13,0,2,2,36,0,1
3/8/2018,657,131,40,9,87,36,162,26,2,4,3,36,0,0
3/9/2016,676,181,43,4,76,35,140,8,3,2,0,49,0,0
3/9/2017,674,128,45,7,90,34,145,17,0,3,1,44,1,0
3/9/2018,737,135,46,15,103,39,167,27,0,3,1,39,1,1
3/10/2016,711,140,48,5,89,23,137,24,2,1,2,58,0,0
3/10/2017,664,123,48,9,90,28,142,22,2,1,1,39,0,0
3/10/2018,680,165,55,7,87,35,122,15,2,5,1,39,0,0
3/11/2016,731,149,47,9,96,34,146,19,3,5,2,58,0,0
3/11/2017,654,148,42,5,78,40,140,24,3,1,3,26,1,0
3/11/2018,616,153,37,7,86,27,119,17,2,4,2,36,1,1
3/12/2016,744,184,45,7,88,28,151,21,1,1,2,27,0,1
3/12/2017,550,126,49,4,66,26,122,13,3,1,2,34,0,1
3/12/2018,659,144,55,2,97,27,131,14,0,5,0,34,0,0
3/13/2016,626,157,41,7,81,30,121,15,1,2,2,32,0,0
3/13/2017,539,126,45,9,82,31,99,15,1,0,1,21,1,0
3/13/2018,636,149,36,5,101,32,119,30,1,5,1,34,0,0
3/14/2016,682,140,60,5,90,40,139,18,1,3,3,36,0,0
3/14/2017,470,108,36,2,68,33,90,13,0,2,0,19,0,0
3/14/2018,658,159,42,4,99,35,144,19,0,5,0,44,0,1
3/15/2016,711,151,58,7,88,28,150,12,4,1,1,42,0,0
3/15/2017,602,132,37,6,81,30,117,23,0,6,0,39,1,0
3/15/2018,682,163,50,4,99,33,135,19,0,3,1,34,0,0
3/16/2016,743,174,54,5,86,34,145,17,1,3,4,47,1,0
3/16/2017,665,135,42,5,88,35,144,32,2,5,0,35,0,0
3/16/2018,698,158,43,7,108,40,142,19,2,2,2,47,0,0
3/17/2016,736,154,48,8,96,26,150,27,1,2,0,40,0,0
3/17/2017,708,141,54,4,90,34,149,27,2,2,1,41,0,0
3/17/2018,772,185,38,10,85,42,148,20,3,5,0,45,0,1
3/18/2016,789,163,59,6,93,37,160,24,3,7,2,58,1,0
3/18/2017,674,146,52,6,82,26,150,24,1,4,0,30,1,0
3/18/2018,682,173,42,4,96,33,154,23,2,2,0,34,0,0
3/19/2016,698,145,47,6,83,36,149,21,0,2,1,42,0,0
3/19/2017,604,162,49,8,69,27,144,12,0,3,2,32,0,0
3/19/2018,654,134,63,3,80,39,118,22,0,4,0,40,0,0
3/20/2016,684,170,42,6,77,28,142,22,2,2,1,35,0,0
3/20/2017,691,148,58,8,79,35,157,19,1,6,0,29,0,1
3/20/2018,705,138,49,8,100,39,158,15,1,3,0,44,0,0
3/21/2016,697,154,59,3,74,33,142,26,1,5,3,40,0,0
3/21/2017,647,138,47,6,82,36,147,19,0,1,1,36,1,0
3/21/2018,684,148,41,8,92,43,137,17,2,3,1,35,0,0
3/22/2016,722,175,48,7,90,32,143,20,2,5,1,41,0,0
3/22/2017,646,145,60,2,101,28,139,18,1,3,0,23,0,0
3/22/2018,663,123,49,4,105,28,151,20,1,7,0,37,0,1
3/23/2016,686,147,61,5,98,27,123,25,3,3,2,34,0,1
3/23/2017,664,153,49,2,80,26,143,27,0,1,1,43,0,0
3/23/2018,750,157,51,7,103,34,161,24,3,4,2,57,0,0
3/24/2016,676,146,56,4,79,31,134,26,0,4,1,40,0,0
3/24/2017,777,171,63,3,89,39,147,31,1,1,0,41,0,0
3/24/2018,647,149,41,5,95,37,130,21,0,6,2,27,0,0
3/25/2016,716,147,46,7,101,27,160,25,0,2,0,41,0,0
3/25/2017,694,156,56,4,95,26,146,27,1,4,0,38,0,1
3/25/2018,674,172,44,6,91,24,149,14,1,4,0,41,4,2
3/26/2016,735,170,49,3,86,40,146,20,1,3,2,43,0,0
3/26/2017,702,168,46,5,83,33,147,17,1,5,0,35,0,0
3/26/2018,693,124,47,7,108,38,136,22,0,4,0,39,0,0
3/27/2016,630,158,48,7,74,15,129,18,0,3,1,31,0,0
3/27/2017,721,158,63,5,86,36,141,21,0,6,1,34,1,0
3/27/2018,670,149,57,6,93,31,154,21,0,1,0,31,0,0
3/28/2016,741,162,66,5,88,33,132,18,0,3,1,51,0,0
3/28/2017,673,141,51,5,91,35,148,23,0,5,1,22,0,0
3/28/2018,684,144,48,5,89,33,145,19,0,3,1,50,1,0
3/29/2016,738,164,60,8,90,33,141,24,1,3,4,61,0,0
3/29/2017,669,144,55,5,106,33,138,18,0,2,1,34,0,0
3/29/2018,629,140,40,7,93,35,135,16,2,5,1,40,1,0
3/30/2016,716,166,54,3,88,26,124,13,3,4,1,50,0,0
3/30/2017,686,138,49,4,100,37,145,22,6,3,1,33,0,0
3/30/2018,700,142,48,7,107,39,143,25,0,6,0,32,1,1
3/31/2016,753,191,59,8,98,38,126,20,3,2,0,42,0,0
3/31/2017,774,150,52,6,98,44,157,25,4,5,0,45,0,0
3/31/2018,687,154,41,5,95,33,151,21,0,6,3,39,1,0
4/1/2016,806,144,53,12,87,35,149,16,1,6,2,41,0,0
4/1/2017,806,146,54,13,93,39,151,26,1,4,1,28,0,0
4/1/2018,673,160,49,11,85,26,135,22,3,1,0,29,0,0
4/2/2016,650,131,47,6,91,38,136,19,0,4,0,42,0,0
4/2/2017,690,174,54,6,84,22,147,20,4,4,2,29,0,0
4/2/2018,667,141,44,4,88,30,143,25,0,3,1,41,0,0
4/3/2016,704,180,37,4,87,32,138,13,1,2,1,40,0,0
4/3/2017,689,142,56,5,96,33,141,19,2,2,3,30,0,0
4/3/2018,599,116,38,2,89,39,131,15,1,5,0,42,0,1
4/4/2016,658,128,48,5,83,33,135,22,1,2,1,37,0,0
4/4/2017,711,155,56,6,80,36,165,18,1,3,3,34,0,0
4/4/2018,694,146,52,4,97,36,143,19,1,4,0,32,0,1
4/5/2016,673,120,49,3,81,32,141,13,1,4,2,55,0,0
4/5/2017,631,135,52,4,98,37,115,22,1,3,4,20,1,0
4/5/2018,667,148,40,9,98,40,138,19,1,2,1,30,0,0
4/6/2016,659,141,38,5,92,23,137,12,3,3,1,56,0,0
4/6/2017,665,142,45,7,93,30,128,21,1,4,0,28,0,0
4/6/2018,692,156,42,8,97,42,125,11,2,1,1,33,0,1
4/7/2016,739,149,49,2,88,38,149,24,2,3,1,87,0,0
4/7/2017,702,128,52,4,94,41,149,20,3,3,1,43,0,1
4/7/2018,635,175,38,5,89,29,124,18,2,2,0,40,0,1
4/8/2016,622,116,41,5,89,33,139,29,2,4,2,37,0,0
4/8/2017,693,157,38,8,87,35,145,21,1,3,0,34,0,0
4/8/2018,614,141,34,4,92,35,121,20,1,1,1,35,0,2
4/9/2016,688,136,32,11,97,42,145,26,2,0,1,44,0,0
4/9/2017,759,183,40,13,81,28,159,23,4,4,1,43,0,0
4/9/2018,657,138,40,1,102,28,132,21,0,5,1,35,0,1
4/10/2016,702,155,45,8,82,35,152,21,2,7,2,38,0,0
4/10/2017,682,150,47,5,73,38,130,23,3,6,4,34,0,0
4/10/2018,707,134,46,7,90,31,166,24,1,2,0,48,0,0
4/11/2016,674,139,60,5,95,37,134,23,2,2,1,33,0,0
4/11/2017,702,138,46,5,96,39,152,18,1,2,4,57,0,0
4/11/2018,763,173,55,7,97,24,168,28,2,6,1,36,0,0
4/12/2016,697,142,54,4,98,41,135,18,0,5,1,55,0,0
4/12/2017,725,151,54,8,93,33,158,25,1,2,1,21,0,0
4/12/2018,746,179,49,3,94,41,164,18,1,2,1,33,0,0
4/13/2016,714,166,53,3,78,40,135,28,1,2,4,46,0,0
4/13/2017,663,131,42,9,89,41,143,23,0,2,2,28,0,0
4/13/2018,773,152,45,5,108,31,160,22,2,4,3,44,0,0
4/14/2016,690,138,48,5,92,32,140,16,0,7,1,49,0,0
4/14/2017,772,160,49,10,87,43,170,23,0,2,0,39,0,0
4/14/2018,680,152,49,4,105,38,138,26,0,4,1,29,0,1
4/15/2016,809,147,47,5,115,38,150,27,3,4,1,71,1,0
4/15/2017,814,193,56,6,89,34,168,28,0,2,0,22,0,0
4/15/2018,595,143,46,5,71,31,101,21,1,5,0,27,0,0
4/16/2016,734,184,53,3,83,20,148,20,1,6,2,37,0,0
4/16/2017,686,180,47,9,73,21,168,16,1,2,2,19,0,1
4/16/2018,729,137,66,11,107,36,149,17,2,3,3,21,1,1
4/17/2016,708,175,47,5,82,25,153,24,1,1,1,36,0,0
4/17/2017,739,170,60,8,92,41,147,22,2,5,1,25,0,0
4/17/2018,696,133,58,9,112,38,152,24,1,3,0,30,0,0
4/18/2016,737,154,53,5,98,35,160,21,0,3,3,32,0,0
4/18/2017,735,163,53,5,99,26,160,20,2,5,4,36,0,0
4/18/2018,618,133,49,4,100,38,133,20,1,2,0,19,0,0
4/19/2016,703,157,41,2,111,32,125,21,2,2,4,44,1,0
4/19/2017,756,142,70,7,99,36,151,18,1,4,1,35,0,0
4/19/2018,717,126,52,7,102,42,170,18,1,7,0,42,0,1
4/20/2016,685,133,52,4,87,36,154,21,1,1,1,48,0,0
4/20/2017,712,145,60,7,107,29,152,17,0,7,0,31,0,1
4/20/2018,792,169,50,9,95,39,166,26,0,3,1,48,0,0
4/21/2016,713,160,45,6,92,30,167,19,0,1,1,46,0,0
4/21/2017,813,154,71,4,106,40,152,28,2,2,3,54,0,0
4/21/2018,675,157,42,4,76,34,135,25,4,5,2,41,0,0
4/22/2016,728,142,56,3,100,28,154,26,2,2,2,54,0,0
4/22/2017,701,169,54,6,92,30,140,21,1,4,1,37,0,1
4/22/2018,696,160,49,1,91,31,156,21,0,3,3,33,0,0
4/23/2016,691,165,44,9,80,29,151,16,2,3,1,32,0,1
4/23/2017,703,179,62,5,83,25,146,21,4,1,2,31,0,0
4/23/2018,715,162,47,7,97,32,162,24,2,2,0,24,0,0
4/24/2016,753,184,45,8,87,20,152,16,3,4,3,56,0,0
4/24/2017,735,164,55,10,95,31,156,22,3,5,1,21,0,1
4/24/2018,711,150,48,6,116,29,155,22,4,4,0,26,0,0
4/25/2016,757,177,54,10,85,24,141,19,2,2,1,41,0,0
4/25/2017,756,161,54,6,99,34,163,28,1,4,2,31,1,0
4/25/2018,749,161,55,6,120,35,154,25,3,8,0,38,0,0
4/26/2016,691,140,60,5,86,30,143,22,2,5,2,48,0,0
4/26/2017,758,181,58,5,92,26,150,17,0,5,1,43,1,0
4/26/2018,726,146,42,5,117,51,150,13,2,6,0,29,0,0
4/27/2016,658,150,67,5,83,25,133,19,0,4,0,43,1,0
4/27/2017,715,150,43,4,97,31,148,23,1,4,1,37,1,0
4/27/2018,763,163,49,10,113,34,154,21,2,7,1,47,1,0
4/28/2016,731,148,59,8,93,33,147,18,0,5,2,45,0,0
4/28/2017,832,177,63,7,96,41,177,30,4,12,0,47,1,0
4/28/2018,676,151,49,5,112,33,125,20,0,5,1,36,0,0
4/29/2016,715,161,54,7,86,28,126,19,0,4,1,54,0,0
4/29/2017,614,119,47,5,80,32,123,29,1,2,0,27,0,0
4/29/2018,723,178,51,11,90,25,154,19,1,5,1,41,0,1
4/30/2016,603,139,45,5,88,29,109,17,2,2,1,34,0,1
4/30/2017,656,149,51,7,73,26,148,27,0,1,2,32,0,0
4/30/2018,781,169,49,12,107,37,175,23,1,3,2,27,0,0
5/1/2016,802,158,59,13,80,37,131,28,0,4,1,26,0,0
5/1/2017,834,158,61,16,92,41,134,19,1,2,1,28,1,1
5/1/2018,953,209,52,13,112,46,176,22,1,6,0,29,1,0
5/2/2016,755,149,59,4,90,33,132,23,5,6,1,44,1,0
5/2/2017,689,152,45,6,93,43,148,24,0,3,1,33,0,0
5/2/2018,780,175,46,10,105,41,143,18,3,6,1,37,0,0
5/3/2016,734,151,62,9,72,32,155,21,2,4,0,45,0,0
5/3/2017,739,154,66,10,90,27,148,19,0,3,0,37,1,0
5/3/2018,738,177,40,8,105,40,147,21,2,2,1,33,0,0
5/4/2016,678,146,54,7,75,27,158,18,3,3,1,49,0,0
5/4/2017,741,150,61,5,99,37,140,14,0,2,2,45,0,0
5/4/2018,808,204,44,13,95,37,152,21,1,9,1,48,0,0
5/5/2016,696,142,53,6,98,29,137,21,0,3,0,50,0,0
5/5/2017,794,170,55,13,97,40,169,22,1,5,1,44,1,0
5/5/2018,845,214,50,7,116,31,150,20,0,4,1,35,0,0
5/6/2016,794,169,57,8,95,37,147,26,2,0,1,40,0,0
5/6/2017,709,161,48,4,103,31,139,26,0,0,1,31,0,0
5/6/2018,707,185,38,11,84,21,147,23,4,3,0,22,0,0
5/7/2016,740,176,57,10,87,44,133,22,4,1,2,14,0,0
5/7/2017,630,166,48,10,81,21,128,20,5,4,1,13,0,0
5/7/2018,801,175,52,5,111,35,159,23,2,3,0,43,1,2
5/8/2016,726,189,49,6,78,28,157,21,4,10,0,32,0,0
5/8/2017,704,134,57,7,92,39,149,19,1,8,2,40,1,0
5/8/2018,800,183,56,13,103,37,176,20,4,3,1,33,0,0
5/9/2016,729,166,60,5,84,35,146,20,3,5,1,42,1,0
5/9/2017,706,155,62,5,99,40,145,19,2,2,0,33,0,0
5/9/2018,784,174,60,11,110,33,166,20,0,2,2,23,0,0
5/10/2016,711,154,57,3,85,35,144,19,2,2,2,40,0,0
5/10/2017,663,140,50,6,88,31,137,22,3,5,1,24,0,0
5/10/2018,772,167,51,6,115,43,138,20,0,7,1,35,1,1
5/11/2016,757,167,59,6,97,39,143,21,3,2,1,40,0,0
5/11/2017,731,173,59,4,101,24,151,27,1,2,0,34,0,0
5/11/2018,720,155,51,5,95,37,152,23,3,5,0,35,0,0
5/12/2016,688,150,55,2,87,32,132,19,2,3,1,49,0,0
5/12/2017,847,173,50,8,115,37,168,24,3,3,2,46,0,2
5/12/2018,688,155,43,5,102,36,148,16,2,5,1,29,0,3
5/13/2016,808,160,57,6,99,39,174,23,1,2,0,46,0,0
5/13/2017,724,161,44,4,102,28,167,24,1,10,1,36,0,0
5/13/2018,686,167,48,4,87,16,155,26,2,5,3,27,0,1
5/14/2016,720,157,53,5,93,24,147,19,4,1,6,45,0,0
5/14/2017,712,176,44,6,87,26,165,25,5,3,1,24,0,0
5/14/2018,779,164,48,7,111,40,170,23,3,4,0,27,0,0
5/15/2016,738,173,55,6,88,22,157,20,4,3,1,37,0,0
5/15/2017,868,183,64,3,105,44,160,25,1,5,0,41,0,1
5/15/2018,736,163,49,7,104,35,147,27,1,0,0,23,0,0
5/16/2016,782,163,65,9,100,34,159,13,4,0,5,51,0,0
5/16/2017,746,183,57,10,106,33,143,31,1,2,0,36,0,0
5/16/2018,750,186,46,5,107,32,147,20,1,6,1,33,0,0
5/17/2016,688,143,59,7,93,26,160,20,1,0,3,44,0,0
5/17/2017,832,208,52,6,111,31,162,27,5,3,1,34,2,0
5/17/2018,788,183,59,16,114,38,152,18,3,4,1,28,0,0
5/18/2016,799,164,70,3,98,28,162,20,2,4,2,44,0,0
5/18/2017,775,177,53,7,101,37,156,19,2,1,2,29,0,0
5/18/2018,784,164,53,11,114,41,165,25,3,1,1,37,0,0
5/19/2016,763,146,59,5,103,22,153,23,1,3,1,79,0,0
5/19/2017,776,162,62,6,108,33,136,33,0,3,1,45,0,1
5/19/2018,745,177,51,8,107,30,130,24,1,5,0,41,0,0
5/20/2016,803,163,59,6,89,30,151,23,3,4,3,52,0,0
5/20/2017,664,144,46,4,100,31,142,26,2,2,1,36,1,0
5/20/2018,756,186,51,7,96,33,155,34,1,1,1,31,1,1
5/21/2016,791,163,62,7,99,35,164,15,3,5,3,36,0,0
5/21/2017,790,222,48,2,95,23,158,22,2,4,0,33,0,0
5/21/2018,697,150,54,3,106,31,141,22,0,2,0,38,1,1
5/22/2016,750,185,55,7,98,18,137,20,1,6,2,48,0,0
5/22/2017,794,169,63,8,116,35,165,19,3,5,4,29,0,0
5/22/2018,790,175,55,8,109,43,152,14,1,4,2,36,1,0
5/23/2016,781,176,63,8,88,31,156,20,0,6,1,42,0,0
5/23/2017,736,160,58,7,92,34,164,21,2,3,0,36,0,0
5/23/2018,775,172,43,6,109,39,167,29,1,4,0,33,0,2
5/24/2016,803,173,58,3,104,33,160,22,1,4,2,43,1,0
5/24/2017,760,150,56,11,117,32,151,19,1,5,3,32,0,0
5/24/2018,810,189,62,13,113,35,180,17,0,3,1,43,0,0
5/25/2016,718,172,51,14,87,30,132,23,0,3,1,34,0,0
5/25/2017,762,169,55,4,101,37,157,21,3,5,2,29,0,0
5/25/2018,798,190,39,8,101,41,167,20,3,5,0,25,0,0
5/26/2016,765,173,50,8,94,26,139,29,2,1,2,41,0,0
5/26/2017,766,152,68,8,101,30,155,27,0,4,1,43,0,1
5/26/2018,852,218,47,6,112,40,160,13,3,6,2,42,0,0
5/27/2016,798,160,58,13,99,27,165,27,4,2,1,48,0,0
5/27/2017,802,173,52,6,96,31,178,13,2,5,1,50,0,0
5/27/2018,878,227,46,10,106,31,173,20,1,6,0,44,0,2
5/28/2016,791,177,49,10,101,25,152,26,3,3,3,48,0,0
5/28/2017,703,183,54,8,80,24,159,16,1,3,1,26,1,0
5/28/2018,877,207,58,8,104,36,189,20,2,10,3,42,0,0
5/29/2016,798,207,60,6,80,20,164,21,0,8,3,45,0,1
5/29/2017,767,188,54,7,97,22,173,20,4,5,0,32,0,0
5/29/2018,874,218,61,8,106,39,163,24,0,6,2,33,0,0
5/30/2016,819,203,60,6,105,24,154,25,2,2,1,42,0,0
5/30/2017,813,175,51,5,113,32,172,25,4,4,5,20,0,0
5/30/2018,841,171,54,7,115,46,159,26,2,6,4,33,0,1
5/31/2016,754,168,65,6,92,38,152,23,1,1,4,48,1,0
5/31/2017,737,165,55,7,100,31,160,14,1,2,2,38,0,0
5/31/2018,839,182,58,9,111,41,166,24,3,4,3,32,2,1
6/1/2016,905,172,54,19,98,41,168,26,4,7,1,45,0,0
6/1/2017,842,158,56,10,103,46,156,14,3,7,2,37,1,0
6/1/2018,916,191,66,8,115,38,179,19,1,6,2,35,1,0
6/2/2016,797,178,50,9,104,35,164,21,1,4,2,41,0,1
6/2/2017,840,189,58,6,96,39,139,31,2,1,4,44,0,0
6/2/2018,809,189,55,7,118,46,157,22,0,0,1,43,0,1
6/3/2016,819,181,54,9,84,36,158,24,2,4,0,56,1,0
6/3/2017,822,201,61,4,99,32,179,26,3,0,0,26,0,0
6/3/2018,828,207,60,9,97,28,165,23,2,4,2,32,0,1
6/4/2016,827,194,46,8,95,65,151,18,5,3,1,40,0,1
6/4/2017,818,208,68,8,89,25,154,30,3,6,2,34,0,0
6/4/2018,779,178,53,8,96,39,148,27,1,2,1,23,0,0
6/5/2016,778,183,54,6,90,44,124,26,3,2,1,41,0,0
6/5/2017,733,173,54,8,90,29,130,28,3,3,1,23,0,0
6/5/2018,750,162,60,8,118,36,130,15,2,3,1,35,0,0
6/6/2016,791,167,52,7,96,37,144,23,2,2,1,42,0,0
6/6/2017,820,175,55,3,110,43,148,24,2,4,3,31,0,0
6/6/2018,803,183,47,3,107,35,156,28,1,5,1,32,1,0
6/7/2016,754,174,61,3,87,48,144,22,0,1,1,47,0,0
6/7/2017,784,176,55,9,105,40,154,26,3,5,1,20,0,0
6/7/2018,761,172,48,7,116,37,153,17,1,5,2,34,0,1
6/8/2016,743,154,64,3,91,33,150,24,2,5,1,49,0,0
6/8/2017,768,167,60,6,103,32,161,27,3,7,0,17,0,0
6/8/2018,756,155,50,9,97,29,171,24,5,4,1,36,0,0
6/9/2016,724,149,42,11,86,45,142,28,1,5,0,37,0,0
6/9/2017,814,176,72,13,104,33,169,27,2,3,0,30,1,0
6/9/2018,806,167,52,6,114,29,170,26,4,7,0,31,0,1
6/10/2016,763,157,52,5,100,36,145,25,2,3,1,40,0,0
6/10/2017,782,170,51,7,101,28,135,22,0,3,1,27,0,1
6/10/2018,726,162,47,6,104,25,141,24,4,4,1,34,0,0
6/11/2016,814,187,40,5,108,41,159,18,4,3,0,37,0,0
6/11/2017,812,202,45,3,95,31,164,21,6,4,0,26,0,0
6/11/2018,739,149,49,7,108,37,155,21,0,3,3,32,0,1
6/12/2016,849,190,52,11,100,23,161,25,3,5,2,51,0,0
6/12/2017,741,170,49,4,96,28,141,33,6,1,4,38,0,0
6/12/2018,786,178,51,5,113,36,161,19,2,10,1,29,0,1
6/13/2016,793,176,51,7,100,41,150,28,1,4,0,33,0,1
6/13/2017,808,163,56,6,121,45,152,24,4,3,1,30,0,0
6/13/2018,741,178,43,6,104,31,148,16,0,5,0,27,0,1
6/14/2016,835,175,60,2,101,40,169,27,4,2,1,47,0,0
6/14/2017,765,158,54,3,106,30,132,29,1,5,3,22,0,0
6/14/2018,752,143,51,5,112,33,176,23,2,3,0,36,0,0
6/15/2016,786,165,68,5,94,39,164,16,1,2,1,47,0,0
6/15/2017,818,176,70,5,99,34,165,20,2,5,1,25,0,0
6/15/2018,819,171,61,11,95,43,165,18,4,4,0,35,0,1
6/16/2016,819,163,61,8,102,27,165,26,7,4,4,36,1,0
6/16/2017,833,182,58,5,108,40,160,30,3,4,0,27,0,2
6/16/2018,815,205,51,12,117,36,164,21,3,6,1,28,0,2
6/17/2016,827,178,56,12,108,40,168,23,2,3,1,38,0,0
6/17/2017,826,184,52,10,104,39,151,31,1,5,3,23,0,0
6/17/2018,824,243,51,8,101,32,130,25,5,8,2,19,0,0
6/18/2016,761,163,54,13,99,20,138,19,7,5,0,34,0,0
6/18/2017,783,202,59,9,97,24,151,24,7,4,0,14,0,0
6/18/2018,831,194,53,4,107,29,183,19,3,4,0,23,1,0
6/19/2016,811,205,63,7,100,22,135,23,3,9,3,22,0,0
6/19/2017,745,161,48,8,107,23,160,30,2,3,3,29,0,0
6/19/2018,784,181,55,5,120,32,164,19,3,3,3,32,0,0
6/20/2016,854,203,63,11,93,29,155,25,2,5,1,36,0,0
6/20/2017,802,172,70,5,104,35,147,24,2,3,2,32,1,0
6/20/2018,873,183,61,6,123,28,195,19,0,3,2,39,0,0
6/21/2016,822,173,51,9,105,35,154,26,1,2,2,33,0,0
6/21/2017,783,141,72,7,106,31,169,35,4,3,3,32,0,0
6/21/2018,653,136,45,2,105,45,118,21,1,4,0,27,0,0
6/22/2016,749,176,63,6,101,37,151,18,1,6,2,37,1,0
6/22/2017,817,151,65,9,108,41,154,22,2,3,4,22,1,0
6/22/2018,716,143,59,6,108,35,135,23,0,5,2,39,0,1
6/23/2016,800,171,69,11,108,35,140,23,2,10,3,44,0,0
6/23/2017,777,146,51,6,88,38,156,29,1,4,1,29,0,0
6/23/2018,834,181,54,8,115,34,176,22,1,3,1,35,0,0
6/24/2016,807,161,64,6,117,31,146,24,4,7,2,48,0,0
6/24/2017,818,185,62,11,106,35,156,28,2,1,0,39,0,0
6/24/2018,869,217,59,9,122,30,167,29,2,1,5,19,0,0
6/25/2016,811,187,59,5,101,27,157,32,1,3,3,30,0,0
6/25/2017,797,208,55,10,93,27,152,26,1,1,3,18,0,0
6/25/2018,847,176,67,7,117,38,151,27,2,5,0,28,0,1
6/26/2016,773,189,58,14,87,19,155,23,4,3,3,24,0,0
6/26/2017,787,167,64,8,98,35,141,29,4,5,0,31,1,0
6/26/2018,788,147,61,8,114,37,162,22,3,2,1,24,0,0
6/27/2016,768,172,61,9,92,31,129,36,2,3,1,41,0,1
6/27/2017,771,167,59,4,104,34,153,24,5,5,1,33,0,0
6/27/2018,812,170,69,8,111,45,168,21,1,2,1,30,0,1
6/28/2016,767,148,55,7,98,33,158,23,2,2,1,45,0,0
6/28/2017,703,144,80,5,93,30,130,33,3,3,0,25,1,0
6/28/2018,812,185,65,7,126,44,157,25,1,4,0,30,0,0
6/29/2016,803,170,61,4,96,39,160,17,3,6,1,42,0,0
6/29/2017,775,172,40,4,110,32,166,28,1,6,2,24,0,0
6/29/2018,774,164,61,8,109,41,149,21,0,6,1,28,0,0
6/30/2016,848,162,56,6,99,28,158,31,2,2,1,73,0,0
6/30/2017,775,173,62,6,102,28,151,23,4,5,0,28,0,0
6/30/2018,852,200,60,6,120,38,167,24,2,8,1,39,0,1
7/1/2016,948,155,69,12,95,46,177,33,2,3,1,60,0,1
7/1/2017,906,198,55,13,93,47,178,19,1,4,1,33,1,0
7/1/2018,894,209,57,9,113,32,175,25,1,2,2,47,1,2
7/2/2016,756,175,69,7,89,25,148,27,2,4,2,51,0,0
7/2/2017,779,173,62,7,86,20,180,23,3,4,2,27,1,0
7/2/2018,850,192,50,6,127,36,162,22,0,6,0,35,0,0
7/3/2016,780,177,57,7,88,22,160,21,1,4,3,51,0,0
7/3/2017,863,166,66,8,104,43,157,29,0,2,1,59,0,0
7/3/2018,807,155,62,2,120,37,176,26,1,6,0,42,1,0
7/4/2016,846,203,67,9,83,15,179,22,1,4,2,37,0,0
7/4/2017,795,191,43,7,95,22,176,29,1,10,0,22,0,1
7/4/2018,816,225,53,8,82,22,168,21,0,8,0,27,1,1
7/5/2016,894,217,65,9,86,34,157,33,5,0,3,48,0,0
7/5/2017,855,183,66,10,92,36,169,31,8,3,2,30,0,0
7/5/2018,821,181,57,6,114,35,171,18,1,5,1,46,0,1
7/6/2016,741,160,60,6,92,32,157,22,2,2,0,31,0,0
7/6/2017,776,165,72,8,100,33,157,24,3,3,2,23,0,0
7/6/2018,873,159,73,10,111,48,173,23,2,4,2,52,0,2
7/7/2016,788,146,60,7,113,35,148,21,0,3,1,44,0,0
7/7/2017,757,168,54,4,100,43,138,27,0,4,0,28,1,0
7/7/2018,818,188,60,5,105,35,162,23,1,6,3,32,0,0
7/8/2016,789,158,68,9,114,30,150,19,1,1,1,33,0,0
7/8/2017,759,178,57,12,89,32,145,27,1,2,2,26,0,0
7/8/2018,812,220,68,11,82,21,154,26,4,9,1,32,0,0
7/9/2016,727,175,59,3,99,28,132,12,1,2,5,28,0,0
7/9/2017,823,200,71,4,99,26,151,24,2,5,2,32,0,0
7/9/2018,789,160,68,6,108,38,155,17,1,5,1,33,0,0
7/10/2016,760,170,68,9,89,33,146,26,2,5,2,21,0,0
7/10/2017,779,142,56,11,111,35,157,25,2,5,0,38,0,0
7/10/2018,802,157,59,7,120,45,143,20,2,10,1,31,0,0
7/11/2016,699,156,62,6,88,29,147,27,2,1,2,30,0,0
7/11/2017,767,156,59,12,108,34,149,23,2,3,0,29,0,0
7/11/2018,732,161,54,8,113,46,143,20,4,6,3,21,0,0
7/12/2016,779,153,55,8,94,43,154,21,2,2,3,36,0,0
7/12/2017,688,133,54,4,113,33,155,23,2,1,0,22,0,0
7/12/2018,790,172,60,6,117,37,138,23,4,2,4,40,0,1
7/13/2016,726,136,70,11,84,38,128,18,2,3,1,43,0,0
7/13/2017,813,157,60,10,105,31,152,19,3,6,1,41,0,1
7/13/2018,812,178,54,5,123,41,148,28,1,2,0,28,0,0
7/14/2016,768,127,59,10,101,32,155,32,3,4,0,45,0,0
7/14/2017,796,171,57,4,115,35,146,21,8,6,2,38,0,0
7/14/2018,781,211,50,7,105,36,162,15,2,2,1,30,0,1
7/15/2016,843,157,66,7,112,35,148,25,1,3,0,44,0,0
7/15/2017,884,177,64,8,112,33,173,23,4,3,2,36,0,0
7/15/2018,799,207,46,7,104,32,159,23,3,4,1,29,0,0
7/16/2016,780,167,57,5,86,26,148,32,1,2,2,27,0,0
7/16/2017,813,190,65,11,98,29,166,33,3,3,0,35,0,0
7/16/2018,764,172,51,11,120,33,150,19,0,3,0,30,0,0
7/17/2016,787,180,75,10,66,26,186,34,4,2,0,30,0,0
7/17/2017,838,149,64,3,115,37,151,29,2,3,3,31,0,1
7/17/2018,725,171,45,6,101,34,144,19,2,2,2,33,0,0
7/18/2016,799,148,70,7,96,33,157,28,2,5,3,37,0,0
7/18/2017,790,162,50,8,107,44,165,25,3,6,1,20,1,1
7/18/2018,822,202,57,9,115,54,145,23,2,7,0,25,0,1
7/19/2016,792,142,76,5,101,34,155,26,2,2,3,42,0,0
7/19/2017,767,164,56,4,105,38,144,28,0,8,3,33,1,1
7/19/2018,772,178,53,9,119,39,142,24,2,5,1,25,0,0
7/20/2016,821,180,75,9,97,41,128,25,1,4,1,38,0,0
7/20/2017,758,147,81,12,101,30,143,14,2,2,1,30,0,0
7/20/2018,811,169,59,7,120,39,150,22,2,3,1,34,0,1
7/21/2016,784,157,78,3,106,42,128,23,4,4,1,39,0,0
7/21/2017,758,145,63,5,120,33,140,24,1,3,1,37,1,0
7/21/2018,791,197,54,6,108,33,146,22,4,6,1,31,0,0
7/22/2016,790,163,60,6,92,35,146,26,2,3,2,47,0,0
7/22/2017,752,176,59,5,101,27,144,29,2,1,1,30,0,0
7/22/2018,789,196,72,8,100,30,142,20,3,3,3,41,0,0
7/23/2016,813,180,78,11,101,32,131,30,2,3,1,30,0,0
7/23/2017,843,203,64,10,102,26,164,24,4,5,1,27,0,0
7/23/2018,836,184,54,6,122,38,173,19,2,6,0,31,0,0
7/24/2016,790,185,64,11,89,21,142,21,4,2,0,34,0,0
7/24/2017,780,159,73,6,89,42,163,19,3,1,3,26,0,0
7/24/2018,786,175,47,4,130,45,146,28,0,3,1,28,1,0
7/25/2016,826,169,64,8,107,29,147,27,2,4,3,42,0,2
7/25/2017,846,148,63,9,111,38,177,26,2,3,0,30,0,0
7/25/2018,790,173,44,6,118,38,161,22,2,8,0,37,1,0
7/26/2016,876,174,62,8,119,45,155,35,1,0,1,43,0,0
7/26/2017,750,157,59,5,100,35,157,25,1,7,0,32,0,0
7/26/2018,789,151,60,7,109,37,167,18,2,4,1,30,2,1
7/27/2016,795,147,66,10,109,34,139,25,2,2,3,38,0,0
7/27/2017,790,161,73,7,117,34,143,19,4,5,1,29,0,0
7/27/2018,790,153,55,3,109,45,178,22,3,9,0,37,2,0
7/28/2016,774,154,68,13,87,45,138,32,4,1,0,46,0,0
7/28/2017,851,150,61,8,122,44,154,28,5,3,0,29,0,0
7/28/2018,809,174,47,13,116,45,159,25,3,9,3,29,0,1
7/29/2016,801,146,75,9,100,37,149,22,5,1,1,36,1,0
7/29/2017,798,183,52,12,97,33,163,21,0,1,0,28,0,1
7/29/2018,768,198,56,8,108,31,139,26,3,3,4,27,1,0
7/30/2016,926,188,78,8,109,32,152,22,3,4,0,34,1,0
7/30/2017,818,203,56,9,86,30,162,31,1,2,0,32,0,0
7/30/2018,774,150,64,5,108,39,161,24,1,4,0,20,1,0
7/31/2016,813,172,60,9,113,28,140,20,3,2,0,21,0,0
7/31/2017,788,154,63,11,106,36,158,23,2,6,2,27,0,0
7/31/2018,815,186,48,6,120,47,157,23,2,3,1,30,1,1
8/1/2016,859,158,56,11,103,43,141,28,1,4,3,30,0,3
8/1/2017,928,157,73,9,117,43,159,28,1,0,2,32,0,0
8/1/2018,858,177,64,11,118,45,160,15,1,3,0,29,1,0
8/2/2016,791,178,69,4,108,37,141,24,4,4,1,25,0,0
8/2/2017,773,155,47,8,104,33,176,24,0,5,0,30,0,0
8/2/2018,839,167,65,8,123,40,158,31,0,3,2,22,0,0
8/3/2016,771,140,78,5,81,32,153,25,3,1,0,36,0,0
8/3/2017,846,170,59,5,114,34,161,19,1,5,2,32,0,0
8/3/2018,879,168,54,8,127,53,150,21,2,7,1,33,0,1
8/4/2016,790,167,64,5,94,33,152,32,1,3,0,32,0,0
8/4/2017,923,149,63,4,126,49,161,24,0,0,0,35,1,0
8/4/2018,894,209,64,16,111,32,155,26,3,5,1,32,1,1
8/5/2016,860,164,76,7,94,41,156,31,1,6,1,32,0,0
8/5/2017,926,167,63,8,136,42,175,24,2,1,0,22,0,0
8/5/2018,853,226,47,10,116,35,171,19,8,2,3,18,0,0
8/6/2016,826,206,54,8,105,29,155,27,3,0,0,23,0,0
8/6/2017,865,211,66,6,111,24,149,21,3,4,4,34,0,0
8/6/2018,796,155,61,10,113,40,145,26,3,7,3,34,0,0
8/7/2016,838,187,65,9,89,32,152,25,3,5,4,38,0,0
8/7/2017,773,148,71,9,94,30,149,22,1,4,2,35,0,2
8/7/2018,767,147,48,10,122,41,150,27,2,5,0,30,0,1
8/8/2016,802,146,80,6,106,34,131,30,8,0,2,28,1,1
8/8/2017,764,151,62,10,107,30,159,22,1,1,0,38,0,1
8/8/2018,772,158,53,4,137,32,162,22,4,6,3,32,0,0
8/9/2016,722,157,60,7,97,36,153,20,5,2,1,30,0,0
8/9/2017,770,163,50,10,109,40,145,23,3,5,0,26,0,0
8/9/2018,755,166,55,10,117,33,135,21,3,5,1,28,0,0
8/10/2016,721,155,54,6,86,38,137,15,3,5,1,26,0,1
8/10/2017,789,163,56,6,106,36,164,24,2,4,2,28,0,0
8/10/2018,838,165,65,9,124,41,155,21,2,8,0,34,0,2
8/11/2016,850,171,59,4,96,37,188,30,3,2,2,33,0,0
8/11/2017,766,147,53,11,106,28,158,22,0,4,2,31,0,0
8/11/2018,841,201,72,10,102,32,164,29,0,2,2,27,0,2
8/12/2016,743,127,71,5,100,27,137,24,1,4,1,34,0,0
8/12/2017,812,171,59,12,104,36,153,26,2,5,0,27,0,1
8/12/2018,823,206,55,7,105,29,172,26,0,4,2,32,0,0
8/13/2016,825,168,63,8,104,36,173,26,3,4,0,18,1,0
8/13/2017,730,176,56,8,92,27,151,18,6,3,2,15,0,0
8/13/2018,810,178,55,4,122,44,157,22,1,1,2,30,0,0
8/14/2016,842,193,77,10,97,27,151,28,6,2,4,24,0,0
8/14/2017,810,167,55,5,112,29,144,25,4,6,2,29,0,0
8/14/2018,822,177,55,9,129,41,142,29,1,2,2,47,0,0
8/15/2016,842,165,71,2,109,45,165,18,2,4,2,26,0,0
8/15/2017,793,147,65,15,125,36,147,35,2,3,0,17,0,0
8/15/2018,777,149,51,10,122,36,154,23,1,5,2,37,1,0
8/16/2016,813,160,66,6,108,35,144,25,5,5,1,29,0,1
8/16/2017,793,163,68,7,115,35,134,30,3,3,0,23,0,0
8/16/2018,827,177,59,7,124,41,174,21,2,4,1,34,1,0
8/17/2016,860,158,75,8,123,43,159,33,0,0,3,28,0,1
8/17/2017,765,157,77,4,106,31,151,23,0,2,0,33,0,0
8/17/2018,787,155,65,17,113,37,147,28,1,3,1,39,0,1
8/18/2016,764,154,66,11,92,40,135,25,2,2,0,39,0,0
8/18/2017,853,172,73,5,119,35,162,21,2,4,2,44,0,0
8/18/2018,884,204,68,9,111,43,172,27,2,5,1,36,0,0
8/19/2016,790,155,68,8,99,31,144,31,2,3,2,32,0,0
8/19/2017,890,206,62,3,116,39,159,24,2,6,1,32,1,0
8/19/2018,776,203,52,9,94,32,160,27,4,9,1,29,0,2
8/20/2016,843,175,67,7,117,37,145,25,2,4,2,21,0,0
8/20/2017,773,175,64,7,92,21,157,25,7,3,3,18,0,2
8/20/2018,725,150,63,7,95,42,138,25,2,8,2,28,0,0
8/21/2016,785,191,66,7,98,25,164,16,4,3,1,13,0,0
8/21/2017,751,178,64,7,103,29,132,29,0,6,0,17,0,0
8/21/2018,710,145,47,8,107,38,130,21,0,3,2,36,0,0
8/22/2016,726,137,81,6,103,27,134,20,1,4,2,27,0,0
8/22/2017,777,163,81,6,119,29,152,20,1,2,1,25,0,0
8/22/2018,839,160,77,10,123,33,168,24,1,6,0,34,1,0
8/23/2016,751,160,83,6,93,29,133,26,5,4,1,22,0,0
8/23/2017,745,144,57,9,109,31,164,34,1,4,3,32,0,0
8/23/2018,721,156,50,4,101,27,147,19,2,3,0,26,0,0
8/24/2016,823,149,88,9,104,30,169,24,3,2,4,28,0,0
8/24/2017,800,141,72,5,118,37,159,12,1,7,0,33,0,0
8/24/2018,767,153,58,5,113,42,141,24,4,6,0,40,0,2
8/25/2016,769,142,71,4,100,27,150,23,0,7,1,18,0,0
8/25/2017,769,145,57,2,104,33,152,26,0,1,6,62,0,0
8/25/2018,811,177,50,9,122,37,161,19,1,4,1,47,0,2
8/26/2016,803,157,75,9,103,37,149,31,4,6,0,23,0,0
8/26/2017,780,181,63,11,101,30,139,25,3,5,1,30,0,1
8/26/2018,776,205,53,8,96,22,163,29,0,9,0,32,0,2
8/27/2016,817,184,75,12,108,32,146,21,3,3,2,17,0,0
8/27/2017,752,185,70,11,102,21,153,20,4,3,1,17,0,0
8/27/2018,803,168,76,3,108,34,152,26,1,7,0,33,0,0
8/28/2016,805,205,68,9,100,30,140,28,4,1,0,22,0,0
8/28/2017,686,134,56,5,103,35,137,22,1,4,1,32,0,0
8/28/2018,787,168,69,3,95,42,159,18,0,3,0,35,1,0
8/29/2016,880,187,90,8,109,39,153,25,3,2,2,29,0,0
8/29/2017,723,134,69,7,91,34,149,21,0,6,1,35,0,0
8/29/2018,732,142,65,6,113,29,161,22,1,5,2,27,0,0
8/30/2016,755,144,77,9,102,36,144,26,2,1,2,24,0,0
8/30/2017,785,160,62,7,107,36,133,27,0,7,4,46,0,0
8/30/2018,801,156,55,8,109,33,165,32,2,3,2,36,0,0
8/31/2016,776,153,66,12,103,29,144,22,4,1,1,23,0,0
8/31/2017,730,172,56,9,91,36,138,31,2,6,1,49,2,1
8/31/2018,805,166,68,5,100,40,162,23,2,3,2,46,0,1
9/1/2016,1010,163,75,16,113,53,167,27,1,5,2,57,0,0
9/1/2017,881,149,71,13,102,45,160,23,0,5,1,55,0,0
9/1/2018,861,211,52,9,101,42,166,24,3,9,0,50,2,1
9/2/2016,797,150,69,6,102,33,151,29,1,1,0,34,0,0
9/2/2017,768,158,66,6,96,31,131,23,2,8,0,56,0,0
9/2/2018,796,187,60,7,92,33,170,25,3,7,0,38,0,2
9/3/2016,828,155,75,7,101,28,176,24,0,5,2,36,0,0
9/3/2017,757,187,46,12,92,29,156,18,2,5,2,42,0,0
9/3/2018,753,180,49,13,100,30,150,24,1,4,1,41,0,0
9/4/2016,777,174,52,9,91,29,157,19,4,2,2,28,0,0
9/4/2017,714,180,47,8,76,23,150,22,3,3,2,50,0,0
9/4/2018,785,168,65,9,110,38,150,23,3,5,2,38,0,2
9/5/2016,820,188,68,7,92,29,159,32,9,5,0,32,0,0
9/5/2017,703,153,60,5,90,43,117,17,0,2,1,53,1,0
9/5/2018,701,163,45,11,110,37,139,21,1,1,0,33,1,0
9/6/2016,761,144,69,7,102,33,144,31,2,6,0,25,0,0
9/6/2017,647,124,47,1,101,44,123,22,4,5,0,34,0,0
9/6/2018,730,149,52,7,105,32,132,22,1,7,0,47,2,0
9/7/2016,718,160,53,7,91,34,137,21,1,3,0,28,0,0
9/7/2017,727,156,67,7,115,36,129,31,1,1,1,27,0,1
9/7/2018,710,136,56,4,104,50,145,20,2,3,1,45,0,1
9/8/2016,791,151,67,8,103,33,145,28,1,2,0,28,1,0
9/8/2017,702,158,62,8,97,31,135,28,1,6,0,24,0,0
9/8/2018,777,182,47,11,112,35,159,21,1,7,1,32,0,1
9/9/2016,818,167,77,11,95,32,151,27,0,2,1,35,0,0
9/9/2017,733,158,52,7,108,35,148,21,2,2,1,23,0,0
9/9/2018,654,167,45,7,102,28,121,16,2,5,0,22,0,0
9/10/2016,767,165,70,8,90,26,133,25,4,3,6,25,0,0
9/10/2017,739,183,56,9,100,28,138,28,1,3,0,24,1,0
9/10/2018,695,148,51,7,106,38,136,20,2,5,1,16,1,1
9/11/2016,755,161,58,7,98,26,158,29,4,3,1,19,0,0
9/11/2017,687,140,63,8,100,40,127,25,0,1,3,27,1,1
9/11/2018,683,156,52,3,93,29,151,25,0,6,2,35,0,0
9/12/2016,791,161,71,4,103,24,161,19,1,4,0,26,1,0
9/12/2017,722,144,57,11,108,38,129,24,3,1,0,30,0,0
9/12/2018,699,153,47,10,96,31,144,23,2,4,2,27,0,2
9/13/2016,785,180,83,6,94,35,145,21,0,1,4,22,0,0
9/13/2017,703,142,55,7,105,30,139,26,2,5,2,27,0,1
9/13/2018,672,144,49,6,115,37,118,19,1,2,0,29,0,1
9/14/2016,819,148,76,5,120,38,145,29,2,2,1,32,0,1
9/14/2017,732,161,49,3,121,36,125,23,1,0,1,31,0,0
9/14/2018,853,190,59,7,110,38,167,22,4,5,1,34,0,0
9/15/2016,822,162,65,7,109,40,140,29,2,2,1,19,1,0
9/15/2017,804,166,61,6,110,32,125,21,5,2,1,28,0,0
9/15/2018,769,180,49,11,108,27,161,26,1,2,1,27,1,0
9/16/2016,801,160,74,9,95,37,152,27,1,3,7,25,0,0
9/16/2017,827,188,55,9,111,32,163,36,2,2,0,29,0,0
9/16/2018,787,197,51,11,105,23,136,22,1,5,1,29,0,0
9/17/2016,834,192,64,7,102,31,168,31,0,4,1,25,0,0
9/17/2017,811,187,48,15,111,31,141,24,4,4,2,22,1,0
9/17/2018,770,153,56,11,126,35,143,25,1,1,1,24,0,1
9/18/2016,780,182,53,6,94,19,160,25,5,5,3,26,0,0
9/18/2017,771,169,65,8,108,33,132,31,2,4,1,23,0,1
9/18/2018,717,166,55,6,95,32,155,19,3,3,1,28,0,0
9/19/2016,712,145,58,2,101,31,135,21,1,6,0,19,0,0
9/19/2017,708,161,57,5,100,32,133,19,1,5,2,28,0,0
9/19/2018,747,167,69,9,101,26,151,23,0,3,2,28,0,0
9/20/2016,790,151,78,7,105,34,151,21,1,2,0,25,0,0
9/20/2017,826,191,65,7,107,40,151,26,0,5,1,38,0,0
9/20/2018,804,193,53,9,108,32,141,22,1,6,0,30,0,0
9/21/2016,731,153,56,6,90,40,137,26,4,0,2,25,0,0
9/21/2017,802,182,68,4,105,41,149,24,2,7,1,33,1,0
9/21/2018,804,182,55,6,111,41,148,29,0,5,1,24,0,2
9/22/2016,828,167,72,7,110,44,139,15,3,2,1,42,0,0
9/22/2017,796,177,65,4,100,34,154,25,2,2,4,39,0,0
9/22/2018,785,189,59,8,120,24,127,19,2,1,1,35,0,0
9/23/2016,840,158,64,7,104,33,145,25,5,3,2,50,0,0
9/23/2017,829,203,57,10,94,35,157,21,1,5,2,21,1,1
9/23/2018,726,189,39,5,106,29,141,27,1,0,2,32,0,1
9/24/2016,833,201,66,7,95,39,162,29,4,3,4,15,0,0
9/24/2017,806,197,51,11,96,28,144,28,2,2,0,30,1,0
9/24/2018,775,172,69,7,113,29,142,26,3,5,0,35,0,1
9/25/2016,809,189,57,8,106,29,143,29,2,4,1,20,0,0
9/25/2017,819,188,61,5,116,37,137,23,3,4,1,39,0,0
9/25/2018,733,161,53,10,114,35,141,25,3,3,0,21,0,0
9/26/2016,763,143,72,7,100,37,146,27,2,3,1,17,0,0
9/26/2017,746,158,56,5,112,34,145,23,3,4,0,31,0,0
9/26/2018,729,156,40,12,112,29,147,23,2,6,2,23,0,1
9/27/2016,732,143,72,7,110,27,131,22,3,3,1,33,0,0
9/27/2017,720,156,76,6,103,28,127,21,1,1,1,35,0,0
9/27/2018,690,134,46,9,109,41,146,21,0,4,5,23,0,0
9/28/2016,634,132,58,2,102,29,126,21,0,1,0,18,0,0
9/28/2017,714,157,62,5,97,30,128,20,2,2,0,28,0,1
9/28/2018,763,161,63,5,102,45,151,24,1,3,1,45,0,1
9/29/2016,701,145,54,1,84,36,137,23,1,2,0,28,0,0
9/29/2017,807,162,64,9,113,38,146,21,7,2,2,43,0,0
9/29/2018,711,150,54,7,102,32,131,29,0,9,1,39,0,1
9/30/2016,772,146,75,9,91,38,141,26,1,8,1,28,0,1
9/30/2017,744,172,57,13,97,39,123,29,0,4,1,29,0,0
9/30/2018,720,170,50,5,95,31,146,28,4,4,0,33,0,1
10/1/2016,843,149,60,12,96,37,147,31,2,3,1,18,0,0
10/1/2017,818,176,69,16,87,25,140,23,2,2,2,26,0,0
10/1/2018,760,180,61,9,107,41,127,24,4,4,1,35,0,2
10/2/2016,706,170,58,7,88,18,142,30,2,4,1,19,0,0
10/2/2017,751,157,58,7,106,29,130,25,2,6,0,22,0,0
10/2/2018,700,148,63,8,114,34,137,24,2,2,0,21,0,0
10/3/2016,769,156,68,11,94,32,139,29,2,4,0,17,0,0
10/3/2017,738,145,60,4,113,32,147,25,2,1,6,32,0,0
10/3/2018,649,159,46,7,108,26,137,21,2,4,0,16,1,0
10/4/2016,743,153,69,7,92,40,157,27,3,5,2,29,0,0
10/4/2017,740,150,58,6,102,35,147,28,2,3,2,27,1,0
10/4/2018,673,158,44,10,107,33,133,23,2,1,2,17,1,0
10/5/2016,802,149,64,9,100,38,150,20,2,4,2,42,0,0
10/5/2017,748,167,66,4,89,35,156,26,1,5,1,31,1,0
10/5/2018,620,157,42,4,98,32,115,15,2,4,0,22,0,0
10/6/2016,751,154,71,5,92,37,140,21,0,6,3,25,0,0
10/6/2017,748,147,62,6,108,38,136,26,4,1,1,26,0,0
10/6/2018,710,173,46,9,103,26,138,21,2,4,1,13,0,2
10/7/2016,862,163,71,7,104,42,179,34,2,2,1,26,1,0
10/7/2017,710,149,47,4,97,27,135,23,2,5,0,20,1,0
10/7/2018,698,192,47,4,90,25,137,23,1,2,4,23,0,1
10/8/2016,713,164,66,7,93,26,145,21,1,1,1,14,0,0
10/8/2017,718,197,57,4,91,25,123,30,1,8,1,21,0,0
10/8/2018,719,177,53,7,93,28,167,15,3,6,1,31,0,0
10/9/2016,681,166,46,8,88,21,143,30,4,0,1,11,1,0
10/9/2017,745,164,70,8,99,40,129,25,4,5,0,21,2,0
10/9/2018,714,171,65,6,93,21,144,21,2,4,1,37,1,1
10/10/2016,717,151,56,9,103,29,133,19,1,2,2,21,0,0
10/10/2017,698,140,50,4,108,27,136,20,1,3,3,22,2,1
10/10/2018,666,160,41,4,102,34,147,17,2,3,1,32,1,1
10/11/2016,695,139,57,8,92,27,147,22,2,4,0,18,0,1
10/11/2017,613,120,63,7,96,31,122,23,2,3,0,27,0,0
10/11/2018,650,125,56,6,104,28,141,23,5,3,0,35,0,1
10/12/2016,744,141,63,10,122,29,159,27,2,4,0,21,1,0
10/12/2017,764,155,60,3,113,41,142,18,2,3,1,29,1,1
10/12/2018,652,143,28,8,99,37,136,22,0,4,1,33,0,0
10/13/2016,693,143,56,4,91,50,118,20,3,7,1,32,0,1
10/13/2017,769,161,62,6,97,29,153,28,3,4,1,29,1,0
10/13/2018,714,151,46,8,111,29,142,22,2,6,1,33,1,1
10/14/2016,821,168,67,7,103,36,150,22,5,4,4,26,0,0
10/14/2017,645,147,61,9,86,25,119,32,2,2,0,14,0,0
10/14/2018,682,175,55,7,93,17,152,19,0,3,2,23,0,0
10/15/2016,821,176,78,6,93,38,158,17,3,3,1,22,0,0
10/15/2017,637,142,54,4,101,24,112,19,4,2,0,20,1,0
10/15/2018,637,154,56,7,101,27,110,20,2,2,1,26,0,0
10/16/2016,788,193,65,16,93,33,133,24,1,3,1,25,0,0
10/16/2017,757,148,59,8,113,31,154,28,0,2,2,23,0,0
10/16/2018,625,147,49,2,103,27,119,19,0,2,1,29,0,0
10/17/2016,816,165,68,3,105,33,163,22,3,5,2,26,0,1
10/17/2017,713,157,65,4,92,41,138,22,1,1,2,29,0,1
10/17/2018,640,128,47,10,82,30,141,17,1,5,0,36,0,1
10/18/2016,771,175,63,8,113,31,142,20,3,6,4,25,1,0
10/18/2017,771,158,70,11,106,38,145,29,2,3,2,24,1,0
10/19/2016,710,152,70,5,98,23,157,24,2,3,1,26,1,0
10/19/2017,770,167,66,8,111,37,139,23,3,0,3,20,0,0
10/20/2016,714,152,78,5,90,27,130,20,0,1,0,27,1,0
10/20/2017,847,161,72,7,114,36,139,25,0,3,2,32,0,0
10/21/2016,760,145,59,6,108,33,138,35,0,2,2,34,0,0
10/21/2017,812,172,77,11,102,38,153,21,2,2,2,31,0,1
10/22/2016,771,161,62,5,89,49,126,24,2,5,1,27,0,0
10/22/2017,736,175,70,12,95,27,134,26,2,4,0,30,1,2
10/23/2016,783,182,62,7,91,30,145,34,6,4,3,22,1,0
10/23/2017,731,132,70,5,106,32,148,25,2,2,1,29,0,0
10/24/2016,770,154,72,7,109,39,138,21,3,3,1,32,0,1
10/24/2017,684,127,63,7,104,36,134,28,2,3,0,26,1,0
10/25/2016,734,137,72,4,96,29,144,26,2,3,2,25,1,0
10/25/2017,713,138,60,5,102,32,142,24,1,4,0,32,2,0
10/26/2016,698,139,81,4,103,39,116,25,2,1,1,20,1,0
10/26/2017,748,146,70,8,114,39,149,20,3,3,0,35,2,1
10/27/2016,728,137,61,6,108,29,121,29,2,3,1,24,1,0
10/27/2017,816,144,79,6,108,42,153,31,2,3,0,25,1,1
10/28/2016,802,157,56,4,116,52,139,34,3,5,3,19,0,0
10/28/2017,716,147,71,5,104,34,133,26,1,5,2,26,1,0
10/29/2016,831,188,54,10,79,43,166,29,7,3,7,20,0,0
10/29/2017,694,160,50,6,103,27,139,30,0,1,2,29,0,1
10/30/2016,786,184,59,4,84,38,135,26,7,5,0,23,1,0
10/30/2017,708,135,76,9,90,29,137,26,0,7,3,31,0,0
10/31/2016,865,164,91,7,85,36,170,22,4,3,1,19,1,0
10/31/2017,752,157,68,4,91,34,160,26,2,2,0,19,1,0
11/1/2016,894,162,78,15,104,45,162,29,4,2,2,29,0,0
11/1/2017,792,155,58,13,94,47,139,21,2,2,3,32,2,0
11/2/2016,746,163,80,3,90,26,120,25,5,0,3,15,0,0
11/2/2017,720,156,66,5,101,31,149,26,2,2,1,23,0,1
11/3/2016,783,202,76,6,93,35,134,22,4,5,2,8,0,0
11/3/2017,787,143,74,6,120,46,136,28,0,1,0,38,0,0
11/4/2016,782,152,69,6,93,40,138,25,3,4,1,19,0,0
11/4/2017,756,160,61,11,98,34,146,31,2,4,1,28,0,0
11/5/2016,819,180,68,4,104,29,142,35,4,4,0,19,0,0
11/5/2017,774,177,68,13,90,31,144,24,4,3,0,33,1,0
11/6/2016,752,175,57,5,89,27,137,27,4,3,0,23,0,1
11/6/2017,718,141,73,8,112,33,125,23,0,9,1,38,0,0
11/7/2016,733,137,76,1,95,31,157,26,3,3,1,16,0,0
11/7/2017,679,131,55,4,93,27,143,27,1,5,1,29,1,0
11/8/2016,644,142,67,5,85,28,125,22,2,4,0,20,0,0
11/8/2017,757,160,78,8,110,25,128,24,2,2,2,27,0,0
11/9/2016,678,134,65,7,105,27,113,28,1,0,1,18,0,0
11/9/2017,654,147,49,4,100,39,117,27,0,2,0,36,0,0
11/10/2016,720,129,65,7,101,31,136,25,1,1,3,25,0,0
11/10/2017,676,133,63,9,102,43,122,23,0,2,0,32,0,0
11/11/2016,797,137,81,3,96,38,156,33,0,1,0,42,0,0
11/11/2017,688,144,69,9,107,34,128,28,0,2,2,25,0,0
11/12/2016,779,162,69,5,85,27,145,29,3,3,2,29,0,0
11/12/2017,663,144,71,6,87,24,134,25,1,3,3,18,0,1
11/13/2016,658,143,56,7,86,25,136,32,3,2,0,26,1,0
11/13/2017,716,142,64,9,97,34,133,33,3,3,0,27,0,0
11/14/2016,668,133,71,6,101,29,127,23,4,5,2,22,0,0
11/14/2017,695,132,62,4,98,32,151,26,1,3,0,28,0,1
11/15/2016,709,143,71,7,79,32,149,28,2,1,1,22,0,0
11/15/2017,708,142,53,4,103,34,135,24,1,0,2,34,1,0
11/16/2016,769,147,74,5,93,36,144,20,3,5,0,24,0,0
11/16/2017,758,125,60,10,115,35,160,29,2,2,0,47,0,0
11/17/2016,807,147,85,5,116,34,145,22,4,3,0,45,1,0
11/17/2017,734,133,78,8,101,38,146,24,0,6,0,33,0,0
11/18/2016,793,139,84,3,103,43,149,24,1,6,2,39,0,0
11/18/2017,697,139,51,12,107,29,133,30,0,1,0,21,0,0
11/19/2016,676,141,67,3,100,29,127,25,3,4,2,14,0,0
11/19/2017,688,171,65,8,84,26,131,30,1,1,0,23,0,1
11/20/2016,661,145,60,4,75,23,140,18,5,3,0,23,0,0
11/20/2017,759,140,58,6,104,28,131,33,1,1,1,37,0,0
11/21/2016,683,121,77,5,98,33,122,12,2,4,1,32,0,0
11/21/2017,671,142,65,7,99,28,125,29,1,2,1,36,0,0
11/22/2016,721,123,75,8,102,40,131,38,1,6,1,33,0,0
11/22/2017,649,116,69,4,100,34,113,27,2,2,4,40,0,0
11/23/2016,697,115,85,5,93,36,127,24,2,2,4,13,1,0
11/23/2017,545,160,40,5,79,21,107,25,1,1,5,7,0,0
11/24/2016,534,148,58,6,53,16,110,17,0,3,0,4,0,0
11/24/2017,682,131,44,2,105,38,137,23,4,1,2,21,0,0
11/25/2016,689,133,56,4,104,33,114,23,3,3,3,32,0,0
11/25/2017,712,152,62,3,104,22,147,23,1,2,3,20,0,1
11/26/2016,717,135,66,9,96,22,141,21,2,8,1,35,1,0
11/26/2017,661,154,66,9,89,27,134,23,2,6,0,29,0,0
11/27/2016,693,154,67,5,92,22,145,25,3,3,0,35,0,0
11/27/2017,770,144,66,5,106,41,145,24,1,2,0,27,0,0
11/28/2016,693,125,76,2,106,30,118,28,2,1,1,18,1,0
11/28/2017,781,148,64,5,103,42,149,21,1,5,2,47,0,0
11/29/2016,697,125,68,6,87,39,140,20,2,1,1,27,0,0
11/29/2017,771,150,62,7,109,39,152,21,0,3,1,21,2,0
11/30/2016,696,152,73,4,100,31,107,22,2,2,0,31,0,1
11/30/2017,746,131,70,3,111,47,133,22,1,3,2,38,0,1
12/1/2016,788,117,56,9,100,38,153,25,2,5,5,14,0,0
12/1/2017,886,163,69,15,126,49,151,24,2,2,0,37,0,0
12/2/2016,832,148,83,5,102,35,151,29,3,3,2,41,0,1
12/2/2017,757,151,67,9,114,41,145,32,1,4,0,22,0,1
12/3/2016,757,138,74,5,106,28,143,32,1,0,3,23,0,0
12/3/2017,674,163,51,6,92,24,134,21,1,5,2,16,1,0
12/4/2016,594,145,54,4,74,15,102,30,5,1,2,18,0,0
12/4/2017,808,166,66,2,121,32,149,30,0,1,1,37,0,1
12/5/2016,672,124,60,6,86,27,119,31,1,3,0,25,0,0
12/5/2017,708,136,46,7,110,41,144,29,0,2,0,36,0,0
12/6/2016,688,128,81,3,106,30,126,24,2,4,2,29,0,1
12/6/2017,708,151,56,9,101,44,135,26,1,2,1,35,0,0
12/7/2016,659,136,61,6,93,27,121,35,1,2,3,18,0,0
12/7/2017,623,129,51,3,89,30,117,32,1,1,3,25,0,1
12/8/2016,605,108,53,7,100,29,102,29,1,3,0,23,0,0
12/8/2017,732,155,61,8,97,40,129,36,1,3,1,27,0,0
12/9/2016,665,120,64,8,83,37,116,35,3,1,3,28,0,0
12/9/2017,658,141,62,7,104,37,119,30,1,5,0,21,0,0
12/10/2016,612,121,52,5,84,29,132,30,0,2,1,31,1,0
12/10/2017,663,128,56,7,91,34,149,29,3,6,0,25,2,0
12/11/2016,512,125,50,3,72,22,89,28,1,2,0,20,0,0
12/11/2017,733,131,57,2,107,38,145,30,2,6,0,21,0,0
12/12/2016,627,106,78,5,83,33,114,26,3,2,2,29,0,1
12/12/2017,682,136,48,4,112,37,120,25,2,2,2,22,0,0
12/13/2016,571,108,54,1,85,31,112,32,0,2,0,23,0,0
12/13/2017,700,136,68,6,102,38,130,24,3,0,3,30,0,0
12/14/2016,608,110,69,5,102,36,95,23,0,2,0,27,1,0
12/14/2017,714,137,58,8,96,40,128,28,2,1,2,17,0,0
12/15/2016,577,105,46,2,86,40,103,31,1,4,2,18,0,0
12/15/2017,765,140,78,4,101,43,154,27,0,5,0,22,1,0
12/16/2016,691,130,64,9,87,35,103,43,6,4,0,25,0,1
12/16/2017,770,153,63,7,117,37,139,29,2,5,1,32,0,0
12/17/2016,613,117,56,0,106,41,95,27,2,0,1,22,0,0
12/17/2017,724,147,66,9,93,41,130,32,4,4,1,30,0,0
12/18/2016,526,149,47,2,67,25,88,29,1,2,2,23,0,0
12/18/2017,723,124,66,3,127,36,132,17,2,3,0,22,0,0
12/19/2016,660,136,67,6,82,34,126,33,1,0,0,17,0,0
12/19/2017,760,144,66,7,117,36,142,26,0,4,1,20,0,0
12/20/2016,691,118,70,2,99,31,124,47,0,3,2,20,1,0
12/20/2017,697,133,65,7,104,29,130,28,0,5,0,39,1,0
12/21/2016,727,127,81,3,101,48,131,23,0,1,1,32,0,0
12/21/2017,740,134,66,5,108,45,138,25,2,2,0,29,0,0
12/22/2016,702,140,88,5,92,34,115,26,1,0,0,24,0,0
12/22/2017,783,128,78,9,121,36,132,33,0,4,1,30,1,1
12/23/2016,727,128,67,3,104,38,127,39,2,2,0,26,0,0
12/23/2017,712,162,64,6,113,29,135,26,3,1,0,16,0,0
12/24/2016,603,135,63,4,90,25,113,32,3,5,1,6,0,0
12/24/2017,501,127,57,4,92,15,75,29,1,0,0,8,0,0
12/25/2016,487,140,54,5,55,13,97,22,7,1,2,5,0,0
12/25/2017,394,124,37,3,42,10,67,26,1,0,0,3,0,0
12/26/2016,645,156,63,3,90,28,122,24,1,4,0,11,0,0
12/26/2017,522,112,44,4,73,27,104,29,0,6,0,18,0,1
12/27/2016,661,129,79,0,92,46,105,25,2,3,0,28,0,0
12/27/2017,520,103,40,7,88,34,106,31,2,3,0,27,0,0
12/28/2016,722,118,87,0,98,41,155,27,1,5,2,19,0,0
12/28/2017,597,102,55,3,99,28,111,32,1,3,0,32,0,0
12/29/2016,648,125,57,6,87,39,139,32,1,3,0,29,0,0
12/29/2017,571,113,54,3,103,36,100,21,1,3,1,22,1,0
12/30/2016,742,133,81,6,102,43,155,31,2,3,1,27,0,0
12/30/2017,617,138,44,9,92,39,96,36,0,3,0,26,0,1
12/31/2016,702,147,70,8,93,23,135,31,2,1,0,14,1,0
12/31/2017,542,142,54,5,69,21,101,36,0,1,1,14,0,0
