Crime Date,BURGLARY,THEFT,AGGRAVATED ASSAULT, RAPE,MURDER AND NON-NEGLIGENT MANSLAUGHTER,MISC,DRUG OFFENSE,FRAUD, MOTOR VEHICLE THEFT,ARSON
1/1/2015,14,65,5,0,0,8,0,1,0,0
1/1/2016,18,55,13,5,0,22,1,2,0,0
1/1/2017,42,83,64,4,0,160,79,1,1,0
1/1/2018,32,50,49,4,0,96,61,3,1,1
1/10/2015,4,70,5,1,0,0,0,0,0,0
1/10/2016,17,68,7,1,0,1,0,0,0,0
1/10/2017,39,50,36,1,0,99,69,4,0,1
1/10/2018,44,56,39,1,0,79,51,3,2,0
1/11/2015,6,56,4,0,0,0,0,0,0,0
1/11/2016,28,77,5,0,0,2,0,0,0,0
1/11/2017,39,57,40,0,0,115,75,3,1,1
1/11/2018,37,51,32,1,0,79,47,4,1,0
1/12/2015,16,118,1,1,0,0,0,0,0,0
1/12/2016,21,75,4,0,0,0,0,0,0,0
1/12/2017,59,51,42,0,0,102,70,7,1,0
1/12/2018,36,47,31,2,0,98,47,3,2,0
1/13/2015,14,90,5,0,0,0,0,0,0,0
1/13/2016,18,71,5,3,0,0,0,0,0,0
1/13/2017,45,67,39,2,0,127,76,8,1,0
1/13/2018,33,50,45,0,0,57,53,2,0,0
1/14/2015,20,117,4,2,0,0,0,0,0,0
1/14/2016,19,66,4,1,0,0,0,0,0,0
1/14/2017,37,45,42,3,0,96,71,2,0,0
1/14/2018,30,44,31,3,0,70,53,2,1,1
1/15/2015,25,70,2,3,0,0,0,0,0,0
1/15/2016,23,77,6,3,0,0,0,0,0,0
1/15/2017,27,58,42,4,1,98,53,1,1,0
1/15/2018,34,44,31,3,0,75,55,4,0,0
1/16/2015,20,80,2,3,0,0,0,0,0,0
1/16/2016,14,73,6,2,0,0,0,0,0,0
1/16/2017,42,46,46,2,0,85,55,3,1,0
1/16/2018,37,40,28,2,0,59,36,1,0,1
1/17/2015,21,41,5,0,0,0,0,0,0,0
1/17/2016,16,65,6,1,0,1,0,0,0,0
1/17/2017,56,46,26,3,0,98,46,7,1,0
1/17/2018,45,48,25,1,0,70,44,11,0,0
1/18/2015,6,65,7,0,0,0,0,0,0,0
1/18/2016,24,103,3,2,0,1,0,0,0,0
1/18/2017,57,41,34,2,1,118,51,3,1,0
1/18/2018,49,50,21,1,0,99,44,4,1,1
1/19/2015,13,71,4,2,1,0,0,0,0,0
1/19/2016,22,103,4,2,0,2,0,0,0,0
1/19/2017,36,43,36,0,0,111,78,4,2,0
1/19/2018,47,37,34,0,0,104,58,6,0,1
1/2/2015,29,78,6,0,0,0,0,0,0,0
1/2/2016,11,56,9,2,0,0,0,0,0,0
1/2/2017,39,50,31,2,0,98,58,2,1,0
1/2/2018,31,39,25,0,0,80,45,5,0,0
1/20/2015,16,83,4,0,0,0,0,0,0,0
1/20/2016,23,88,7,1,0,2,0,0,0,0
1/20/2017,41,51,37,1,0,123,92,5,1,0
1/20/2018,21,56,41,3,0,67,71,2,1,0
1/21/2015,18,82,2,1,0,0,0,0,0,0
1/21/2016,24,89,1,1,0,1,0,0,0,0
1/21/2017,44,50,53,3,0,111,60,2,1,1
1/21/2018,18,45,33,1,1,84,48,3,0,0
1/22/2015,21,64,3,0,0,0,0,0,0,0
1/22/2016,16,95,8,4,1,0,1,0,0,0
1/22/2017,38,49,51,1,0,101,61,5,0,0
1/22/2018,30,47,30,3,0,85,61,4,2,0
1/23/2015,16,90,2,0,0,0,0,0,0,0
1/23/2016,12,69,4,4,0,4,0,0,0,0
1/23/2017,42,55,31,1,0,101,57,3,1,0
1/23/2018,34,50,24,0,0,96,54,4,1,1
1/24/2015,10,52,4,0,0,0,0,0,0,0
1/24/2016,23,64,5,3,0,0,0,0,0,0
1/24/2017,43,55,26,1,0,126,71,4,0,0
1/24/2018,37,58,32,1,0,65,52,2,0,0
1/25/2015,11,65,7,1,0,0,0,0,0,0
1/25/2016,22,99,6,4,0,1,0,0,0,0
1/25/2017,46,53,36,1,0,90,73,3,4,0
1/25/2018,38,48,34,2,0,86,49,2,2,2
1/26/2015,18,71,1,1,0,0,0,0,0,0
1/26/2016,22,85,4,1,0,1,0,0,0,0
1/26/2017,34,47,28,0,0,112,48,6,0,0
1/26/2018,48,60,30,1,0,99,67,1,0,0
1/27/2015,16,83,4,1,0,0,0,0,0,0
1/27/2016,21,69,7,1,0,0,1,0,0,0
1/27/2017,53,55,39,1,0,122,63,4,1,0
1/27/2018,31,58,43,1,1,77,55,1,0,1
1/28/2015,12,93,7,2,0,0,0,0,0,0
1/28/2016,28,77,4,3,0,0,0,0,0,0
1/28/2017,40,48,37,0,0,109,60,3,1,0
1/28/2018,31,41,42,0,0,89,63,2,2,0
1/29/2015,16,94,6,0,0,0,0,0,0,0
1/29/2016,21,94,4,2,0,1,0,0,0,0
1/29/2017,29,41,58,4,0,94,63,4,0,0
1/29/2018,41,46,28,1,0,86,53,5,1,0
1/3/2015,15,68,9,1,0,0,0,0,0,0
1/3/2016,18,56,8,2,0,0,0,0,0,0
1/3/2017,50,52,26,2,0,124,49,10,1,0
1/3/2018,39,38,31,0,0,82,55,5,1,0
1/30/2015,17,97,2,2,0,0,0,0,0,0
1/30/2016,10,67,6,0,0,0,0,0,0,0
1/30/2017,37,42,31,0,0,101,58,7,0,0
1/30/2018,42,54,29,0,0,77,43,6,3,0
1/31/2015,18,57,6,0,0,0,0,0,0,0
1/31/2016,11,91,7,4,0,1,0,0,0,0
1/31/2017,41,51,48,0,0,117,50,3,1,0
1/31/2018,35,44,35,2,0,87,42,6,1,0
1/4/2015,13,58,8,2,0,0,0,0,0,0
1/4/2016,15,118,3,3,0,0,0,0,0,0
1/4/2017,39,43,21,3,0,91,56,5,0,1
1/4/2018,28,44,35,1,0,79,74,4,1,0
1/5/2015,15,101,6,3,0,2,0,0,0,0
1/5/2016,18,84,8,0,0,0,0,0,0,0
1/5/2017,21,43,35,1,0,99,66,6,1,0
1/5/2018,44,42,32,3,0,95,51,1,2,0
1/6/2015,21,109,6,0,0,0,0,0,0,0
1/6/2016,16,68,8,3,0,2,0,0,0,0
1/6/2017,38,50,33,2,0,92,58,4,0,1
1/6/2018,44,49,34,0,0,80,66,2,1,0
1/7/2015,15,80,5,0,0,0,0,0,0,0
1/7/2016,19,95,3,4,0,0,0,0,0,0
1/7/2017,36,34,27,1,0,84,58,3,1,0
1/7/2018,54,42,39,0,0,91,54,0,1,1
1/8/2015,11,76,2,1,0,0,0,0,0,0
1/8/2016,27,75,4,1,0,0,0,0,0,0
1/8/2017,37,42,34,1,0,81,63,0,1,0
1/8/2018,31,51,31,3,0,67,66,5,1,1
1/9/2015,14,79,3,1,0,1,0,0,0,0
1/9/2016,14,60,5,3,0,0,0,0,0,0
1/9/2017,44,55,29,2,0,97,53,4,1,0
1/9/2018,55,49,30,0,0,81,60,5,1,1
10/1/2015,13,71,10,1,0,3,0,0,0,0
10/1/2016,12,96,9,3,0,22,0,2,0,0
10/1/2017,42,60,46,3,0,107,72,3,0,0
10/1/2018,47,61,45,2,0,72,44,7,1,0
10/10/2015,13,66,3,4,0,1,0,0,0,0
10/10/2016,15,111,3,1,0,6,0,0,0,0
10/10/2017,29,49,40,2,0,86,70,2,0,0
10/10/2018,42,49,30,3,0,76,47,8,1,0
10/11/2015,9,73,5,0,0,1,0,0,0,0
10/11/2016,11,105,3,3,0,0,0,1,0,0
10/11/2017,32,52,32,4,0,89,69,5,0,0
10/11/2018,40,51,25,1,0,88,45,7,2,0
10/12/2015,14,114,3,0,0,0,0,0,0,0
10/12/2016,17,93,5,1,0,2,0,1,0,0
10/12/2017,29,40,33,2,0,107,58,4,0,0
10/12/2018,48,61,29,2,0,80,60,6,2,0
10/13/2015,19,90,4,0,0,0,0,0,0,0
10/13/2016,20,81,10,2,0,1,0,0,0,0
10/13/2017,43,66,41,1,0,107,80,2,0,1
10/13/2018,41,87,40,0,0,77,60,3,0,0
10/14/2015,12,84,4,3,0,0,0,0,0,0
10/14/2016,22,73,5,4,0,3,0,0,0,0
10/14/2017,25,70,56,4,0,91,66,2,2,0
10/14/2018,54,80,43,1,0,78,60,1,0,0
10/15/2015,18,80,6,1,0,2,0,0,0,0
10/15/2016,13,54,8,1,1,2,0,1,0,0
10/15/2017,28,62,56,3,0,91,74,4,0,0
10/15/2018,35,35,33,0,0,62,48,4,0,0
10/16/2015,10,69,1,2,0,0,0,0,0,0
10/16/2016,19,54,9,3,0,1,0,0,0,0
10/16/2017,28,48,36,1,0,111,42,7,1,0
10/16/2018,58,43,29,0,0,73,48,2,0,0
10/17/2015,9,45,4,0,0,0,0,0,0,0
10/17/2016,19,81,5,3,0,1,0,0,0,0
10/17/2017,41,52,35,2,0,91,49,6,0,0
10/17/2018,68,40,32,1,0,73,37,1,0,0
10/18/2015,7,72,8,1,0,0,0,0,0,0
10/18/2016,13,88,3,3,1,3,0,2,0,0
10/18/2017,36,52,44,0,0,107,43,2,1,1
10/18/2018,57,32,28,1,0,79,53,2,1,0
10/19/2015,22,102,3,1,0,0,0,0,0,0
10/19/2016,19,80,4,1,0,2,0,0,0,0
10/19/2017,34,47,33,0,0,102,53,1,2,1
10/19/2018,35,20,15,0,0,69,20,2,0,0
10/2/2015,15,98,3,2,0,0,0,0,0,0
10/2/2016,17,79,6,4,0,2,0,0,0,0
10/2/2017,41,58,52,2,0,94,61,5,2,0
10/2/2018,42,46,37,2,0,86,52,7,1,0
10/20/2015,12,83,3,0,0,0,0,0,0,0
10/20/2016,17,74,3,6,0,0,0,1,0,0
10/20/2017,49,61,38,2,0,81,58,11,1,0
10/20/2018,9,8,1,0,0,7,2,0,0,0
10/21/2015,11,95,2,2,0,0,0,0,0,0
10/21/2016,19,70,4,3,0,3,0,0,0,0
10/21/2017,34,53,49,3,0,97,71,5,1,0
10/22/2015,12,74,6,3,0,0,0,1,0,0
10/22/2016,10,73,15,1,0,2,0,1,0,0
10/22/2017,37,44,43,1,0,92,68,0,0,0
10/23/2015,18,104,3,1,0,1,0,0,0,0
10/23/2016,14,75,7,4,0,0,0,1,0,0
10/23/2017,34,47,45,2,0,100,59,2,0,0
10/24/2015,5,46,5,0,0,0,0,0,0,0
10/24/2016,24,86,5,3,0,0,0,2,0,0
10/24/2017,31,52,40,0,0,84,42,7,0,0
10/25/2015,8,64,3,1,0,0,0,0,0,0
10/25/2016,18,91,3,4,0,3,0,0,0,0
10/25/2017,48,44,45,2,0,88,55,6,0,1
10/26/2015,23,93,4,1,0,0,0,0,0,0
10/26/2016,21,83,5,3,0,1,0,1,0,0
10/26/2017,43,51,29,2,0,78,60,9,1,0
10/27/2015,14,83,7,1,0,0,0,0,0,0
10/27/2016,10,78,4,4,0,2,0,1,0,0
10/27/2017,51,57,32,0,0,102,52,4,1,0
10/28/2015,17,93,5,0,0,0,0,0,0,0
10/28/2016,25,88,6,4,0,2,0,0,0,0
10/28/2017,39,49,40,0,0,81,68,1,0,1
10/29/2015,16,70,6,0,0,0,0,0,0,0
10/29/2016,20,52,11,3,0,1,0,0,0,0
10/29/2017,43,47,40,0,1,71,60,2,1,0
10/3/2015,12,58,8,0,0,0,0,0,0,0
10/3/2016,26,110,4,2,0,1,0,1,0,0
10/3/2017,44,43,32,0,0,100,42,10,0,0
10/3/2018,41,49,33,1,1,76,54,4,0,0
10/30/2015,16,68,2,4,0,0,0,0,0,0
10/30/2016,11,63,11,2,1,1,0,0,0,0
10/30/2017,39,49,48,0,0,88,54,3,0,1
10/31/2015,16,61,7,1,0,0,0,0,0,0
10/31/2016,26,81,9,2,0,4,0,0,0,0
10/31/2017,44,36,36,1,0,82,62,5,1,3
10/4/2015,13,50,2,1,0,0,0,0,0,0
10/4/2016,17,78,8,1,0,3,0,0,0,0
10/4/2017,42,45,36,3,0,101,45,4,1,1
10/4/2018,36,48,41,0,0,91,43,3,0,0
10/5/2015,24,100,3,2,0,0,0,0,0,0
10/5/2016,29,83,7,3,0,0,0,0,0,0
10/5/2017,44,44,32,5,0,102,54,2,1,0
10/5/2018,38,65,29,1,0,82,63,5,2,0
10/6/2015,23,91,2,3,0,0,0,0,0,0
10/6/2016,21,69,8,1,0,1,1,0,0,0
10/6/2017,27,64,32,1,0,99,57,5,0,0
10/6/2018,39,81,47,1,0,87,49,0,0,0
10/7/2015,20,95,3,1,0,2,0,0,0,0
10/7/2016,23,63,6,1,0,1,0,0,0,0
10/7/2017,35,62,55,2,0,99,67,3,0,0
10/7/2018,46,73,46,1,0,84,52,1,3,0
10/8/2015,10,88,5,0,0,0,0,0,0,0
10/8/2016,13,70,7,2,0,0,0,1,0,0
10/8/2017,43,55,55,0,1,82,63,1,0,1
10/8/2018,57,50,37,0,0,84,54,3,1,0
10/9/2015,14,90,6,0,0,0,0,0,0,0
10/9/2016,14,61,4,2,0,0,0,0,0,0
10/9/2017,30,56,31,1,0,92,69,3,0,0
10/9/2018,38,49,30,0,0,73,46,5,1,0
11/1/2015,24,74,12,1,0,1,0,0,0,0
11/1/2016,32,81,5,1,0,22,1,1,0,0
11/1/2017,39,65,40,2,0,124,66,11,1,0
11/10/2015,18,116,4,1,0,1,0,0,0,0
11/10/2016,20,86,3,1,0,4,0,1,0,0
11/10/2017,33,49,43,1,0,95,71,9,0,0
11/11/2015,16,102,7,1,0,1,0,0,0,0
11/11/2016,19,78,8,5,0,2,0,0,0,0
11/11/2017,25,36,47,1,1,94,65,3,0,0
11/12/2015,18,91,5,1,1,1,0,0,0,0
11/12/2016,11,72,7,1,0,2,0,0,0,0
11/12/2017,21,44,43,1,0,71,69,2,0,0
11/13/2015,16,89,2,1,0,0,0,0,0,0
11/13/2016,14,63,6,2,0,1,0,0,0,0
11/13/2017,48,46,33,1,0,115,62,2,0,0
11/14/2015,12,68,6,1,0,0,0,0,0,0
11/14/2016,25,93,8,3,0,2,0,0,0,0
11/14/2017,27,54,33,1,0,79,55,5,0,0
11/15/2015,14,47,4,3,0,2,0,0,0,0
11/15/2016,15,93,9,3,0,4,0,2,0,0
11/15/2017,35,44,36,4,0,80,70,2,1,0
11/16/2015,29,88,10,0,1,1,0,0,0,0
11/16/2016,18,84,3,2,1,1,0,1,0,0
11/16/2017,37,39,32,0,0,100,51,3,2,0
11/17/2015,12,111,2,1,1,0,0,0,0,0
11/17/2016,18,70,6,0,0,0,0,1,0,0
11/17/2017,48,44,40,2,0,126,65,7,1,1
11/18/2015,15,86,5,1,1,0,0,0,0,0
11/18/2016,17,76,4,1,0,3,0,1,0,0
11/18/2017,40,53,41,2,0,90,61,2,0,0
11/19/2015,9,84,6,0,1,1,0,0,0,0
11/19/2016,9,53,8,2,0,0,0,1,0,0
11/19/2017,34,28,38,2,0,88,61,1,3,0
11/2/2015,21,93,5,1,0,0,0,0,0,0
11/2/2016,21,87,6,0,1,5,1,0,0,0
11/2/2017,30,41,30,1,0,99,69,1,2,1
11/20/2015,23,70,6,0,0,0,0,1,0,0
11/20/2016,14,52,9,2,0,4,0,0,0,0
11/20/2017,31,60,38,3,0,97,70,3,0,1
11/21/2015,17,84,5,0,0,0,0,0,0,0
11/21/2016,21,98,6,3,0,3,0,1,0,0
11/21/2017,30,46,46,2,0,83,59,1,0,0
11/22/2015,14,64,3,0,0,0,0,0,0,0
11/22/2016,20,77,4,3,0,1,0,0,0,0
11/22/2017,27,65,14,0,0,85,72,2,0,1
11/23/2015,26,105,2,1,0,0,0,0,0,0
11/23/2016,14,75,9,3,0,2,0,0,0,0
11/23/2017,19,22,35,1,1,82,46,3,1,0
11/24/2015,9,112,4,0,0,0,0,0,0,0
11/24/2016,19,46,4,2,0,4,0,0,0,0
11/24/2017,32,54,38,2,0,72,53,2,1,0
11/25/2015,18,84,8,1,0,0,0,0,0,0
11/25/2016,12,58,3,4,0,1,0,0,0,0
11/25/2017,28,46,43,0,0,69,54,4,0,0
11/26/2015,12,41,6,1,0,0,0,0,0,0
11/26/2016,18,76,6,0,0,3,0,0,0,0
11/26/2017,29,50,44,2,0,76,64,0,0,0
11/27/2015,17,68,7,0,0,0,0,0,0,0
11/27/2016,20,77,7,1,0,2,0,1,0,0
11/27/2017,30,56,37,1,0,97,62,4,0,1
11/28/2015,19,61,6,0,0,0,0,0,0,0
11/28/2016,24,122,5,1,0,0,0,0,0,0
11/28/2017,38,49,37,1,0,68,53,2,0,1
11/29/2015,13,50,9,3,0,0,0,0,0,0
11/29/2016,31,93,8,2,1,4,0,2,0,0
11/29/2017,35,53,40,2,0,89,61,2,2,0
11/3/2015,21,103,5,1,0,0,0,0,0,0
11/3/2016,20,68,2,1,0,1,0,0,0,0
11/3/2017,42,44,43,1,0,111,72,2,3,0
11/30/2015,30,77,3,3,0,0,0,0,0,0
11/30/2016,23,91,2,2,0,1,0,0,0,0
11/30/2017,35,48,43,0,0,91,58,4,0,1
11/4/2015,24,96,8,2,0,0,0,0,0,0
11/4/2016,28,73,2,1,0,1,0,0,0,0
11/4/2017,39,44,49,4,0,89,62,5,1,0
11/5/2015,19,77,3,0,0,0,0,0,0,0
11/5/2016,17,84,7,2,0,1,0,0,0,0
11/5/2017,33,38,49,2,0,84,74,0,0,0
11/6/2015,21,85,7,1,0,0,0,0,0,0
11/6/2016,23,71,7,2,1,1,0,0,0,0
11/6/2017,49,49,35,2,0,98,64,4,0,0
11/7/2015,13,63,2,2,1,1,0,0,0,0
11/7/2016,16,94,3,5,0,5,0,3,0,0
11/7/2017,36,57,35,3,0,73,53,0,2,0
11/8/2015,15,42,5,0,0,0,0,0,0,0
11/8/2016,13,89,6,4,0,4,0,1,0,0
11/8/2017,40,45,33,2,0,69,60,2,0,0
11/9/2015,29,102,4,1,0,0,0,0,0,0
11/9/2016,24,63,4,1,1,1,0,0,0,0
11/9/2017,29,51,34,2,0,83,48,0,0,2
12/1/2015,11,85,4,0,0,2,0,0,0,0
12/1/2016,23,81,8,8,0,29,0,2,0,0
12/1/2017,44,65,28,2,0,141,55,8,2,1
12/10/2015,19,108,4,1,0,0,0,0,0,0
12/10/2016,15,76,2,4,1,1,0,1,0,0
12/10/2017,38,43,43,1,0,98,55,3,3,0
12/11/2015,17,106,5,1,1,1,0,0,0,0
12/11/2016,10,53,3,0,0,4,0,0,0,0
12/11/2017,36,57,33,0,0,92,56,4,3,0
12/12/2015,19,78,12,1,1,0,0,0,0,0
12/12/2016,27,99,4,3,1,8,0,0,0,0
12/12/2017,46,54,34,0,0,87,52,1,0,1
12/13/2015,19,87,5,1,0,0,0,0,0,0
12/13/2016,19,94,8,2,0,3,0,0,0,0
12/13/2017,56,49,26,1,0,68,52,2,0,0
12/14/2015,15,111,7,5,0,0,0,0,0,0
12/14/2016,29,110,5,2,0,6,0,0,0,0
12/14/2017,50,73,31,1,0,78,46,3,0,0
12/15/2015,25,83,5,0,0,0,0,0,0,0
12/15/2016,25,85,6,1,0,8,0,2,0,0
12/15/2017,48,43,35,0,1,107,48,1,2,0
12/16/2015,29,92,7,1,0,0,0,0,0,0
12/16/2016,21,96,8,2,0,7,0,1,0,0
12/16/2017,31,45,43,0,0,81,41,3,0,0
12/17/2015,23,83,9,1,0,1,0,0,0,0
12/17/2016,25,56,8,3,0,3,0,1,0,0
12/17/2017,44,48,32,1,0,79,51,0,0,0
12/18/2015,26,67,4,0,0,0,0,0,0,0
12/18/2016,17,64,7,1,1,4,0,0,0,0
12/18/2017,52,59,33,2,0,85,38,4,0,0
12/19/2015,13,70,5,0,0,0,0,0,0,0
12/19/2016,20,84,5,3,1,9,0,1,0,0
12/19/2017,48,67,34,0,0,82,56,3,1,0
12/2/2015,21,85,5,0,0,1,0,0,0,0
12/2/2016,17,81,5,2,0,2,0,1,0,0
12/2/2017,30,46,48,1,0,101,67,1,1,0
12/20/2015,14,70,7,1,0,0,0,0,0,0
12/20/2016,18,79,8,1,0,12,0,0,0,0
12/20/2017,48,50,39,0,0,93,53,0,0,0
12/21/2015,23,122,8,0,0,0,0,0,0,0
12/21/2016,20,73,4,4,0,7,0,2,0,0
12/21/2017,36,57,32,0,0,88,45,4,0,0
12/22/2015,15,100,5,2,0,0,0,0,0,0
12/22/2016,18,98,5,2,0,9,0,0,0,0
12/22/2017,45,56,34,0,0,74,46,1,1,0
12/23/2015,14,94,3,1,0,0,0,0,0,0
12/23/2016,22,86,7,1,0,1,1,2,0,0
12/23/2017,33,56,33,0,0,70,48,1,0,1
12/24/2015,13,80,4,2,0,0,0,0,0,0
12/24/2016,18,56,7,0,0,8,1,0,0,0
12/24/2017,31,42,41,1,0,53,58,0,0,0
12/25/2015,13,36,5,1,0,0,0,0,0,0
12/25/2016,18,64,6,2,0,8,0,1,0,0
12/25/2017,23,19,43,3,0,47,44,2,0,0
12/26/2015,24,40,5,1,0,0,0,0,0,0
12/26/2016,25,67,7,3,0,4,1,1,0,0
12/26/2017,41,47,25,1,1,70,50,3,0,0
12/27/2015,18,50,6,0,0,0,0,0,0,0
12/27/2016,29,89,6,1,0,10,0,1,0,0
12/27/2017,30,40,25,1,0,59,44,1,1,1
12/28/2015,24,84,6,0,0,0,0,0,0,0
12/28/2016,34,99,7,1,0,9,0,2,0,0
12/28/2017,36,42,36,0,0,107,41,1,1,0
12/29/2015,27,96,8,0,0,0,0,0,0,0
12/29/2016,27,102,5,3,1,4,0,1,0,0
12/29/2017,38,41,42,0,0,88,51,6,1,0
12/3/2015,16,72,5,1,0,0,0,0,0,0
12/3/2016,18,65,7,0,0,0,0,0,0,0
12/3/2017,34,36,32,0,0,83,67,1,0,0
12/30/2015,18,79,3,1,0,0,0,0,0,0
12/30/2016,26,100,9,0,0,23,1,1,0,0
12/30/2017,44,49,39,0,0,79,58,0,0,0
12/31/2015,11,83,5,0,0,0,0,0,0,0
12/31/2016,26,73,11,6,0,21,3,0,0,0
12/31/2017,36,41,33,2,0,73,58,0,0,1
12/4/2015,13,71,3,0,0,0,0,0,0,0
12/4/2016,22,58,5,1,0,2,0,2,0,0
12/4/2017,41,58,43,1,0,95,54,9,0,0
12/5/2015,12,55,7,1,0,1,0,0,0,0
12/5/2016,21,93,4,2,0,4,0,1,0,0
12/5/2017,43,56,42,0,0,63,55,2,0,0
12/6/2015,11,62,7,0,1,0,0,0,0,0
12/6/2016,25,78,4,2,0,1,0,2,0,0
12/6/2017,41,35,26,0,0,80,36,1,0,0
12/7/2015,30,102,6,2,0,0,0,0,0,0
12/7/2016,16,77,3,2,0,7,0,1,0,0
12/7/2017,38,49,24,1,0,78,46,4,1,0
12/8/2015,17,112,3,0,0,0,0,0,0,0
12/8/2016,17,86,3,0,0,6,0,0,0,0
12/8/2017,35,56,28,1,0,92,54,2,0,0
12/9/2015,15,93,5,5,1,0,0,1,0,0
12/9/2016,16,76,1,2,0,3,0,0,0,0
12/9/2017,40,53,40,4,0,77,48,1,1,0
2/1/2015,25,64,10,1,0,3,0,2,0,0
2/1/2016,19,97,11,2,0,2,0,1,0,0
2/1/2017,55,71,45,3,0,160,56,5,0,0
2/1/2018,37,62,39,1,0,105,57,5,4,1
2/10/2015,15,80,1,2,0,0,0,0,0,0
2/10/2016,24,80,5,1,0,0,0,0,0,0
2/10/2017,50,67,48,1,0,130,59,2,3,1
2/10/2018,26,42,41,1,0,67,63,5,1,0
2/11/2015,16,75,4,0,0,0,0,0,0,0
2/11/2016,17,79,5,2,0,1,0,0,0,0
2/11/2017,43,42,49,0,0,105,65,3,1,1
2/11/2018,24,37,30,1,0,78,48,0,0,0
2/12/2015,25,90,5,0,1,0,0,0,0,0
2/12/2016,9,80,13,2,0,0,0,0,0,0
2/12/2017,55,46,37,0,0,82,60,3,1,2
2/12/2018,42,53,29,1,0,89,62,2,0,0
2/13/2015,17,77,7,0,0,0,0,0,0,0
2/13/2016,12,47,7,1,0,0,0,0,0,0
2/13/2017,45,48,47,1,0,97,59,2,2,1
2/13/2018,36,46,33,0,0,69,37,3,4,1
2/14/2015,17,71,5,2,0,0,0,0,0,0
2/14/2016,18,65,5,1,0,0,0,0,0,0
2/14/2017,34,42,29,2,0,108,67,6,1,0
2/14/2018,25,60,43,0,0,85,50,4,0,0
2/15/2015,14,52,12,4,0,0,0,0,0,0
2/15/2016,25,93,4,0,0,0,0,0,0,0
2/15/2017,37,43,31,2,0,77,50,8,1,0
2/15/2018,28,49,46,0,0,92,54,2,1,0
2/16/2015,14,100,2,1,0,1,0,0,0,0
2/16/2016,22,90,5,4,0,0,0,0,0,0
2/16/2017,20,50,38,3,0,125,51,11,1,0
2/16/2018,36,44,43,0,0,100,62,3,1,0
2/17/2015,21,98,8,2,0,0,0,0,0,0
2/17/2016,17,68,7,2,0,1,0,0,0,0
2/17/2017,50,48,42,1,0,122,54,4,0,0
2/17/2018,30,55,40,1,0,94,77,3,1,0
2/18/2015,20,88,5,1,0,0,0,0,0,0
2/18/2016,22,72,8,2,0,0,0,0,0,0
2/18/2017,41,48,50,4,0,108,72,6,0,1
2/18/2018,33,56,41,0,0,78,58,4,0,0
2/19/2015,9,80,4,0,0,0,0,0,0,0
2/19/2016,14,81,6,3,0,0,0,0,0,0
2/19/2017,46,47,40,2,0,96,62,1,0,0
2/19/2018,31,59,52,2,0,94,50,3,0,0
2/2/2015,23,124,3,1,0,0,0,0,0,0
2/2/2016,21,82,1,2,0,0,0,0,0,0
2/2/2017,39,55,34,0,0,126,81,8,0,0
2/2/2018,35,56,33,1,0,92,48,4,2,0
2/20/2015,19,83,7,2,0,1,0,0,0,0
2/20/2016,9,61,3,2,0,1,0,0,0,0
2/20/2017,28,56,37,0,0,87,55,2,0,0
2/20/2018,32,46,53,0,0,91,52,3,0,0
2/21/2015,17,76,9,2,0,0,0,0,0,0
2/21/2016,15,69,9,0,0,0,0,0,0,0
2/21/2017,47,44,50,0,0,126,49,7,0,0
2/21/2018,37,53,29,0,0,87,60,1,1,1
2/22/2015,13,68,6,0,0,0,0,0,0,0
2/22/2016,22,82,7,7,0,1,0,0,0,0
2/22/2017,34,34,41,3,0,80,52,6,1,0
2/22/2018,37,56,33,1,0,80,43,4,3,0
2/23/2015,20,87,4,1,0,0,0,0,0,0
2/23/2016,14,65,5,2,0,1,0,0,0,0
2/23/2017,35,43,40,1,0,94,60,9,1,0
2/23/2018,31,46,34,1,0,83,61,5,3,0
2/24/2015,14,93,2,1,0,0,0,0,0,0
2/24/2016,18,70,6,2,0,0,0,0,0,0
2/24/2017,46,59,30,2,0,115,50,4,2,0
2/24/2018,35,51,44,2,0,82,56,2,1,1
2/25/2015,12,77,5,2,0,0,0,0,0,0
2/25/2016,19,71,7,5,0,1,0,0,0,0
2/25/2017,27,51,50,1,0,98,62,3,0,1
2/25/2018,45,49,29,0,0,82,56,3,0,0
2/26/2015,12,77,3,2,0,0,0,0,0,0
2/26/2016,20,77,2,4,0,0,0,0,0,0
2/26/2017,23,40,31,4,0,87,52,2,1,1
2/26/2018,41,50,29,2,0,97,61,7,1,0
2/27/2015,7,55,3,1,0,0,0,0,0,0
2/27/2016,11,60,3,1,0,0,0,0,0,0
2/27/2017,27,63,31,1,0,101,53,10,1,0
2/27/2018,35,41,28,0,0,91,56,3,1,0
2/28/2015,7,37,1,0,0,0,0,0,0,0
2/28/2016,7,55,8,1,0,0,0,0,0,0
2/28/2017,32,41,39,1,0,113,50,9,1,0
2/28/2018,34,61,42,1,0,102,57,4,0,0
2/29/2016,16,78,8,7,0,1,0,0,0,0
2/3/2015,24,104,2,1,0,0,0,0,0,0
2/3/2016,19,86,1,4,0,0,1,0,0,0
2/3/2017,50,55,49,1,0,121,83,4,0,0
2/3/2018,27,43,49,2,0,81,68,0,2,0
2/4/2015,13,98,6,3,0,0,0,0,0,0
2/4/2016,15,76,2,1,0,1,0,0,0,0
2/4/2017,31,50,32,2,0,98,45,4,0,1
2/4/2018,39,43,43,0,0,89,53,0,0,0
2/5/2015,16,93,9,1,0,0,0,0,0,0
2/5/2016,14,59,9,3,0,1,0,0,0,0
2/5/2017,29,43,36,0,1,129,63,1,0,0
2/5/2018,50,49,44,0,0,84,46,2,2,0
2/6/2015,13,84,6,1,0,0,0,0,0,0
2/6/2016,12,65,8,1,0,1,0,0,0,0
2/6/2017,41,46,38,0,0,103,55,2,1,0
2/6/2018,35,57,26,3,0,85,39,6,0,0
2/7/2015,17,56,11,1,0,1,0,0,0,0
2/7/2016,14,84,9,1,0,0,0,0,0,0
2/7/2017,28,48,35,0,0,112,55,6,0,0
2/7/2018,28,36,37,0,0,88,48,1,0,0
2/8/2015,14,61,8,2,0,0,0,0,0,0
2/8/2016,22,85,4,1,0,1,0,0,0,0
2/8/2017,38,53,40,0,0,110,67,8,2,0
2/8/2018,35,48,35,4,0,75,63,5,0,0
2/9/2015,21,83,3,2,0,0,0,0,0,0
2/9/2016,19,68,3,3,0,0,0,0,0,0
2/9/2017,31,45,40,0,0,126,63,1,0,0
2/9/2018,36,54,39,4,1,88,64,3,2,0
3/1/2015,17,65,8,0,0,0,0,0,0,0
3/1/2016,12,94,9,1,1,8,0,0,0,0
3/1/2017,47,69,41,7,0,127,75,6,2,2
3/1/2018,35,67,34,5,1,122,57,2,1,0
3/10/2015,10,80,6,1,0,0,0,0,0,0
3/10/2016,13,64,8,2,0,0,0,1,0,0
3/10/2017,62,66,49,2,1,139,63,9,1,0
3/10/2018,40,42,56,0,0,86,70,3,2,0
3/11/2015,11,84,4,2,0,0,0,0,0,0
3/11/2016,27,77,1,2,0,0,0,0,0,0
3/11/2017,40,50,37,0,0,115,68,3,2,0
3/11/2018,39,47,46,1,0,86,57,0,1,0
3/12/2015,12,72,4,2,0,0,0,0,0,0
3/12/2016,13,61,8,1,0,0,0,0,0,0
3/12/2017,41,38,37,0,1,79,64,4,0,1
3/12/2018,36,44,30,1,1,88,45,5,2,0
3/13/2015,17,79,5,0,0,0,0,0,0,0
3/13/2016,14,73,12,1,0,0,0,0,0,0
3/13/2017,36,57,39,2,0,97,54,4,1,1
3/13/2018,36,38,37,0,0,84,49,3,1,0
3/14/2015,15,67,7,1,0,0,0,0,0,0
3/14/2016,21,86,7,2,0,0,0,0,0,0
3/14/2017,29,51,32,1,0,122,50,6,2,0
3/14/2018,44,50,28,0,0,82,81,6,1,0
3/15/2015,18,72,7,4,0,0,0,0,0,0
3/15/2016,16,91,7,2,0,0,0,0,0,0
3/15/2017,43,54,33,1,0,104,60,5,2,0
3/15/2018,53,66,37,0,0,103,56,9,0,0
3/16/2015,23,91,4,1,1,0,0,0,0,0
3/16/2016,9,80,10,1,1,1,0,0,0,0
3/16/2017,48,48,39,1,0,126,65,6,2,0
3/16/2018,49,58,40,1,1,99,64,3,2,0
3/17/2015,24,106,5,2,0,0,0,0,0,0
3/17/2016,21,75,3,2,0,0,0,0,0,0
3/17/2017,49,61,44,0,0,122,79,2,0,0
3/17/2018,71,65,51,2,0,107,79,2,0,2
3/18/2015,14,87,3,2,0,1,0,0,0,0
3/18/2016,19,92,11,0,0,0,0,0,0,0
3/18/2017,60,65,51,2,0,113,76,4,0,0
3/18/2018,31,61,55,2,0,82,55,1,0,0
3/19/2015,13,85,7,1,0,0,0,0,0,0
3/19/2016,15,81,7,1,0,0,0,0,0,0
3/19/2017,43,58,42,3,0,107,68,2,0,0
3/19/2018,34,45,40,2,0,79,53,0,1,1
3/2/2015,23,104,3,3,0,1,0,0,0,0
3/2/2016,30,71,7,0,0,0,0,0,0,0
3/2/2017,41,45,35,1,0,108,72,9,1,0
3/2/2018,38,55,38,2,1,100,72,4,1,0
3/20/2015,12,84,4,5,0,0,0,0,0,0
3/20/2016,17,75,11,3,0,0,0,0,0,0
3/20/2017,54,55,41,0,0,121,63,4,0,1
3/20/2018,35,39,33,0,0,71,51,1,1,0
3/21/2015,16,79,6,1,0,0,0,0,0,0
3/21/2016,25,79,6,3,0,0,0,0,0,0
3/21/2017,44,52,39,0,0,106,55,3,0,0
3/21/2018,32,44,41,1,0,94,74,4,1,1
3/22/2015,15,84,4,0,0,0,0,0,0,0
3/22/2016,14,118,3,2,0,0,0,0,0,0
3/22/2017,31,58,29,2,0,118,69,3,1,0
3/22/2018,30,55,41,0,0,99,50,2,0,0
3/23/2015,16,96,4,2,0,0,0,0,0,0
3/23/2016,22,94,4,0,0,0,0,0,0,0
3/23/2017,38,48,33,3,0,120,74,2,0,0
3/23/2018,32,58,39,1,0,110,61,4,1,0
3/24/2015,23,90,3,0,0,0,0,0,0,0
3/24/2016,22,96,6,3,0,1,0,0,0,0
3/24/2017,38,52,38,0,0,124,62,4,2,0
3/24/2018,33,48,39,1,1,86,59,3,1,0
3/25/2015,16,65,3,0,0,0,0,0,0,0
3/25/2016,15,61,2,0,0,0,0,0,0,0
3/25/2017,36,52,54,1,0,100,86,2,0,0
3/25/2018,33,49,40,2,0,77,50,2,4,0
3/26/2015,15,84,4,1,0,1,0,0,0,0
3/26/2016,11,59,5,0,0,0,0,0,0,0
3/26/2017,24,37,46,0,1,98,57,1,1,0
3/26/2018,34,51,44,2,0,102,51,4,1,0
3/27/2015,11,78,9,2,0,0,0,0,0,0
3/27/2016,9,45,11,2,0,0,0,0,0,0
3/27/2017,39,53,37,2,0,99,65,2,1,0
3/27/2018,42,44,36,2,0,98,53,3,1,0
3/28/2015,12,74,8,3,0,0,0,0,0,0
3/28/2016,11,92,7,3,0,0,0,0,0,0
3/28/2017,44,60,41,1,0,86,56,4,0,0
3/28/2018,35,43,24,1,0,96,49,0,0,0
3/29/2015,12,73,7,0,0,0,0,0,0,0
3/29/2016,18,94,3,2,0,1,0,0,0,0
3/29/2017,45,35,47,3,0,92,65,2,0,1
3/29/2018,36,51,37,1,0,99,63,2,1,0
3/3/2015,16,81,6,2,0,2,0,0,0,0
3/3/2016,15,79,4,3,0,1,0,0,0,0
3/3/2017,53,51,34,0,0,117,68,4,0,0
3/3/2018,35,51,45,2,0,95,56,1,0,0
3/30/2015,19,71,6,2,0,0,0,0,0,0
3/30/2016,23,75,5,3,0,0,0,0,0,0
3/30/2017,30,55,37,1,0,128,67,6,1,0
3/30/2018,21,53,29,1,0,102,69,3,0,0
3/31/2015,11,93,1,2,0,1,0,0,0,0
3/31/2016,15,66,3,2,0,1,0,0,0,0
3/31/2017,41,56,29,3,0,137,60,7,0,0
3/31/2018,33,49,46,2,0,88,64,1,0,0
3/4/2015,19,95,5,4,0,0,0,0,0,0
3/4/2016,13,103,4,2,1,0,0,0,0,0
3/4/2017,43,39,34,3,0,97,64,7,0,0
3/4/2018,28,50,46,3,0,69,63,0,0,0
3/5/2015,13,72,3,0,0,1,0,0,0,0
3/5/2016,11,53,6,2,0,2,0,0,0,0
3/5/2017,35,48,40,2,0,95,59,1,1,0
3/5/2018,37,54,41,0,1,83,59,3,2,0
3/6/2015,14,76,6,0,1,0,0,0,0,0
3/6/2016,21,68,10,2,0,0,0,0,0,0
3/6/2017,41,47,34,2,0,101,69,7,0,0
3/6/2018,36,40,32,1,1,100,60,7,1,1
3/7/2015,16,73,9,0,0,0,0,0,0,0
3/7/2016,8,95,10,4,0,1,0,0,0,0
3/7/2017,42,40,40,0,0,107,55,2,1,1
3/7/2018,33,46,23,2,0,90,52,4,1,0
3/8/2015,12,74,8,0,0,0,0,0,0,0
3/8/2016,16,77,12,1,0,0,0,0,0,0
3/8/2017,41,42,29,3,0,118,67,4,0,0
3/8/2018,33,42,36,1,0,88,57,2,0,1
3/9/2015,9,95,0,1,0,0,0,0,0,0
3/9/2016,14,93,1,1,0,0,0,0,0,0
3/9/2017,37,40,42,0,0,120,72,5,1,0
3/9/2018,45,57,25,0,0,94,61,2,0,0
4/1/2015,22,63,6,1,0,3,0,1,0,0
4/1/2016,11,88,4,7,0,4,0,0,0,0
4/1/2017,40,63,49,2,0,127,73,0,1,1
4/1/2018,36,52,46,5,0,89,70,2,2,0
4/10/2015,16,100,3,2,0,0,0,0,0,0
4/10/2016,17,75,9,4,0,1,0,0,0,0
4/10/2017,45,56,37,1,0,102,58,6,0,1
4/10/2018,49,64,33,0,0,86,64,8,4,1
4/11/2015,13,69,8,2,0,1,0,0,0,0
4/11/2016,22,124,7,2,0,0,0,0,0,0
4/11/2017,45,46,26,1,0,115,48,5,0,0
4/11/2018,30,36,34,2,0,101,55,2,1,0
4/12/2015,19,81,8,2,1,0,0,0,0,0
4/12/2016,21,87,5,1,0,2,0,0,0,0
4/12/2017,44,47,32,2,0,140,81,4,0,0
4/12/2018,57,39,35,0,0,85,52,1,2,0
4/13/2015,22,94,5,2,0,0,0,0,0,0
4/13/2016,16,85,4,1,0,0,0,0,0,0
4/13/2017,57,47,36,0,0,122,69,3,1,1
4/13/2018,56,62,39,1,0,102,62,3,1,0
4/14/2015,15,103,5,0,0,0,0,0,0,0
4/14/2016,18,82,7,3,0,2,0,0,0,0
4/14/2017,41,65,42,0,0,133,71,4,2,1
4/14/2018,44,45,56,1,0,72,54,3,1,1
4/15/2015,15,85,9,1,0,2,0,0,0,0
4/15/2016,17,92,6,1,0,0,0,1,0,0
4/15/2017,46,39,62,3,0,102,65,0,1,0
4/15/2018,26,44,40,1,0,72,65,1,0,0
4/16/2015,15,83,7,7,0,0,0,0,0,0
4/16/2016,19,66,9,4,0,0,0,0,0,0
4/16/2017,29,34,44,3,0,83,79,3,0,2
4/16/2018,45,47,31,1,0,96,44,5,0,0
4/17/2015,17,72,3,1,0,0,0,0,0,0
4/17/2016,10,66,11,5,0,0,0,0,0,0
4/17/2017,41,72,53,1,0,112,78,0,2,1
4/17/2018,53,57,46,0,1,80,62,3,0,0
4/18/2015,13,65,7,2,0,0,0,0,0,0
4/18/2016,21,78,6,2,0,0,0,0,0,0
4/18/2017,24,45,48,2,0,102,74,4,1,0
4/18/2018,31,51,38,0,0,110,60,3,1,0
4/19/2015,15,71,6,1,0,0,0,0,0,0
4/19/2016,16,95,3,1,0,0,0,0,0,0
4/19/2017,40,56,37,2,0,115,90,4,0,3
4/19/2018,21,45,40,1,1,76,59,1,3,0
4/2/2015,12,93,2,2,0,0,0,0,0,0
4/2/2016,11,80,8,1,0,0,0,0,0,0
4/2/2017,33,49,49,2,0,103,87,3,0,1
4/2/2018,29,58,38,2,0,89,64,5,0,0
4/20/2015,25,93,2,1,0,0,0,0,0,0
4/20/2016,17,83,4,1,0,0,0,0,0,0
4/20/2017,39,47,40,4,0,102,71,4,1,0
4/20/2018,50,53,43,2,0,80,66,4,0,0
4/21/2015,18,89,2,1,1,0,0,0,0,0
4/21/2016,16,95,6,4,0,0,0,0,0,0
4/21/2017,53,55,48,3,0,134,85,5,0,1
4/21/2018,31,44,43,2,0,89,60,0,2,1
4/22/2015,16,99,5,4,0,0,0,0,0,0
4/22/2016,10,77,4,1,0,0,0,0,0,0
4/22/2017,39,68,40,2,0,98,62,4,1,1
4/22/2018,36,48,56,2,0,88,60,1,2,2
4/23/2015,16,92,9,2,0,0,0,0,0,0
4/23/2016,15,70,4,3,0,1,0,0,0,0
4/23/2017,44,38,45,1,0,81,62,1,1,0
4/23/2018,34,62,41,1,0,99,59,3,1,0
4/24/2015,21,96,6,1,1,0,0,0,0,0
4/24/2016,24,73,9,1,0,0,0,0,0,0
4/24/2017,38,55,36,3,0,107,61,5,0,0
4/24/2018,40,42,31,1,0,110,58,3,1,0
4/25/2015,12,71,4,1,0,1,1,0,0,0
4/25/2016,24,92,9,4,0,1,0,0,0,0
4/25/2017,24,47,45,2,0,124,63,10,1,1
4/25/2018,35,45,41,1,0,99,59,2,4,0
4/26/2015,10,84,10,2,0,0,0,0,0,0
4/26/2016,18,88,11,5,0,0,0,1,0,0
4/26/2017,38,46,36,1,0,101,63,4,1,0
4/26/2018,37,60,33,2,0,91,49,6,0,0
4/27/2015,20,99,5,2,0,0,0,0,0,0
4/27/2016,23,82,8,4,0,1,0,0,0,0
4/27/2017,43,46,41,0,0,90,60,6,1,0
4/27/2018,31,51,44,1,0,97,68,6,0,0
4/28/2015,15,92,5,1,0,0,0,0,0,0
4/28/2016,22,81,2,1,0,0,0,0,0,0
4/28/2017,44,46,32,1,0,126,67,4,0,1
4/28/2018,27,54,37,1,0,84,64,3,0,0
4/29/2015,19,87,6,2,0,0,0,0,0,0
4/29/2016,22,75,7,2,0,1,0,0,0,0
4/29/2017,36,57,46,1,0,104,58,3,1,2
4/29/2018,48,32,35,1,0,73,75,0,1,0
4/3/2015,16,87,4,2,1,0,0,0,0,0
4/3/2016,22,60,18,4,0,0,0,0,0,0
4/3/2017,43,34,40,1,0,107,77,8,0,1
4/3/2018,27,35,45,3,0,88,60,2,0,1
4/30/2015,22,79,2,3,0,0,0,0,0,0
4/30/2016,16,48,10,0,0,0,0,0,0,0
4/30/2017,25,58,54,1,0,100,68,0,0,0
4/30/2018,45,56,38,0,0,85,51,6,2,0
4/4/2015,22,78,3,0,0,1,0,0,0,0
4/4/2016,26,103,8,2,0,1,0,1,0,0
4/4/2017,29,59,29,1,0,104,76,6,0,0
4/4/2018,45,36,34,1,0,87,55,2,0,1
4/5/2015,13,47,6,1,0,0,0,0,0,0
4/5/2016,19,87,4,3,0,1,0,0,0,0
4/5/2017,33,41,34,4,0,113,62,3,1,0
4/5/2018,25,52,31,0,0,82,50,3,0,1
4/6/2015,18,73,1,1,0,0,0,0,0,0
4/6/2016,12,94,11,0,0,0,0,0,0,0
4/6/2017,41,38,37,1,1,104,78,9,1,1
4/6/2018,45,40,47,1,0,120,74,3,0,1
4/7/2015,22,82,4,2,0,0,0,0,0,0
4/7/2016,24,76,3,2,0,1,0,1,0,0
4/7/2017,41,55,35,0,0,110,65,4,1,1
4/7/2018,49,65,43,1,0,93,59,4,2,0
4/8/2015,34,74,2,3,0,0,0,0,0,0
4/8/2016,11,75,4,3,1,0,0,0,0,0
4/8/2017,45,49,41,0,0,77,62,2,1,0
4/8/2018,24,50,44,0,0,74,62,2,0,0
4/9/2015,14,64,1,1,0,0,0,0,0,0
4/9/2016,13,76,9,3,0,1,0,0,0,0
4/9/2017,37,38,38,2,0,100,64,1,1,0
4/9/2018,35,43,38,0,0,81,72,2,0,0
5/1/2015,14,90,5,2,1,3,0,0,0,0
5/1/2016,13,53,8,1,0,7,0,0,0,0
5/1/2017,61,46,41,4,0,131,60,10,1,0
5/1/2018,42,56,42,4,0,110,55,2,0,0
5/10/2015,16,52,9,2,0,1,0,0,0,0
5/10/2016,17,85,6,0,0,1,0,0,0,0
5/10/2017,49,62,35,0,0,115,55,4,0,0
5/10/2018,32,50,35,0,0,111,50,2,1,0
5/11/2015,18,94,9,0,0,2,0,0,0,0
5/11/2016,25,70,8,3,0,0,0,0,0,0
5/11/2017,41,42,42,1,0,121,67,5,2,0
5/11/2018,22,51,32,1,0,105,54,2,0,0
5/12/2015,11,104,2,0,0,0,0,0,0,0
5/12/2016,25,88,3,3,0,0,0,0,0,0
5/12/2017,37,34,38,1,0,135,63,4,1,0
5/12/2018,31,39,50,2,0,72,70,4,0,0
5/13/2015,17,67,7,1,0,0,0,0,0,0
5/13/2016,16,93,4,1,0,1,0,0,0,0
5/13/2017,36,44,53,3,0,92,66,2,0,2
5/13/2018,26,38,44,1,0,80,64,0,0,0
5/14/2015,24,94,4,3,0,0,0,0,0,0
5/14/2016,9,50,7,2,1,0,0,0,0,0
5/14/2017,24,41,38,1,0,78,73,2,0,0
5/14/2018,35,41,31,1,0,98,72,2,1,0
5/15/2015,22,95,6,3,0,0,0,0,0,0
5/15/2016,8,51,7,2,0,0,0,0,0,0
5/15/2017,43,50,42,1,0,113,68,8,3,0
5/15/2018,38,46,42,0,0,89,56,2,1,0
5/16/2015,11,55,9,1,0,0,0,0,0,0
5/16/2016,14,110,5,3,0,2,0,0,0,0
5/16/2017,36,49,35,3,0,105,56,4,0,2
5/16/2018,29,50,36,1,0,84,61,1,2,0
5/17/2015,18,74,4,4,0,0,0,0,0,0
5/17/2016,17,79,6,1,0,3,0,0,0,0
5/17/2017,52,46,32,2,0,112,52,2,2,0
5/17/2018,31,44,42,2,0,79,53,6,3,0
5/18/2015,28,115,4,1,0,0,0,0,0,0
5/18/2016,22,105,9,2,0,1,0,1,0,0
5/18/2017,37,47,39,2,0,131,76,6,1,0
5/18/2018,35,43,45,2,0,90,60,7,0,0
5/19/2015,27,82,9,3,0,0,0,0,0,0
5/19/2016,20,52,4,2,0,0,0,0,0,0
5/19/2017,44,48,50,2,1,134,61,6,0,0
5/19/2018,23,47,46,0,1,84,62,2,0,0
5/2/2015,12,79,4,0,0,0,0,0,0,0
5/2/2016,32,78,4,0,0,0,0,1,0,0
5/2/2017,35,44,44,2,1,111,75,6,2,1
5/2/2018,25,34,29,1,0,86,60,4,3,0
5/20/2015,13,85,4,1,0,0,0,0,0,0
5/20/2016,12,82,4,3,1,0,0,0,0,0
5/20/2017,29,41,53,0,0,116,73,5,0,0
5/20/2018,30,38,40,1,0,98,57,2,0,0
5/21/2015,17,93,12,1,0,0,0,1,0,0
5/21/2016,12,57,8,0,0,1,0,0,0,0
5/21/2017,38,34,37,1,0,90,58,0,0,0
5/21/2018,38,46,50,5,0,108,50,6,0,0
5/22/2015,23,75,4,1,0,0,0,0,0,0
5/22/2016,17,58,16,3,0,0,0,0,0,0
5/22/2017,39,30,34,1,0,102,67,4,0,0
5/22/2018,39,45,44,1,0,86,54,9,0,0
5/23/2015,13,87,4,3,0,0,0,0,0,0
5/23/2016,20,88,7,2,0,0,0,0,0,0
5/23/2017,50,45,40,1,0,102,61,5,2,0
5/23/2018,30,49,39,1,0,87,66,3,0,0
5/24/2015,12,59,6,2,0,0,0,0,0,0
5/24/2016,11,64,3,2,0,1,0,0,0,0
5/24/2017,50,45,34,2,0,109,53,6,1,0
5/24/2018,25,37,30,2,0,95,50,4,2,0
5/25/2015,18,64,5,1,0,0,0,0,0,0
5/25/2016,10,77,7,4,0,1,0,0,0,0
5/25/2017,44,47,32,3,0,108,54,4,3,0
5/25/2018,29,54,48,2,0,91,47,2,1,0
5/26/2015,21,99,1,2,0,0,0,0,0,0
5/26/2016,19,87,9,0,0,1,0,0,0,0
5/26/2017,46,44,52,5,0,94,62,3,0,0
5/26/2018,36,41,47,1,1,97,75,3,0,0
5/27/2015,10,93,8,2,0,0,0,0,0,0
5/27/2016,15,88,4,2,0,0,0,0,0,0
5/27/2017,33,47,60,1,0,93,83,2,1,0
5/27/2018,40,49,64,2,0,89,61,1,0,0
5/28/2015,15,104,7,1,0,0,0,0,0,0
5/28/2016,25,78,8,2,0,0,0,0,0,0
5/28/2017,35,45,48,0,0,99,58,0,0,0
5/28/2018,31,42,47,0,0,102,68,3,0,0
5/29/2015,15,92,5,0,0,0,0,0,0,0
5/29/2016,19,74,12,2,0,1,0,0,0,0
5/29/2017,49,44,44,2,0,109,71,2,1,0
5/29/2018,28,42,35,1,0,92,48,8,1,0
5/3/2015,13,65,9,1,0,0,0,0,0,0
5/3/2016,20,94,2,3,0,0,0,0,0,0
5/3/2017,35,47,40,4,0,97,61,5,1,2
5/3/2018,42,47,38,2,1,110,68,0,0,1
5/30/2015,17,70,10,0,0,0,0,0,0,0
5/30/2016,20,64,8,2,0,0,0,0,0,0
5/30/2017,45,61,37,0,0,140,59,2,1,3
5/30/2018,25,48,42,1,0,98,55,2,0,0
5/31/2015,16,72,9,2,0,0,0,0,0,0
5/31/2016,18,75,2,3,0,0,0,1,0,0
5/31/2017,57,47,39,3,0,133,63,1,1,0
5/31/2018,31,42,27,0,0,105,56,3,0,0
5/4/2015,13,116,4,3,0,0,0,0,0,0
5/4/2016,20,71,5,1,0,0,0,0,0,0
5/4/2017,49,36,36,1,0,115,51,9,1,0
5/4/2018,37,39,37,0,0,100,59,2,0,0
5/5/2015,12,107,2,3,0,0,0,0,0,0
5/5/2016,17,76,6,4,0,0,0,0,0,0
5/5/2017,50,45,36,5,0,146,60,6,1,2
5/5/2018,39,55,49,0,0,92,70,2,0,1
5/6/2015,19,109,4,2,0,0,0,1,0,0
5/6/2016,23,78,1,1,0,0,0,0,0,0
5/6/2017,40,67,44,2,0,110,73,6,1,1
5/6/2018,35,51,58,1,0,79,79,0,0,0
5/7/2015,9,73,2,3,0,0,0,0,0,0
5/7/2016,17,62,5,3,0,0,0,0,0,0
5/7/2017,49,56,44,4,0,95,60,4,1,1
5/7/2018,33,52,38,1,0,92,63,2,0,0
5/8/2015,14,81,2,2,0,1,0,0,0,0
5/8/2016,14,78,7,0,1,0,0,0,0,0
5/8/2017,59,65,35,0,0,94,53,3,2,0
5/8/2018,46,48,41,3,0,101,60,3,1,0
5/9/2015,9,78,9,3,0,0,0,0,0,0
5/9/2016,22,90,3,0,0,0,0,0,0,0
5/9/2017,54,58,32,1,0,117,54,9,1,0
5/9/2018,45,35,32,0,0,100,56,4,1,2
6/1/2015,23,98,7,3,0,4,0,0,0,0
6/1/2016,14,87,8,5,0,13,0,3,0,0
6/1/2017,46,48,35,1,0,159,75,8,1,0
6/1/2018,32,82,47,3,0,122,68,3,1,0
6/10/2015,15,95,3,4,0,0,0,0,0,0
6/10/2016,19,99,11,1,0,1,0,0,0,0
6/10/2017,46,47,50,2,0,98,67,3,0,1
6/10/2018,44,52,59,0,0,78,65,3,0,0
6/11/2015,16,107,4,1,0,0,0,0,0,0
6/11/2016,15,70,7,2,0,0,0,0,0,0
6/11/2017,49,42,50,2,0,84,67,1,1,0
6/11/2018,44,68,31,2,0,98,56,4,0,0
6/12/2015,9,95,6,0,0,0,0,0,0,0
6/12/2016,20,66,16,0,0,0,1,0,0,0
6/12/2017,40,41,36,1,0,109,71,2,1,0
6/12/2018,47,38,25,1,0,108,74,4,1,1
6/13/2015,10,77,9,2,0,0,0,0,0,0
6/13/2016,25,87,10,3,0,0,0,0,0,0
6/13/2017,49,47,53,2,0,102,62,4,0,0
6/13/2018,40,54,39,0,0,80,58,4,0,0
6/14/2015,10,62,2,2,0,0,0,0,0,0
6/14/2016,16,98,4,1,1,1,0,0,0,0
6/14/2017,54,54,43,2,0,106,57,5,1,0
6/14/2018,37,45,35,0,0,80,66,0,2,0
6/15/2015,17,92,6,3,0,0,0,0,0,0
6/15/2016,12,76,7,3,0,0,0,0,0,0
6/15/2017,47,46,45,0,0,95,57,5,0,0
6/15/2018,43,51,42,3,0,119,50,2,0,0
6/16/2015,15,90,4,2,0,0,0,0,0,0
6/16/2016,19,82,5,5,1,0,0,0,0,0
6/16/2017,30,55,40,1,0,118,69,7,2,0
6/16/2018,35,49,42,1,1,114,63,1,1,0
6/17/2015,14,83,4,2,0,1,0,0,0,0
6/17/2016,22,55,11,3,0,0,0,0,0,0
6/17/2017,36,41,55,3,0,102,69,1,1,0
6/17/2018,37,42,51,3,0,66,71,0,1,0
6/18/2015,17,95,7,0,0,0,0,0,0,0
6/18/2016,20,61,7,2,0,1,0,0,0,0
6/18/2017,36,41,48,2,0,105,72,3,0,0
6/18/2018,59,57,30,2,0,83,66,4,1,0
6/19/2015,6,100,1,3,0,0,0,0,0,0
6/19/2016,13,48,7,3,0,0,1,0,0,0
6/19/2017,51,43,49,4,0,120,74,9,1,0
6/19/2018,43,47,32,2,0,80,46,2,0,0
6/2/2015,14,94,5,1,0,1,0,0,0,0
6/2/2016,11,89,10,3,0,0,0,0,0,0
6/2/2017,41,62,52,0,0,113,71,5,0,1
6/2/2018,32,60,49,0,1,84,70,1,1,0
6/20/2015,8,64,3,2,0,1,0,0,0,0
6/20/2016,17,114,8,2,0,1,0,0,0,0
6/20/2017,28,55,51,0,2,113,63,1,0,0
6/20/2018,58,74,27,0,0,69,43,6,0,0
6/21/2015,16,65,4,2,0,0,0,0,0,0
6/21/2016,22,110,5,3,0,0,0,1,0,0
6/21/2017,46,52,51,1,0,110,58,9,0,0
6/21/2018,47,49,32,1,1,77,49,3,2,1
6/22/2015,21,105,6,0,0,0,0,0,0,0
6/22/2016,17,88,6,2,0,1,0,0,0,0
6/22/2017,30,52,47,2,0,117,57,4,0,0
6/22/2018,43,53,38,1,0,99,50,3,1,0
6/23/2015,21,96,1,0,0,0,0,0,0,0
6/23/2016,24,90,5,4,0,1,0,0,0,0
6/23/2017,37,56,38,1,0,116,49,10,1,0
6/23/2018,43,46,47,0,0,88,54,4,0,0
6/24/2015,14,83,3,2,0,0,0,0,0,0
6/24/2016,21,86,8,0,0,0,0,0,0,0
6/24/2017,30,45,51,2,0,121,60,5,2,0
6/24/2018,51,46,48,3,0,84,55,2,0,0
6/25/2015,15,123,5,2,0,0,0,0,0,0
6/25/2016,16,59,7,3,1,0,0,0,0,0
6/25/2017,20,35,55,0,0,95,56,4,1,0
6/25/2018,36,51,38,1,0,77,57,3,1,0
6/26/2015,10,88,7,1,0,0,0,0,0,0
6/26/2016,8,69,8,4,0,1,0,0,0,0
6/26/2017,40,44,50,0,0,103,46,3,1,0
6/26/2018,45,55,43,1,0,78,58,3,0,0
6/27/2015,12,72,9,2,0,0,0,0,0,0
6/27/2016,17,98,8,1,1,1,0,0,0,0
6/27/2017,37,43,45,4,0,106,65,6,0,0
6/27/2018,44,59,37,0,1,88,51,4,0,0
6/28/2015,21,54,12,3,0,1,0,0,0,0
6/28/2016,13,90,1,2,0,2,0,0,0,0
6/28/2017,40,57,47,0,0,135,68,6,0,0
6/28/2018,41,46,35,0,0,94,53,5,1,0
6/29/2015,12,109,4,1,0,0,0,0,0,0
6/29/2016,11,91,5,4,0,0,0,0,0,0
6/29/2017,37,48,39,1,0,102,53,3,3,0
6/29/2018,36,59,31,0,1,88,41,3,1,0
6/3/2015,13,88,7,4,0,0,0,0,0,0
6/3/2016,16,89,8,2,0,0,0,0,0,0
6/3/2017,43,52,53,3,0,95,84,1,0,0
6/3/2018,27,64,54,1,0,88,62,2,0,0
6/30/2015,16,121,5,3,0,0,0,0,0,0
6/30/2016,17,78,3,2,0,2,0,1,0,0
6/30/2017,30,63,52,1,0,114,60,3,1,0
6/30/2018,47,50,56,0,0,91,74,4,1,0
6/4/2015,17,99,6,1,0,0,0,0,0,0
6/4/2016,6,60,6,7,0,2,0,0,0,0
6/4/2017,30,39,60,2,0,82,74,1,1,0
6/4/2018,41,62,35,2,0,81,65,4,0,0
6/5/2015,17,71,10,2,0,1,0,0,0,0
6/5/2016,17,63,9,2,1,0,0,0,0,0
6/5/2017,40,52,40,1,0,101,54,3,0,0
6/5/2018,37,48,36,3,0,106,58,4,0,0
6/6/2015,9,60,7,2,0,0,0,0,0,0
6/6/2016,18,94,9,0,0,0,0,0,0,0
6/6/2017,34,37,48,1,0,100,71,7,0,0
6/6/2018,35,51,51,4,0,95,56,4,1,0
6/7/2015,12,64,7,3,0,0,0,0,0,0
6/7/2016,16,83,5,3,0,1,0,0,0,0
6/7/2017,56,48,51,2,0,92,52,5,0,0
6/7/2018,49,46,43,1,0,106,46,2,2,0
6/8/2015,22,94,5,1,0,0,0,0,0,0
6/8/2016,14,74,2,0,0,0,0,0,0,0
6/8/2017,35,45,40,3,1,123,61,3,1,0
6/8/2018,37,47,43,1,0,103,51,1,0,0
6/9/2015,20,89,4,2,0,0,0,0,0,0
6/9/2016,14,97,4,1,0,1,0,0,0,0
6/9/2017,36,61,45,2,0,116,64,3,1,0
6/9/2018,37,53,55,5,0,82,61,3,0,0
7/1/2015,12,86,8,2,0,2,0,0,0,0
7/1/2016,18,78,5,4,1,8,0,0,0,0
7/1/2017,33,58,53,6,0,133,82,4,0,0
7/1/2018,37,57,55,2,0,87,61,1,0,0
7/10/2015,20,87,3,1,0,0,0,0,0,0
7/10/2016,7,63,3,2,0,0,0,0,0,0
7/10/2017,41,41,38,1,0,100,58,7,2,0
7/10/2018,45,55,29,0,0,97,51,6,1,0
7/11/2015,8,64,7,1,0,0,0,0,0,0
7/11/2016,20,83,10,2,0,0,0,0,0,0
7/11/2017,37,57,42,0,0,124,65,4,0,0
7/11/2018,45,54,38,2,0,80,49,5,0,0
7/12/2015,11,73,4,2,0,0,0,0,0,0
7/12/2016,19,80,5,1,0,2,0,0,0,0
7/12/2017,33,65,47,2,0,113,77,5,0,1
7/12/2018,35,45,31,0,0,100,63,3,1,0
7/13/2015,16,113,7,1,0,0,0,0,0,0
7/13/2016,8,78,6,2,0,1,0,1,0,0
7/13/2017,43,58,33,2,0,96,68,6,1,0
7/13/2018,37,62,37,1,0,94,42,4,0,0
7/14/2015,14,111,6,3,0,0,0,0,0,0
7/14/2016,23,85,6,1,0,1,0,0,0,0
7/14/2017,43,62,57,0,0,129,81,3,1,0
7/14/2018,44,58,39,2,0,98,59,2,0,0
7/15/2015,12,76,8,1,0,0,0,0,0,0
7/15/2016,11,67,4,1,0,6,0,0,0,0
7/15/2017,41,57,49,0,0,94,62,4,1,0
7/15/2018,53,38,49,0,0,71,61,1,0,0
7/16/2015,11,85,7,0,0,0,0,0,0,0
7/16/2016,16,55,3,0,1,1,0,0,0,0
7/16/2017,44,30,51,1,0,105,78,0,1,0
7/16/2018,50,51,30,1,0,90,64,5,1,0
7/17/2015,10,87,9,1,1,0,0,0,0,0
7/17/2016,11,73,7,2,0,1,0,0,0,0
7/17/2017,40,47,37,1,0,115,51,7,1,0
7/17/2018,43,43,34,1,0,77,63,5,2,0
7/18/2015,20,70,11,5,0,1,0,0,0,0
7/18/2016,14,105,6,1,2,1,0,0,0,0
7/18/2017,54,49,41,2,0,122,47,2,1,0
7/18/2018,58,47,27,2,0,99,59,4,1,0
7/19/2015,17,65,4,4,0,0,0,0,0,0
7/19/2016,17,70,4,2,0,1,0,0,0,0
7/19/2017,28,45,39,1,0,106,69,4,1,0
7/19/2018,47,67,43,4,0,96,48,5,1,0
7/2/2015,14,100,10,1,0,0,0,0,0,0
7/2/2016,16,44,7,2,0,1,0,0,0,0
7/2/2017,41,48,55,2,0,98,75,0,0,1
7/2/2018,28,49,46,2,0,84,51,4,1,0
7/20/2015,14,73,11,3,0,0,0,0,0,0
7/20/2016,18,75,3,2,1,1,0,0,0,0
7/20/2017,44,49,49,1,0,122,71,4,0,0
7/20/2018,56,49,41,0,0,107,46,3,1,0
7/21/2015,30,114,4,2,0,0,0,0,0,0
7/21/2016,20,67,3,2,1,0,0,0,0,0
7/21/2017,37,43,34,3,0,155,64,4,3,0
7/21/2018,34,52,36,1,0,90,63,3,1,0
7/22/2015,15,103,7,1,0,0,0,0,0,0
7/22/2016,9,93,9,2,0,0,0,1,0,0
7/22/2017,28,54,54,1,0,94,65,4,1,0
7/22/2018,40,45,65,0,0,76,55,0,0,0
7/23/2015,10,102,6,6,0,0,0,0,0,0
7/23/2016,8,69,6,5,0,1,0,0,0,0
7/23/2017,37,50,52,1,0,83,69,4,0,0
7/23/2018,45,38,37,1,0,91,54,5,1,0
7/24/2015,26,122,9,3,0,0,0,0,0,0
7/24/2016,16,71,7,1,0,2,0,0,0,0
7/24/2017,40,44,52,2,0,117,65,2,1,0
7/24/2018,49,47,35,1,0,68,56,1,0,0
7/25/2015,13,63,5,1,0,0,0,0,0,0
7/25/2016,14,77,9,4,0,1,0,0,0,0
7/25/2017,24,46,45,5,0,111,64,2,1,0
7/25/2018,51,57,39,2,0,85,45,7,1,0
7/26/2015,14,78,11,1,0,0,0,0,0,0
7/26/2016,13,92,5,1,0,1,0,0,0,0
7/26/2017,33,43,53,1,1,122,65,5,0,0
7/26/2018,69,58,32,1,0,86,51,2,2,0
7/27/2015,16,106,6,3,0,2,0,0,0,0
7/27/2016,17,60,8,3,0,1,0,0,0,0
7/27/2017,34,46,29,1,0,98,52,5,1,1
7/27/2018,30,58,43,0,0,92,58,2,1,0
7/28/2015,21,116,4,3,0,0,0,0,0,0
7/28/2016,18,80,5,1,0,0,0,1,0,0
7/28/2017,53,55,53,3,0,124,76,4,2,0
7/28/2018,29,48,44,0,0,86,55,1,1,0
7/29/2015,15,99,6,1,0,0,0,0,0,0
7/29/2016,16,79,4,4,0,1,0,0,0,0
7/29/2017,45,40,59,2,0,102,68,2,0,0
7/29/2018,42,49,47,0,0,92,48,3,1,0
7/3/2015,12,78,6,1,0,1,0,0,0,0
7/3/2016,15,71,5,3,0,0,0,0,0,0
7/3/2017,48,59,59,2,0,109,59,6,1,1
7/3/2018,46,53,42,0,0,86,48,2,2,0
7/30/2015,15,87,7,1,0,0,0,0,0,0
7/30/2016,7,62,5,3,0,0,0,1,0,0
7/30/2017,36,43,60,3,0,84,69,4,1,1
7/30/2018,41,60,40,2,0,75,42,5,1,2
7/31/2015,10,112,4,0,0,0,0,0,0,0
7/31/2016,12,60,6,0,1,0,0,0,0,0
7/31/2017,42,54,50,2,0,101,47,6,1,2
7/31/2018,26,44,30,0,0,94,59,5,0,1
7/4/2015,19,76,6,1,0,0,0,0,0,0
7/4/2016,16,76,7,1,0,0,0,0,0,0
7/4/2017,19,49,62,0,0,117,59,1,0,0
7/4/2018,42,39,42,1,1,74,59,3,0,0
7/5/2015,16,60,6,3,1,0,0,0,0,0
7/5/2016,13,90,6,4,0,0,0,2,0,0
7/5/2017,27,46,50,2,0,128,66,5,0,0
7/5/2018,45,60,27,1,0,94,60,5,0,0
7/6/2015,21,97,5,2,0,0,0,0,0,0
7/6/2016,23,87,7,3,0,0,0,0,0,0
7/6/2017,29,46,44,0,0,121,66,6,1,0
7/6/2018,32,56,32,1,0,96,61,7,1,0
7/7/2015,15,89,7,0,0,1,0,0,0,0
7/7/2016,16,75,5,1,0,1,0,0,0,0
7/7/2017,35,67,44,2,0,118,62,5,0,0
7/7/2018,27,39,49,1,0,85,58,2,0,0
7/8/2015,20,90,5,1,0,1,0,0,0,0
7/8/2016,16,101,6,2,0,0,0,0,0,0
7/8/2017,50,68,43,1,0,98,67,3,0,1
7/8/2018,29,37,47,4,0,65,46,1,1,0
7/9/2015,16,102,3,2,0,1,0,0,0,0
7/9/2016,14,57,6,3,0,0,0,0,0,0
7/9/2017,49,49,56,1,1,115,64,2,2,0
7/9/2018,35,59,30,1,1,90,51,6,0,0
8/1/2015,18,69,5,2,0,4,0,0,0,0
8/1/2016,15,100,6,4,0,18,0,1,0,0
8/1/2017,36,77,48,5,0,138,50,4,0,1
8/1/2018,54,62,34,0,0,77,58,5,2,0
8/10/2015,26,93,6,1,0,0,0,0,0,0
8/10/2016,15,76,3,1,0,0,0,0,0,0
8/10/2017,55,51,32,2,0,111,49,2,0,0
8/10/2018,42,58,29,2,0,85,56,4,2,0
8/11/2015,18,85,4,1,0,0,0,0,0,0
8/11/2016,16,82,6,2,1,1,0,0,0,0
8/11/2017,45,60,40,0,0,96,55,6,1,0
8/11/2018,51,63,35,2,0,80,45,3,1,0
8/12/2015,9,98,6,2,0,0,0,0,0,0
8/12/2016,9,74,4,1,0,0,0,1,0,0
8/12/2017,26,46,48,5,0,83,53,1,0,0
8/12/2018,47,46,41,1,0,81,43,1,0,0
8/13/2015,14,90,3,0,0,0,0,0,0,0
8/13/2016,9,43,6,1,0,1,0,0,0,0
8/13/2017,38,52,33,0,1,95,64,1,0,1
8/13/2018,56,47,31,0,0,72,46,2,1,0
8/14/2015,15,85,3,2,0,0,0,0,0,0
8/14/2016,8,58,6,3,1,0,0,0,0,0
8/14/2017,45,45,42,1,0,82,59,7,0,0
8/14/2018,36,49,47,0,0,92,61,1,2,1
8/15/2015,17,41,3,5,0,0,0,0,0,0
8/15/2016,8,77,2,4,0,3,0,0,0,0
8/15/2017,42,55,31,3,0,124,54,12,0,0
8/15/2018,39,67,41,2,0,76,60,5,1,0
8/16/2015,14,77,3,1,0,0,0,0,0,0
8/16/2016,12,87,6,3,0,0,0,0,0,0
8/16/2017,55,51,44,1,0,85,45,7,1,1
8/16/2018,52,52,45,3,0,83,49,3,0,1
8/17/2015,22,118,7,1,0,0,0,0,0,0
8/17/2016,17,84,4,5,0,1,0,1,0,0
8/17/2017,40,49,39,2,0,114,58,2,1,0
8/17/2018,56,60,38,0,0,112,56,3,2,0
8/18/2015,22,102,1,1,0,0,0,0,0,0
8/18/2016,9,89,7,1,0,1,0,1,0,0
8/18/2017,27,53,44,2,0,129,57,4,0,0
8/18/2018,36,46,42,1,0,91,50,0,0,0
8/19/2015,17,103,6,6,0,1,0,0,0,0
8/19/2016,16,77,2,0,0,1,0,0,0,0
8/19/2017,40,48,49,1,0,80,62,4,2,0
8/19/2018,38,49,41,1,0,75,48,1,0,0
8/2/2015,14,57,9,1,0,0,0,0,0,0
8/2/2016,14,83,4,1,0,0,0,0,0,0
8/2/2017,32,48,43,1,0,90,58,3,2,0
8/2/2018,45,54,35,1,0,83,42,4,0,0
8/20/2015,14,81,2,2,0,0,0,0,0,0
8/20/2016,13,59,7,0,0,0,0,0,0,0
8/20/2017,27,35,48,1,1,89,68,2,1,0
8/20/2018,52,47,35,2,0,78,51,6,0,0
8/21/2015,13,92,7,1,0,0,0,0,0,0
8/21/2016,13,67,7,4,1,0,0,0,0,0
8/21/2017,42,46,42,4,0,91,59,9,2,0
8/21/2018,37,48,37,4,0,61,52,4,1,0
8/22/2015,9,74,7,0,0,1,0,0,0,0
8/22/2016,18,91,7,0,0,0,0,0,0,0
8/22/2017,28,32,41,0,0,78,57,3,0,0
8/22/2018,47,44,32,2,1,87,55,7,3,0
8/23/2015,9,57,13,0,0,0,0,0,0,0
8/23/2016,11,84,5,3,0,1,0,0,0,0
8/23/2017,39,51,38,2,1,99,53,6,1,0
8/23/2018,37,52,38,0,0,71,62,4,0,0
8/24/2015,16,95,3,2,0,0,0,0,0,0
8/24/2016,13,86,9,1,0,0,0,1,0,0
8/24/2017,32,47,40,3,0,98,59,1,2,0
8/24/2018,49,68,54,1,1,90,71,3,0,0
8/25/2015,19,87,8,1,0,0,0,0,0,0
8/25/2016,19,70,7,2,0,0,0,1,0,0
8/25/2017,28,53,53,2,0,76,46,7,0,0
8/25/2018,46,45,49,1,0,84,66,1,0,0
8/26/2015,11,114,7,1,0,1,0,0,0,0
8/26/2016,23,74,4,2,0,1,0,1,0,0
8/26/2017,18,37,24,0,0,64,50,3,0,0
8/26/2018,43,57,43,2,0,59,64,1,0,1
8/27/2015,16,91,1,1,0,1,0,0,0,0
8/27/2016,22,86,6,2,0,0,0,0,0,0
8/27/2017,36,33,40,5,1,67,44,2,0,0
8/27/2018,53,38,44,1,0,88,37,4,1,0
8/28/2015,10,71,5,3,0,0,0,0,0,0
8/28/2016,9,64,7,2,0,0,0,0,0,0
8/28/2017,34,46,45,2,0,94,55,2,0,0
8/28/2018,33,58,37,0,0,95,53,2,3,0
8/29/2015,16,51,5,2,0,0,0,0,0,0
8/29/2016,9,101,3,1,0,0,0,0,0,0
8/29/2017,33,51,44,1,0,96,64,3,2,0
8/29/2018,39,49,37,0,0,81,67,2,2,0
8/3/2015,23,130,4,1,1,0,0,0,0,0
8/3/2016,9,96,3,3,0,2,0,0,0,0
8/3/2017,43,36,42,1,1,105,59,7,2,0
8/3/2018,36,56,40,1,0,109,61,4,0,0
8/30/2015,13,68,9,2,0,0,0,0,0,0
8/30/2016,17,100,3,5,0,2,0,0,0,0
8/30/2017,37,58,43,3,0,107,67,3,0,0
8/30/2018,48,57,34,0,0,88,45,11,1,1
8/31/2015,23,108,6,2,0,0,0,0,0,0
8/31/2016,25,63,6,6,0,0,0,0,0,0
8/31/2017,36,45,47,2,0,93,64,5,2,0
8/31/2018,34,48,45,1,0,96,59,6,0,0
8/4/2015,11,91,4,1,0,0,0,0,0,0
8/4/2016,5,83,3,3,0,1,0,1,0,0
8/4/2017,36,60,54,2,0,127,60,7,3,0
8/4/2018,42,50,46,1,0,93,61,1,0,0
8/5/2015,20,104,5,3,0,0,0,0,0,0
8/5/2016,14,84,1,1,0,1,0,0,0,0
8/5/2017,31,47,47,2,0,79,62,4,0,0
8/5/2018,49,37,47,0,0,87,56,0,2,1
8/6/2015,14,97,3,1,0,2,0,0,0,0
8/6/2016,21,52,5,3,0,0,0,0,0,0
8/6/2017,41,39,39,2,0,99,63,1,0,1
8/6/2018,50,54,38,2,0,92,51,5,2,0
8/7/2015,26,103,4,2,0,1,0,0,0,0
8/7/2016,12,69,7,5,0,1,0,0,0,0
8/7/2017,39,58,25,0,0,90,56,6,0,0
8/7/2018,40,58,43,0,0,82,54,4,3,1
8/8/2015,12,61,4,1,0,0,0,0,0,0
8/8/2016,12,70,5,6,0,3,1,0,0,0
8/8/2017,36,57,33,1,0,105,55,3,2,0
8/8/2018,50,56,37,0,0,90,62,4,2,1
8/9/2015,12,59,4,0,0,0,0,0,0,0
8/9/2016,12,73,4,3,1,1,0,1,0,0
8/9/2017,42,42,44,1,0,106,58,3,1,0
8/9/2018,56,61,28,2,0,86,63,6,1,0
9/1/2015,13,73,5,4,0,2,0,0,0,0
9/1/2016,24,85,6,3,0,16,0,2,0,0
9/1/2017,26,68,39,2,0,129,69,14,1,0
9/1/2018,35,60,49,4,1,87,67,3,0,0
9/10/2015,14,88,5,1,0,0,0,0,0,0
9/10/2016,15,77,10,1,0,1,0,1,0,0
9/10/2017,47,30,52,3,0,109,54,2,0,0
9/10/2018,53,54,46,3,0,109,59,3,0,0
9/11/2015,14,103,2,0,0,0,0,0,0,0
9/11/2016,19,55,11,3,0,0,0,0,0,0
9/11/2017,58,43,36,0,0,92,53,4,0,0
9/11/2018,43,48,37,2,1,82,45,6,0,0
9/12/2015,12,67,10,0,0,0,0,0,0,0
9/12/2016,25,94,12,3,0,2,0,0,0,0
9/12/2017,45,45,32,5,1,91,49,4,3,0
9/12/2018,54,68,32,0,0,82,42,3,1,0
9/13/2015,10,54,6,3,0,0,0,0,0,0
9/13/2016,13,93,3,3,0,1,0,0,0,0
9/13/2017,50,56,43,3,0,89,50,4,2,0
9/13/2018,50,57,42,1,0,90,53,1,0,0
9/14/2015,20,122,7,2,0,0,0,0,0,0
9/14/2016,22,71,11,2,0,2,0,0,0,0
9/14/2017,33,42,45,3,0,103,67,5,0,0
9/14/2018,39,58,29,1,0,83,41,6,0,0
9/15/2015,17,92,7,0,0,0,0,0,0,0
9/15/2016,20,96,8,0,0,1,0,0,0,0
9/15/2017,26,58,53,1,0,123,51,4,3,0
9/15/2018,51,47,41,2,0,82,58,4,1,0
9/16/2015,17,107,3,0,0,0,0,0,0,0
9/16/2016,10,89,6,3,0,0,0,1,0,0
9/16/2017,31,50,61,2,0,90,66,0,0,0
9/16/2018,47,46,37,5,0,87,63,1,1,1
9/17/2015,12,74,4,0,0,0,0,0,0,0
9/17/2016,16,67,8,2,0,0,0,0,0,0
9/17/2017,33,45,68,3,1,86,58,2,0,0
9/17/2018,46,56,41,2,0,67,57,3,2,0
9/18/2015,14,100,6,0,0,0,0,0,0,0
9/18/2016,11,66,7,1,0,0,0,0,0,0
9/18/2017,34,59,53,0,0,76,52,4,0,0
9/18/2018,49,41,37,0,0,82,45,4,1,0
9/19/2015,21,67,1,0,0,0,0,0,0,0
9/19/2016,15,107,5,3,0,0,0,0,0,0
9/19/2017,31,44,45,1,0,83,52,0,2,1
9/19/2018,47,52,25,3,0,87,57,4,0,0
9/2/2015,14,96,5,0,0,0,0,0,0,0
9/2/2016,11,93,5,2,0,2,0,0,0,0
9/2/2017,34,41,45,2,0,85,76,6,1,0
9/2/2018,51,58,43,1,0,70,57,2,0,0
9/20/2015,14,74,9,3,0,0,0,0,0,0
9/20/2016,15,93,3,3,0,1,0,1,0,0
9/20/2017,36,52,49,1,0,107,66,3,0,0
9/20/2018,48,40,32,1,0,85,61,4,0,0
9/21/2015,24,105,4,1,1,0,0,0,0,0
9/21/2016,10,75,10,2,0,1,0,0,0,0
9/21/2017,33,53,33,0,0,108,69,6,1,0
9/21/2018,70,46,38,4,0,98,58,5,2,0
9/22/2015,26,67,4,0,0,0,0,0,0,0
9/22/2016,8,80,6,1,0,1,0,0,0,0
9/22/2017,32,41,52,1,0,126,47,6,2,0
9/22/2018,41,51,37,2,0,58,59,2,0,1
9/23/2015,12,87,4,1,0,0,0,0,0,0
9/23/2016,14,71,8,8,0,2,0,0,0,0
9/23/2017,32,46,50,2,0,105,71,1,0,0
9/23/2018,48,50,42,3,1,86,67,1,0,0
9/24/2015,10,89,3,3,0,1,0,0,0,0
9/24/2016,8,42,10,0,0,0,0,1,0,0
9/24/2017,35,45,49,3,0,85,57,1,0,1
9/24/2018,46,65,51,1,0,81,61,7,1,0
9/25/2015,15,79,4,0,0,2,0,0,0,0
9/25/2016,7,65,4,3,0,1,0,1,0,0
9/25/2017,35,46,36,0,0,92,59,4,0,0
9/25/2018,48,55,43,2,1,104,50,8,0,0
9/26/2015,6,59,1,3,0,0,0,0,0,0
9/26/2016,25,80,6,1,0,2,0,0,0,0
9/26/2017,40,49,36,1,0,88,56,2,0,0
9/26/2018,51,52,31,1,0,101,52,4,2,0
9/27/2015,17,64,11,1,0,0,0,0,0,0
9/27/2016,16,77,7,2,0,1,0,1,0,0
9/27/2017,44,42,31,0,0,91,55,2,1,0
9/27/2018,43,56,30,1,1,73,46,2,0,0
9/28/2015,20,87,9,1,0,0,0,0,0,0
9/28/2016,19,78,6,4,0,0,0,0,0,0
9/28/2017,28,43,25,0,0,113,67,4,1,0
9/28/2018,46,48,27,0,0,117,77,5,1,0
9/29/2015,14,108,3,1,0,0,0,0,0,0
9/29/2016,13,89,5,2,0,1,0,0,0,0
9/29/2017,29,57,35,2,0,117,63,6,1,0
9/29/2018,32,49,45,1,1,87,48,2,0,0
9/3/2015,13,93,4,1,0,1,0,0,0,0
9/3/2016,15,60,10,3,0,0,0,1,0,0
9/3/2017,36,35,53,0,0,76,61,1,0,0
9/3/2018,39,50,43,0,0,65,39,0,0,0
9/30/2015,14,89,2,1,0,0,0,0,0,0
9/30/2016,25,76,6,3,0,2,0,0,0,0
9/30/2017,33,48,35,1,0,89,56,5,1,0
9/30/2018,56,49,41,1,0,71,55,2,0,0
9/4/2015,13,92,10,0,0,0,0,0,0,0
9/4/2016,15,70,6,2,0,1,0,0,0,0
9/4/2017,43,59,49,3,0,100,60,4,0,0
9/4/2018,57,51,29,1,0,61,55,5,0,0
9/5/2015,12,61,4,1,0,1,0,0,0,0
9/5/2016,9,85,6,1,0,0,0,1,0,0
9/5/2017,49,60,33,1,0,102,49,3,1,0
9/5/2018,46,40,47,1,0,89,43,7,0,0
9/6/2015,15,65,6,1,0,1,0,0,0,0
9/6/2016,21,74,5,3,0,1,0,0,0,0
9/6/2017,42,39,35,1,0,96,58,10,0,0
9/6/2018,50,52,21,3,0,82,50,2,4,0
9/7/2015,26,76,13,2,0,1,0,0,0,0
9/7/2016,12,66,5,3,0,0,0,0,0,0
9/7/2017,35,47,41,1,0,107,50,4,0,0
9/7/2018,37,57,32,1,0,94,47,7,2,0
9/8/2015,18,102,4,0,0,0,0,0,0,0
9/8/2016,18,92,3,3,1,0,0,0,0,0
9/8/2017,37,65,32,1,0,108,53,4,2,0
9/8/2018,44,45,37,0,0,80,63,2,1,0
9/9/2015,10,82,2,0,0,0,0,0,0,0
9/9/2016,23,88,10,1,0,0,0,1,0,0
9/9/2017,40,51,47,2,0,80,64,3,0,0
9/9/2018,57,55,39,1,0,72,44,2,0,0
