Date Occurred,MOTOR VEHICLE THEFT,THEFT,BURGLARY,MISC,FRAUD,LARCENY-THEFT,AGGRAVATED ASSAULT,RAPE,ATTEMPT,ARSON,MURDER AND NON-NEGLIGENT MANSLAUGHTER,DRUG OFFENSE
2015-01-02,43,77,71,167,19,36,85,6,6,2,1,0
2015-01-03,44,73,77,129,7,37,112,4,9,1,1,0
2015-01-04,51,60,83,138,5,31,117,5,16,1,2,0
2015-01-05,53,89,107,195,15,47,98,9,13,1,0,0
2015-01-06,44,77,71,143,10,34,108,11,9,0,1,0
2015-01-07,34,73,81,162,12,44,95,4,15,1,0,0
2015-01-08,46,89,74,189,12,44,79,6,9,0,0,0
2015-01-09,58,97,101,173,7,45,123,2,17,0,0,0
2015-01-10,54,76,107,182,5,34,130,8,12,0,1,0
2015-01-11,46,71,76,115,1,41,135,4,13,1,0,0
2015-01-12,32,71,92,164,9,50,87,3,13,0,2,0
2015-01-13,39,74,89,155,9,38,89,5,5,0,1,0
2015-01-14,36,81,83,177,5,56,107,8,15,1,1,2
2015-01-15,53,93,110,207,9,45,82,10,12,4,2,0
2015-01-16,32,97,102,168,6,48,93,10,18,1,1,0
2015-01-17,53,82,75,158,4,44,133,4,9,2,1,0
2015-01-18,49,66,83,150,1,41,102,4,13,1,0,0
2015-01-19,45,70,77,133,3,31,108,6,10,0,0,0
2015-01-20,37,99,109,194,10,41,83,7,16,0,0,0
2015-01-21,43,94,95,173,6,40,98,6,10,1,1,0
2015-01-22,38,90,87,154,11,57,118,5,10,1,1,0
2015-01-23,49,74,97,203,4,45,99,8,10,1,0,0
2015-01-24,44,95,82,165,8,33,127,7,8,2,0,0
2015-01-25,45,75,74,156,4,47,128,4,8,1,0,0
2015-01-26,59,80,107,192,9,50,120,11,15,0,0,0
2015-01-27,33,109,96,167,11,38,95,6,18,0,0,0
2015-01-28,31,80,81,170,4,47,105,2,11,1,1,0
2015-01-29,34,89,85,181,5,35,114,2,16,0,3,0
2015-01-30,37,99,97,196,9,39,118,7,12,0,1,0
2015-01-31,46,91,82,152,5,36,136,9,14,0,1,0
2015-02-01,33,102,100,282,2,36,146,35,9,1,2,0
2015-02-02,49,69,94,188,13,53,105,3,14,2,1,0
2015-02-03,32,90,89,166,15,44,70,5,7,3,0,0
2015-02-04,42,93,84,170,14,33,109,9,10,0,0,0
2015-02-05,47,83,78,164,8,48,98,10,7,0,0,0
2015-02-06,37,65,76,211,11,44,120,8,16,2,0,0
2015-02-07,29,93,91,171,5,39,107,5,9,0,2,0
2015-02-08,38,65,51,152,5,45,154,8,6,0,1,0
2015-02-09,36,84,77,202,9,37,106,7,9,3,1,0
2015-02-10,34,87,77,170,6,36,95,7,11,1,1,0
2015-02-11,28,88,82,199,5,55,77,4,10,0,0,0
2015-02-12,39,79,91,193,6,65,120,6,13,0,0,0
2015-02-13,43,76,135,189,8,52,121,6,5,0,1,0
2015-02-14,40,83,83,176,3,40,131,14,8,0,1,0
2015-02-15,58,96,95,164,4,37,128,8,7,0,1,0
2015-02-16,39,76,77,178,0,53,125,4,15,2,1,0
2015-02-17,43,77,73,166,5,52,83,7,11,2,0,0
2015-02-18,38,81,81,191,6,52,96,8,9,1,0,0
2015-02-19,38,94,87,166,8,52,123,7,9,1,0,0
2015-02-20,45,87,98,201,7,61,93,9,7,0,1,0
2015-02-21,37,86,72,178,7,40,111,16,7,0,0,0
2015-02-22,45,69,73,170,1,21,127,9,13,1,0,0
2015-02-23,46,73,82,158,5,50,105,7,10,1,0,0
2015-02-24,42,80,89,160,5,39,97,6,9,1,0,0
2015-02-25,46,88,77,157,12,57,89,6,13,3,0,0
2015-02-26,46,96,84,169,10,35,102,5,15,0,1,0
2015-02-27,44,97,93,184,7,43,117,8,10,0,0,0
2015-02-28,50,86,57,157,7,28,128,9,9,0,1,0
2015-03-01,58,106,101,287,16,46,142,34,12,1,1,1
2015-03-02,36,92,97,182,11,48,103,5,12,1,0,0
2015-03-03,48,81,86,171,9,44,104,5,11,0,1,0
2015-03-04,32,78,74,173,3,37,94,8,15,1,0,0
2015-03-05,35,80,84,172,10,38,105,5,5,0,0,0
2015-03-06,49,80,100,191,9,44,110,10,17,0,0,0
2015-03-07,38,88,76,171,2,51,141,8,9,1,1,0
2015-03-08,41,60,56,144,2,33,121,8,12,0,0,0
2015-03-09,33,75,86,183,11,44,114,6,10,1,1,1
2015-03-10,37,81,86,176,4,46,120,9,12,0,0,0
2015-03-11,49,87,74,154,13,46,136,7,13,0,1,0
2015-03-12,36,71,79,178,10,47,105,9,7,0,1,0
2015-03-13,38,86,93,168,6,37,125,6,13,2,3,0
2015-03-14,51,72,88,191,6,48,146,9,13,1,0,0
2015-03-15,35,91,70,189,2,51,145,9,14,2,0,0
2015-03-16,37,82,79,193,5,49,128,7,10,1,0,0
2015-03-17,46,84,80,191,11,42,99,7,7,0,1,1
2015-03-18,34,86,61,170,4,42,105,6,4,1,1,0
2015-03-19,28,84,73,175,5,41,115,4,9,0,0,0
2015-03-20,46,99,86,211,7,58,122,7,11,0,1,0
2015-03-21,45,80,69,156,4,42,145,14,5,0,1,0
2015-03-22,37,81,81,153,2,38,164,1,10,0,0,0
2015-03-23,39,81,78,179,8,40,113,7,16,2,2,0
2015-03-24,36,71,95,183,5,36,129,6,13,2,1,0
2015-03-25,30,100,73,180,5,43,132,8,11,0,0,1
2015-03-26,41,85,77,192,6,32,137,6,11,1,0,0
2015-03-27,48,102,72,197,8,52,130,10,16,1,0,0
2015-03-28,37,84,76,157,7,44,164,12,14,0,1,0
2015-03-29,48,56,67,148,2,42,124,8,7,2,0,0
2015-03-30,40,83,78,168,10,53,108,8,12,1,0,0
2015-03-31,39,87,66,220,4,47,108,3,8,0,0,0
2015-04-01,33,104,101,325,16,53,109,22,12,4,2,0
2015-04-02,37,64,65,193,6,49,99,7,11,0,2,0
2015-04-03,41,110,93,168,10,46,148,5,9,0,0,0
2015-04-04,32,78,64,162,2,35,131,9,9,2,1,0
2015-04-05,28,72,54,142,7,36,147,10,10,1,0,0
2015-04-06,27,77,58,188,5,46,100,8,12,4,2,0
2015-04-07,42,83,70,158,10,33,109,4,6,0,0,0
2015-04-08,30,87,62,153,12,39,97,5,6,0,2,0
2015-04-09,31,82,60,169,6,47,121,5,14,0,0,1
2015-04-10,25,106,85,193,6,46,104,8,13,0,0,0
2015-04-11,39,68,71,149,6,51,145,6,12,1,0,0
2015-04-12,43,76,61,154,2,33,128,11,6,0,1,0
2015-04-13,38,91,52,207,8,60,112,7,9,0,2,0
2015-04-14,39,95,60,182,11,49,106,5,12,2,0,0
2015-04-15,42,88,82,225,9,57,133,7,13,0,0,0
2015-04-16,36,99,83,154,6,51,124,8,8,0,2,0
2015-04-17,32,93,87,201,10,44,104,8,7,7,0,0
2015-04-18,39,102,57,169,11,35,144,10,8,1,1,0
2015-04-19,39,70,74,143,3,41,146,6,8,3,2,0
2015-04-20,28,79,85,189,9,39,113,8,14,1,1,0
2015-04-21,45,85,75,156,8,44,105,4,10,1,1,0
2015-04-22,48,108,86,156,6,40,108,7,11,2,2,0
2015-04-23,39,80,87,165,5,42,93,11,17,0,1,0
2015-04-24,41,92,85,168,11,37,94,5,14,0,1,0
2015-04-25,50,74,74,166,2,41,118,9,15,1,0,0
2015-04-26,54,90,61,161,2,35,126,6,13,0,1,0
2015-04-27,44,88,66,167,4,46,109,8,7,1,1,0
2015-04-28,44,91,71,174,9,51,104,11,15,0,1,0
2015-04-29,33,78,78,171,4,43,126,8,11,2,0,0
2015-04-30,27,82,74,184,15,39,132,7,16,0,1,0
2015-05-01,48,139,82,339,13,45,140,29,9,0,0,0
2015-05-02,26,77,89,189,9,45,163,12,4,0,4,0
2015-05-03,41,68,82,166,1,28,138,10,5,3,0,0
2015-05-04,37,81,70,170,9,42,112,8,8,1,0,0
2015-05-05,30,98,70,203,9,49,94,6,10,1,0,0
2015-05-06,33,74,68,165,10,42,108,8,9,1,0,0
2015-05-07,51,100,82,149,6,37,86,5,14,0,2,0
2015-05-08,45,86,86,169,6,43,95,9,11,0,1,0
2015-05-09,36,77,71,141,3,47,151,9,9,1,4,0
2015-05-10,53,58,70,156,3,38,134,5,7,4,0,0
2015-05-11,41,102,62,210,9,44,103,12,4,0,0,0
2015-05-12,52,92,66,183,5,39,119,8,8,2,0,0
2015-05-13,37,91,69,164,6,48,110,2,6,4,0,0
2015-05-14,42,75,96,162,9,42,95,5,10,2,0,1
2015-05-15,46,104,95,198,16,47,149,11,18,1,0,0
2015-05-16,45,77,69,165,4,43,134,8,11,0,1,0
2015-05-17,41,66,63,136,3,44,151,6,9,0,0,0
2015-05-18,51,77,86,164,7,45,113,3,10,0,3,0
2015-05-19,33,90,108,173,5,61,117,0,16,1,0,0
2015-05-20,44,87,83,186,10,49,118,9,10,0,0,0
2015-05-21,37,101,100,188,10,48,114,3,9,0,0,2
2015-05-22,32,85,114,205,7,41,100,7,6,0,1,0
2015-05-23,47,80,77,151,2,45,99,1,9,2,2,0
2015-05-24,42,70,76,185,4,42,141,7,13,0,1,0
2015-05-25,44,77,69,164,6,41,126,7,8,0,2,0
2015-05-26,41,73,85,165,10,35,124,10,10,0,0,0
2015-05-27,38,86,74,165,5,48,108,3,9,0,1,0
2015-05-28,26,94,86,178,9,46,100,7,16,0,0,0
2015-05-29,46,77,104,191,6,57,119,4,14,1,1,1
2015-05-30,44,102,93,178,6,41,149,7,5,0,0,0
2015-05-31,44,78,66,175,1,40,138,4,9,1,2,0
2015-06-01,39,131,96,360,17,57,120,37,13,0,2,0
2015-06-02,24,95,77,175,9,45,132,5,6,0,0,0
2015-06-03,37,80,61,173,11,46,108,2,10,3,0,0
2015-06-04,36,88,78,177,7,41,114,13,4,0,0,0
2015-06-05,43,99,77,174,10,39,118,12,16,2,2,0
2015-06-06,48,69,72,184,3,42,138,4,10,1,0,0
2015-06-07,40,61,58,138,3,39,153,13,6,0,0,0
2015-06-08,24,82,78,166,12,48,122,10,12,1,2,0
2015-06-09,29,87,69,180,7,46,100,13,13,3,0,0
2015-06-10,39,87,65,173,5,57,126,5,10,2,0,0
2015-06-11,43,91,86,208,6,53,114,5,12,0,0,0
2015-06-12,47,87,94,198,8,50,131,3,8,2,1,0
2015-06-13,35,91,63,173,5,38,119,8,11,0,2,1
2015-06-14,40,72,55,146,2,40,135,9,8,1,2,0
2015-06-15,49,82,99,231,10,45,113,10,11,2,0,0
2015-06-16,29,74,65,165,6,36,111,4,11,1,0,0
2015-06-17,36,87,82,170,10,48,120,7,17,1,1,0
2015-06-18,35,95,94,175,6,53,108,7,7,1,0,0
2015-06-19,38,89,95,173,4,45,137,5,8,0,1,0
2015-06-20,46,92,81,186,4,35,157,9,8,1,1,0
2015-06-21,35,69,52,165,4,40,159,10,8,2,3,0
2015-06-22,28,83,53,195,14,35,141,6,9,3,0,0
2015-06-23,30,83,83,178,7,40,110,8,11,0,2,0
2015-06-24,51,95,79,161,8,40,115,2,10,3,0,0
2015-06-25,31,78,71,169,5,46,113,9,11,0,0,0
2015-06-26,45,87,85,222,2,54,143,4,6,2,0,0
2015-06-27,50,88,66,181,4,42,154,6,6,1,1,1
2015-06-28,36,65,79,157,1,45,161,7,9,0,3,0
2015-06-29,45,84,81,190,4,50,132,3,12,2,0,0
2015-06-30,44,102,68,169,3,38,122,4,8,1,0,0
2015-07-01,42,109,107,299,11,47,132,36,11,0,0,0
2015-07-02,34,87,83,145,6,39,131,6,8,1,1,0
2015-07-03,51,82,105,173,8,55,139,9,10,1,0,0
2015-07-04,38,73,80,165,3,40,175,13,6,1,2,0
2015-07-05,46,72,56,169,5,37,139,9,11,2,1,0
2015-07-06,47,90,70,193,7,58,122,7,4,1,1,1
2015-07-07,38,84,82,159,5,38,110,8,9,0,1,0
2015-07-08,39,82,82,181,10,53,122,4,12,0,3,0
2015-07-09,41,94,64,193,5,45,110,3,6,1,0,0
2015-07-10,51,86,78,147,9,55,130,7,4,0,0,0
2015-07-11,39,78,73,134,6,48,157,11,5,4,1,0
2015-07-12,51,77,59,156,4,40,128,7,7,0,0,0
2015-07-13,45,93,88,198,5,50,111,9,4,1,0,0
2015-07-14,43,87,62,163,11,51,115,6,9,3,1,0
2015-07-15,40,109,88,218,10,53,132,6,7,3,1,0
2015-07-16,38,77,74,163,12,39,97,6,8,1,0,0
2015-07-17,41,102,82,187,5,45,140,9,2,1,0,0
2015-07-18,43,85,67,147,2,34,125,10,8,1,1,0
2015-07-19,42,66,73,187,1,40,166,10,10,0,1,0
2015-07-20,53,108,77,199,8,44,132,8,13,0,1,0
2015-07-21,44,79,89,202,8,51,117,8,13,0,1,0
2015-07-22,39,88,85,164,9,57,126,13,11,0,1,0
2015-07-23,51,97,65,191,3,56,125,7,8,0,0,0
2015-07-24,35,103,83,173,5,40,121,9,14,4,1,1
2015-07-25,46,103,83,181,5,49,149,9,9,0,1,0
2015-07-26,42,94,70,167,2,46,181,6,6,0,2,0
2015-07-27,44,88,79,222,8,55,142,4,10,0,2,0
2015-07-28,48,93,76,206,2,63,113,7,8,2,0,0
2015-07-29,42,90,92,202,7,50,117,6,10,0,0,0
2015-07-30,44,97,80,193,9,47,125,5,12,1,0,0
2015-07-31,48,102,111,204,4,50,124,10,9,3,0,0
2015-08-01,55,117,89,325,11,52,162,47,8,1,0,0
2015-08-02,57,89,73,191,2,44,158,5,10,1,0,0
2015-08-03,52,91,78,221,9,49,110,10,10,0,2,0
2015-08-04,56,82,70,175,7,48,119,6,6,1,1,0
2015-08-05,50,101,80,178,8,56,134,6,10,0,0,0
2015-08-06,43,81,61,196,12,58,133,6,10,1,2,0
2015-08-07,39,75,92,195,6,47,103,6,12,0,0,0
2015-08-08,46,85,66,161,6,43,141,4,9,0,1,0
2015-08-09,39,63,71,170,2,44,133,6,12,2,1,0
2015-08-10,51,76,81,177,8,59,120,6,6,1,0,0
2015-08-11,47,75,68,138,6,47,124,5,12,1,2,0
2015-08-12,32,97,81,190,5,55,121,6,8,2,0,0
2015-08-13,45,93,85,175,3,37,110,7,8,0,0,0
2015-08-14,40,102,101,193,6,44,89,9,10,0,1,0
2015-08-15,50,94,75,217,7,43,152,7,13,3,3,0
2015-08-16,56,74,75,195,2,34,131,14,11,2,1,0
2015-08-17,53,86,65,189,7,61,120,7,14,1,2,0
2015-08-18,38,64,72,171,13,44,138,6,4,0,1,0
2015-08-19,47,94,65,196,7,63,132,4,7,2,2,0
2015-08-20,51,88,72,218,9,56,138,3,8,0,1,0
2015-08-21,57,121,100,172,7,35,134,4,11,0,1,0
2015-08-22,52,95,76,188,3,55,153,7,6,2,2,0
2015-08-23,41,68,77,175,3,56,156,8,6,2,1,0
2015-08-24,51,98,97,187,5,48,132,7,13,1,0,0
2015-08-25,40,103,88,179,12,45,131,8,16,0,2,0
2015-08-26,51,88,82,182,9,40,103,12,17,1,4,0
2015-08-27,43,92,67,159,5,54,133,2,11,2,2,0
2015-08-28,49,93,88,168,14,53,153,4,13,0,1,0
2015-08-29,55,86,67,186,7,48,167,11,11,1,2,1
2015-08-30,27,76,66,154,4,51,160,8,9,3,2,0
2015-08-31,54,88,74,201,15,48,101,5,13,1,0,0
2015-09-01,41,131,111,310,7,59,126,28,13,1,0,0
2015-09-02,49,79,66,156,10,51,102,9,8,0,1,0
2015-09-03,45,89,84,174,11,60,117,4,11,4,2,0
2015-09-04,52,109,80,162,10,54,116,5,15,4,1,0
2015-09-05,38,99,67,188,8,49,119,10,9,1,2,0
2015-09-06,40,82,61,138,3,35,159,8,7,2,0,0
2015-09-07,48,75,57,147,4,48,168,5,10,0,0,0
2015-09-08,45,113,63,174,10,32,107,18,13,1,0,0
2015-09-09,32,77,70,159,10,48,139,12,10,1,4,0
2015-09-10,45,96,86,161,7,56,135,10,5,0,4,0
2015-09-11,38,89,91,211,9,48,164,6,11,1,0,0
2015-09-12,34,82,69,171,8,38,153,8,8,1,0,0
2015-09-13,49,79,57,184,5,44,164,11,13,1,2,0
2015-09-14,44,109,80,172,5,38,119,4,14,4,0,0
2015-09-15,45,83,91,213,9,54,117,11,12,0,0,0
2015-09-16,56,101,81,156,4,52,102,4,15,1,2,1
2015-09-17,61,76,91,161,4,44,130,1,9,2,0,0
2015-09-18,49,96,107,188,10,58,135,6,18,0,1,0
2015-09-19,43,72,61,167,2,51,147,16,9,2,1,0
2015-09-20,48,94,76,164,10,27,203,6,11,1,1,0
2015-09-21,32,89,79,164,10,38,141,11,9,3,1,0
2015-09-22,49,92,87,165,2,45,134,3,11,0,0,0
2015-09-23,41,84,99,179,10,35,126,7,14,2,1,0
2015-09-24,44,97,99,195,9,37,134,3,12,1,1,0
2015-09-25,42,108,79,212,5,37,134,11,13,0,1,0
2015-09-26,58,91,87,172,5,40,174,10,12,2,0,0
2015-09-27,33,71,53,176,3,41,158,11,15,2,4,0
2015-09-28,41,95,74,180,7,55,136,8,6,1,0,0
2015-09-29,35,90,99,186,6,48,110,7,9,0,2,0
2015-09-30,46,100,99,175,10,42,133,9,10,2,0,0
2015-10-01,49,125,80,311,13,59,128,27,12,1,1,0
2015-10-02,55,86,87,178,6,42,128,4,10,2,0,0
2015-10-03,43,91,84,207,7,46,159,12,8,1,0,0
2015-10-04,43,64,52,161,6,38,153,4,8,0,5,0
2015-10-05,46,79,81,205,4,57,98,3,12,3,0,0
2015-10-06,49,83,66,152,8,55,121,3,9,1,2,0
2015-10-07,44,93,64,162,14,42,124,9,14,1,0,0
2015-10-08,49,95,81,194,7,34,137,14,10,1,0,0
2015-10-09,40,96,86,199,6,46,132,11,11,3,0,0
2015-10-10,48,96,72,198,7,42,165,10,11,1,1,0
2015-10-11,53,75,59,175,0,43,159,12,15,1,0,0
2015-10-12,44,88,58,195,11,47,136,7,15,1,0,0
2015-10-13,45,89,70,159,10,42,146,9,11,1,1,0
2015-10-14,43,82,80,205,7,44,108,9,17,2,0,0
2015-10-15,64,85,108,254,6,50,139,10,15,0,1,0
2015-10-16,66,93,121,198,2,54,143,4,20,0,0,0
2015-10-17,63,101,61,187,6,56,174,12,11,1,1,0
2015-10-18,49,88,58,157,3,52,147,5,9,1,3,1
2015-10-19,43,80,95,172,8,44,128,3,13,0,1,0
2015-10-20,59,114,91,175,8,41,125,11,10,2,0,0
2015-10-21,49,101,74,186,2,39,88,4,10,3,0,0
2015-10-22,55,64,76,153,2,50,123,8,8,0,0,0
2015-10-23,57,84,92,197,7,46,123,5,15,0,0,0
2015-10-24,51,76,76,162,3,36,148,7,8,0,1,0
2015-10-25,51,66,65,180,7,54,159,10,8,10,0,0
2015-10-26,54,100,72,182,9,52,101,5,7,2,1,0
2015-10-27,56,101,91,161,9,43,120,5,12,2,0,0
2015-10-28,51,85,87,173,9,62,115,6,12,0,3,0
2015-10-29,58,84,96,156,7,53,105,5,7,0,0,0
2015-10-30,52,98,78,182,6,49,115,8,16,2,1,0
2015-10-31,58,108,88,230,2,58,175,9,12,2,0,0
2015-11-01,59,114,82,340,13,58,179,44,9,2,0,0
2015-11-02,44,76,88,179,13,34,94,8,14,0,0,0
2015-11-03,53,86,74,153,4,45,85,2,14,0,1,0
2015-11-04,34,77,71,167,10,46,108,7,10,0,1,0
2015-11-05,44,67,65,178,10,46,92,10,9,0,1,0
2015-11-06,60,100,61,190,3,56,102,12,7,1,3,0
2015-11-07,62,70,80,142,4,40,115,7,14,1,0,0
2015-11-08,36,83,56,159,4,42,137,12,5,0,1,0
2015-11-09,62,90,91,155,9,49,90,6,20,1,1,0
2015-11-10,39,83,100,144,7,49,87,3,13,0,1,0
2015-11-11,44,86,75,148,8,37,86,2,7,0,0,0
2015-11-12,40,81,92,170,8,43,100,7,8,1,2,0
2015-11-13,45,102,102,183,11,51,95,10,7,1,1,0
2015-11-14,57,80,80,173,8,55,118,8,4,2,0,0
2015-11-15,68,92,72,199,7,40,159,9,7,0,0,0
2015-11-16,45,71,86,180,16,48,129,8,18,1,0,0
2015-11-17,52,76,77,169,8,51,93,4,16,2,0,0
2015-11-18,54,76,65,198,3,37,126,9,10,1,3,0
2015-11-19,44,85,85,151,4,52,121,9,9,1,1,0
2015-11-20,62,88,95,230,8,52,114,4,12,0,0,0
2015-11-21,53,73,107,180,5,35,121,8,9,1,0,1
2015-11-22,49,77,106,165,4,39,150,4,12,2,1,0
2015-11-23,62,95,77,187,15,47,110,7,10,0,0,0
2015-11-24,42,90,87,153,9,48,124,1,12,1,0,0
2015-11-25,47,93,105,180,8,50,112,6,14,2,0,0
2015-11-26,41,42,76,114,1,31,112,6,9,0,0,0
2015-11-27,42,80,79,151,7,32,105,6,9,2,1,0
2015-11-28,43,81,103,154,4,52,120,6,8,1,1,0
2015-11-29,40,77,67,170,2,49,118,10,7,3,1,0
2015-11-30,48,81,92,171,6,53,102,6,12,1,0,0
2015-12-01,41,125,89,314,20,58,118,35,11,1,0,0
2015-12-02,42,71,96,149,6,53,112,4,9,2,0,0
2015-12-03,47,80,93,183,7,44,96,10,9,0,0,0
2015-12-04,40,95,102,197,6,52,114,8,5,2,2,0
2015-12-05,37,95,92,156,4,44,128,3,10,2,0,0
2015-12-06,47,85,102,162,1,58,133,4,6,0,1,0
2015-12-07,56,59,82,182,11,45,108,5,8,0,0,0
2015-12-08,37,84,80,161,2,45,118,4,13,0,2,0
2015-12-09,54,100,84,164,7,59,126,9,12,0,0,0
2015-12-10,31,95,98,174,7,47,112,10,14,0,0,0
2015-12-11,62,99,96,198,5,53,96,7,7,0,1,0
2015-12-12,46,99,70,167,7,54,133,2,11,0,1,0
2015-12-13,64,82,87,170,4,42,135,9,9,1,2,0
2015-12-14,48,74,79,175,11,46,101,11,5,1,0,0
2015-12-15,48,128,122,211,12,54,100,4,14,1,0,0
2015-12-16,53,90,98,152,7,41,91,10,10,2,2,0
2015-12-17,44,72,98,150,10,34,99,5,7,0,0,0
2015-12-18,54,92,109,164,12,46,108,3,10,1,0,0
2015-12-19,62,76,107,153,3,39,133,6,5,2,0,0
2015-12-20,56,80,96,163,6,58,132,8,6,0,1,0
2015-12-21,49,97,110,181,7,48,104,5,17,1,1,1
2015-12-22,63,94,92,157,10,45,97,3,9,0,2,0
2015-12-23,59,109,131,161,7,46,100,2,9,0,0,0
2015-12-24,69,92,113,153,6,35,136,8,10,2,0,0
2015-12-25,51,31,69,124,1,29,139,7,10,2,1,0
2015-12-26,50,79,70,162,3,30,107,3,7,1,0,0
2015-12-27,49,58,75,143,1,32,128,5,10,0,1,0
2015-12-28,59,79,65,160,14,47,108,3,10,1,0,0
2015-12-29,47,66,91,153,6,46,86,4,11,1,1,0
2015-12-30,46,89,100,148,7,34,105,9,9,0,1,0
2015-12-31,66,74,109,171,15,48,113,12,13,1,0,0
2016-01-01,41,95,95,569,12,68,212,64,12,1,0,0
2016-01-02,53,84,79,133,5,49,106,5,14,1,1,0
2016-01-03,42,55,74,149,2,48,123,8,9,0,0,0
2016-01-04,45,75,78,190,13,49,98,6,7,2,2,0
2016-01-05,76,69,86,195,11,45,107,10,13,2,1,0
2016-01-06,52,66,91,146,9,42,80,5,6,0,2,0
2016-01-07,49,73,95,169,6,48,101,4,10,1,0,0
2016-01-08,59,100,80,205,5,39,83,6,13,2,3,0
2016-01-09,55,80,88,152,6,47,100,14,8,2,0,0
2016-01-10,44,65,78,151,3,47,104,11,16,1,0,0
2016-01-11,46,69,79,194,18,53,132,5,9,0,1,0
2016-01-12,42,70,88,157,6,33,97,5,16,1,0,0
2016-01-13,55,83,86,178,3,47,99,3,11,0,0,0
2016-01-14,56,79,99,166,13,55,89,9,13,0,0,0
2016-01-15,59,97,121,223,13,66,118,5,15,0,0,0
2016-01-16,56,90,95,181,5,45,133,8,11,1,0,0
2016-01-17,67,81,74,141,2,53,144,8,15,1,4,0
2016-01-18,58,91,74,173,1,58,117,3,9,1,2,0
2016-01-19,47,80,79,183,10,55,83,9,16,2,1,0
2016-01-20,71,82,94,158,11,56,116,11,13,1,1,0
2016-01-21,60,81,106,202,10,62,127,10,9,2,0,0
2016-01-22,56,93,89,216,6,58,118,10,15,1,0,0
2016-01-23,42,92,100,173,4,43,126,7,12,5,2,0
2016-01-24,52,96,87,148,2,50,123,7,7,0,0,0
2016-01-25,50,98,90,191,14,45,104,9,15,1,2,0
2016-01-26,56,85,93,169,9,52,99,6,17,1,0,0
2016-01-27,46,78,77,162,12,45,107,5,12,0,0,0
2016-01-28,54,72,88,195,9,52,97,5,10,1,1,0
2016-01-29,66,91,111,174,9,53,132,8,19,1,2,0
2016-01-30,64,76,95,144,4,43,124,1,11,2,0,0
2016-01-31,60,62,69,167,0,49,114,6,5,2,1,0
2016-02-01,58,126,102,337,17,51,119,29,10,0,0,0
2016-02-02,60,108,73,184,11,56,94,7,6,0,0,0
2016-02-03,45,97,93,190,9,52,100,7,11,1,0,0
2016-02-04,50,75,86,185,13,40,89,7,10,1,0,0
2016-02-05,58,88,89,189,17,42,137,10,17,0,1,0
2016-02-06,34,88,79,169,7,41,126,7,3,2,2,1
2016-02-07,45,74,88,178,5,35,170,6,9,0,1,0
2016-02-08,37,84,76,169,9,40,124,16,12,1,2,0
2016-02-09,54,80,85,171,9,57,126,5,8,0,1,0
2016-02-10,51,73,78,179,9,48,134,5,5,1,0,0
2016-02-11,44,82,77,188,7,52,99,7,4,1,0,0
2016-02-12,39,71,93,184,8,39,122,11,8,2,0,0
2016-02-13,30,70,87,163,2,50,138,5,12,3,1,0
2016-02-14,37,70,48,164,1,35,161,5,5,1,1,0
2016-02-15,39,75,62,178,3,50,133,8,7,0,0,0
2016-02-16,35,80,75,199,12,50,115,9,11,1,0,0
2016-02-17,47,92,80,173,7,48,112,4,14,3,0,0
2016-02-18,43,78,78,179,12,55,118,4,12,0,1,0
2016-02-19,53,89,96,174,10,54,136,8,5,1,0,0
2016-02-20,49,86,83,176,4,50,138,8,9,0,2,0
2016-02-21,45,79,66,165,2,52,170,8,8,0,2,0
2016-02-22,44,76,80,171,12,40,119,9,11,1,1,0
2016-02-23,31,77,90,160,7,52,111,4,12,1,3,0
2016-02-24,44,83,80,189,8,55,119,6,10,0,1,0
2016-02-25,53,86,83,158,9,34,103,7,14,1,0,0
2016-02-26,36,81,93,197,16,50,144,7,15,1,1,0
2016-02-27,53,73,76,171,6,42,180,15,10,1,1,0
2016-02-28,45,77,45,187,3,44,179,8,8,3,0,0
2016-02-29,32,69,76,197,12,58,102,10,5,1,1,0
2016-03-01,41,114,89,311,20,61,125,20,12,2,0,0
2016-03-02,33,89,95,157,7,43,108,4,15,0,0,0
2016-03-03,37,63,93,183,7,51,87,5,10,1,1,0
2016-03-04,35,78,88,197,6,58,106,9,7,1,0,0
2016-03-05,65,72,78,188,5,45,122,14,7,0,1,0
2016-03-06,40,77,71,158,1,52,138,7,15,0,0,0
2016-03-07,41,72,66,219,6,55,93,7,7,0,0,0
2016-03-08,34,86,85,190,12,53,108,7,11,0,0,0
2016-03-09,35,87,75,180,8,46,108,8,10,1,1,0
2016-03-10,40,100,74,200,7,52,97,11,9,1,1,0
2016-03-11,37,71,96,177,13,39,95,8,12,2,0,0
2016-03-12,49,84,72,161,10,40,142,10,9,2,0,0
2016-03-13,46,74,65,143,1,41,177,8,6,0,2,0
2016-03-14,44,77,75,208,12,37,129,6,10,3,2,0
2016-03-15,45,88,89,177,9,46,119,8,13,1,0,0
2016-03-16,43,74,98,183,1,56,131,4,13,2,0,0
2016-03-17,40,66,87,185,6,36,139,10,7,0,0,0
2016-03-18,45,92,80,188,9,46,115,6,8,2,1,0
2016-03-19,56,68,77,191,6,34,130,4,12,3,2,0
2016-03-20,53,81,76,149,3,45,129,6,7,1,1,0
2016-03-21,51,89,57,175,12,51,115,6,9,1,1,0
2016-03-22,51,76,81,177,8,58,110,2,8,0,1,0
2016-03-23,53,84,79,195,10,46,107,5,13,0,1,0
2016-03-24,45,78,106,171,14,46,131,9,11,1,2,0
2016-03-25,47,100,115,197,14,42,114,8,15,4,2,0
2016-03-26,46,65,84,171,10,37,137,13,11,1,1,0
2016-03-27,45,47,73,156,3,44,146,8,12,1,1,0
2016-03-28,44,82,77,177,11,47,114,6,11,1,0,0
2016-03-29,49,85,93,174,14,42,103,7,15,1,3,0
2016-03-30,35,97,71,168,8,55,133,5,8,0,0,0
2016-03-31,42,92,59,161,23,59,109,6,12,3,0,0
2016-04-01,56,94,112,332,17,72,143,18,15,0,0,0
2016-04-02,43,79,53,195,6,56,152,9,11,0,1,0
2016-04-03,48,70,79,171,6,40,158,7,9,1,1,0
2016-04-04,40,92,83,196,11,53,106,16,8,4,0,1
2016-04-05,36,84,71,184,9,48,137,11,7,1,2,0
2016-04-06,49,76,84,170,6,45,130,10,10,2,0,0
2016-04-07,52,96,93,161,13,47,117,9,11,0,1,0
2016-04-08,38,77,111,198,11,66,124,10,23,2,1,0
2016-04-09,60,69,73,171,6,44,123,7,9,1,2,0
2016-04-10,48,73,62,181,6,54,170,13,7,1,1,0
2016-04-11,45,85,77,177,11,57,137,8,12,3,0,0
2016-04-12,43,89,81,160,11,64,132,14,10,2,2,0
2016-04-13,53,77,80,173,5,52,111,11,10,2,3,0
2016-04-14,39,80,109,179,15,60,111,6,9,1,1,0
2016-04-15,39,119,104,237,7,57,160,8,3,2,0,0
2016-04-16,52,94,86,172,6,43,170,11,12,1,0,0
2016-04-17,45,78,71,198,6,47,174,11,10,3,0,0
2016-04-18,41,91,89,190,13,39,130,5,15,1,0,0
2016-04-19,42,83,88,172,7,47,129,9,17,1,1,0
2016-04-20,31,97,87,199,9,37,136,10,11,4,3,0
2016-04-21,52,76,90,151,12,55,108,7,3,2,0,0
2016-04-22,42,103,97,178,5,51,128,3,12,0,0,0
2016-04-23,39,84,79,167,2,35,146,12,17,5,1,0
2016-04-24,54,74,82,176,3,47,145,8,9,2,0,0
2016-04-25,42,92,98,154,9,48,122,10,9,1,0,0
2016-04-26,47,99,81,182,11,58,120,7,6,1,0,0
2016-04-27,53,69,87,185,10,41,123,8,12,0,1,0
2016-04-28,44,92,99,159,10,51,93,3,7,1,0,0
2016-04-29,54,80,91,186,11,50,112,10,6,0,1,0
2016-04-30,52,102,80,193,3,38,147,8,11,0,0,0
2016-05-01,60,116,85,254,8,64,168,43,8,0,0,1
2016-05-02,46,96,86,198,10,51,133,3,11,0,1,0
2016-05-03,41,101,87,182,9,48,122,7,3,0,1,0
2016-05-04,52,80,68,164,9,44,113,4,12,1,1,0
2016-05-05,58,77,77,186,7,57,146,8,11,0,1,0
2016-05-06,52,85,93,193,13,48,110,7,17,0,0,0
2016-05-07,66,83,84,178,6,38,124,6,10,1,0,0
2016-05-08,54,72,84,179,5,38,146,7,8,1,0,0
2016-05-09,40,72,83,161,10,34,106,6,13,0,0,0
2016-05-10,35,91,91,171,7,52,95,8,9,0,0,0
2016-05-11,37,82,94,162,8,42,113,8,17,1,0,0
2016-05-12,52,91,90,193,8,36,109,9,8,1,0,0
2016-05-13,46,89,94,175,6,64,128,8,15,2,0,0
2016-05-14,55,87,84,188,3,51,135,8,9,2,1,0
2016-05-15,41,84,67,187,6,44,164,7,9,1,1,0
2016-05-16,39,92,89,212,10,49,108,7,15,2,1,0
2016-05-17,45,96,82,153,7,65,115,4,14,3,0,0
2016-05-18,38,82,86,193,6,54,126,3,10,3,0,0
2016-05-19,39,98,79,186,11,52,125,5,13,2,0,0
2016-05-20,63,92,92,188,11,45,147,11,19,1,1,0
2016-05-21,60,90,68,164,5,44,141,15,8,1,0,0
2016-05-22,47,71,90,183,5,43,146,3,10,1,2,0
2016-05-23,42,102,74,211,8,41,122,4,10,0,0,0
2016-05-24,54,95,88,200,9,55,116,7,11,0,1,0
2016-05-25,55,90,91,201,8,48,106,5,14,1,0,6
2016-05-26,60,86,90,183,9,48,121,9,10,1,1,0
2016-05-27,49,102,124,179,11,45,132,11,7,1,0,0
2016-05-28,61,80,82,170,4,51,116,10,9,0,1,0
2016-05-29,57,83,86,167,10,43,167,9,11,1,0,0
2016-05-30,45,65,77,164,3,32,155,13,8,2,0,0
2016-05-31,43,99,77,169,11,46,119,7,4,0,1,0
2016-06-01,57,124,90,305,19,45,142,33,12,2,3,0
2016-06-02,48,109,72,185,13,50,111,5,17,1,3,0
2016-06-03,51,100,94,191,10,55,138,6,16,1,0,1
2016-06-04,52,95,66,144,3,36,153,7,8,1,0,0
2016-06-05,39,62,74,158,4,31,128,5,13,1,0,0
2016-06-06,47,84,79,206,9,45,119,10,12,1,1,0
2016-06-07,45,85,67,184,9,46,118,7,12,1,1,0
2016-06-08,46,82,94,204,9,43,119,16,12,0,0,0
2016-06-09,48,95,109,187,9,51,109,9,15,1,0,0
2016-06-10,60,98,99,193,14,47,126,7,6,1,0,0
2016-06-11,53,74,104,165,4,41,124,5,11,2,3,0
2016-06-12,42,76,75,174,1,58,172,7,8,0,0,0
2016-06-13,61,83,86,186,10,51,110,8,13,0,5,0
2016-06-14,46,81,75,207,11,46,107,6,10,1,0,0
2016-06-15,43,97,87,220,16,49,112,5,13,1,0,0
2016-06-16,53,97,77,188,13,39,133,1,16,2,1,0
2016-06-17,54,100,100,207,8,42,123,3,15,0,1,1
2016-06-18,53,91,75,187,8,43,148,5,9,1,2,0
2016-06-19,36,75,71,192,0,36,171,6,6,1,0,0
2016-06-20,48,80,86,225,10,48,146,12,13,0,0,0
2016-06-21,43,89,88,195,7,54,132,2,18,0,0,0
2016-06-22,60,96,95,183,8,52,125,3,10,0,2,0
2016-06-23,44,85,82,206,12,58,128,5,18,2,2,0
2016-06-24,54,77,73,167,7,43,154,12,15,2,0,0
2016-06-25,49,92,100,181,7,70,143,6,10,1,0,0
2016-06-26,53,83,93,193,5,46,162,8,7,1,1,0
2016-06-27,55,97,89,196,6,50,162,8,19,1,0,0
2016-06-28,56,87,98,175,11,45,134,7,13,3,0,0
2016-06-29,40,73,65,175,10,61,141,5,10,0,2,0
2016-06-30,47,101,96,183,13,57,97,9,15,0,1,0
2016-07-01,66,130,102,292,16,61,131,27,13,0,0,0
2016-07-02,45,100,71,186,6,33,149,7,12,0,0,0
2016-07-03,41,68,88,191,7,42,142,8,9,3,0,0
2016-07-04,40,77,88,189,4,40,176,14,12,0,1,0
2016-07-05,49,94,75,214,10,43,153,5,12,1,1,0
2016-07-06,56,78,90,193,14,49,144,5,9,0,0,0
2016-07-07,44,73,89,163,10,48,106,4,11,1,0,0
2016-07-08,56,92,103,182,15,50,123,9,20,1,1,0
2016-07-09,44,70,76,143,15,51,123,11,4,1,0,0
2016-07-10,42,72,82,184,12,41,170,10,11,0,1,0
2016-07-11,63,79,91,199,10,57,96,6,7,0,1,0
2016-07-12,32,82,84,163,5,60,88,7,5,0,2,0
2016-07-13,43,82,105,191,8,48,100,4,12,2,0,1
2016-07-14,45,85,91,194,12,68,107,4,9,2,0,0
2016-07-15,63,110,79,198,9,61,121,3,13,3,1,0
2016-07-16,66,96,83,196,3,49,138,6,6,0,0,0
2016-07-17,39,80,86,152,2,44,136,11,8,2,1,0
2016-07-18,41,92,81,189,9,33,139,3,7,3,0,0
2016-07-19,43,96,99,200,8,42,103,2,8,1,2,0
2016-07-20,41,87,113,209,8,52,139,5,13,0,0,0
2016-07-21,51,83,90,183,5,52,119,7,8,0,1,0
2016-07-22,53,100,94,214,5,63,145,8,11,1,1,0
2016-07-23,42,82,99,172,1,45,148,10,16,0,1,0
2016-07-24,45,65,66,180,3,38,161,5,6,1,3,0
2016-07-25,43,79,87,195,10,55,127,6,10,1,2,0
2016-07-26,51,90,75,206,16,52,124,7,10,1,0,0
2016-07-27,59,82,88,192,8,47,102,5,16,7,1,0
2016-07-28,46,95,73,196,9,41,134,9,11,2,1,0
2016-07-29,51,111,88,195,8,42,143,4,8,2,2,0
2016-07-30,52,91,91,206,4,48,140,8,11,3,0,2
2016-07-31,49,83,76,186,6,41,144,6,8,1,1,0
2016-08-01,62,108,101,334,16,61,129,33,18,0,0,0
2016-08-02,42,99,69,200,9,58,121,7,13,2,0,0
2016-08-03,52,85,88,202,8,53,129,3,11,0,1,0
2016-08-04,42,86,75,190,10,54,120,8,13,4,1,0
2016-08-05,41,108,97,187,10,58,127,8,9,0,1,0
2016-08-06,53,77,100,164,4,52,129,3,11,2,0,0
2016-08-07,46,70,81,179,5,48,135,8,11,1,1,0
2016-08-08,57,96,71,196,8,57,135,8,5,0,2,0
2016-08-09,34,74,101,185,9,61,88,8,8,3,0,0
2016-08-10,42,83,85,191,12,60,100,12,9,2,0,0
2016-08-11,56,87,75,165,4,74,123,7,14,0,1,0
2016-08-12,61,72,89,173,4,55,105,5,9,0,0,0
2016-08-13,60,86,85,187,2,54,143,3,12,1,4,0
2016-08-14,41,71,75,164,2,48,147,5,10,1,2,0
2016-08-15,45,110,90,209,10,45,149,7,11,0,2,0
2016-08-16,47,76,81,192,7,54,112,6,10,1,0,0
2016-08-17,64,82,92,199,11,50,109,7,8,1,2,0
2016-08-18,36,74,105,167,6,48,121,9,12,1,0,0
2016-08-19,55,96,82,191,7,65,137,4,11,0,0,0
2016-08-20,64,120,74,199,10,56,161,9,10,1,1,0
2016-08-21,37,84,77,160,3,48,167,12,9,0,1,0
2016-08-22,64,101,82,200,7,42,122,14,8,1,0,0
2016-08-23,45,83,87,203,6,51,111,7,9,2,0,0
2016-08-24,55,93,93,182,9,44,141,7,9,3,1,1
2016-08-25,37,91,90,170,6,57,122,7,9,1,0,0
2016-08-26,58,99,112,204,4,76,124,12,10,1,0,0
2016-08-27,58,88,69,167,5,58,144,9,10,0,3,0
2016-08-28,57,84,59,154,7,46,161,13,9,3,3,0
2016-08-29,55,91,77,169,7,67,105,7,12,1,0,0
2016-08-30,62,86,98,168,4,47,102,6,18,3,1,0
2016-08-31,50,78,78,201,7,51,100,4,15,0,2,0
2016-09-01,58,114,96,322,18,53,154,30,13,0,0,0
2016-09-02,54,101,91,192,7,77,127,7,10,5,0,0
2016-09-03,37,89,67,191,7,50,134,11,12,4,2,0
2016-09-04,40,91,72,176,6,40,112,9,11,1,1,0
2016-09-05,50,81,81,165,2,61,157,9,13,2,0,0
2016-09-06,41,71,68,196,8,46,112,6,11,2,2,0
2016-09-07,50,71,86,152,9,62,78,5,10,1,2,0
2016-09-08,45,85,89,189,7,66,101,8,15,1,2,0
2016-09-09,52,79,81,154,11,64,125,6,12,1,1,0
2016-09-10,53,88,82,185,6,51,128,9,11,1,1,0
2016-09-11,52,74,71,137,4,51,135,7,10,1,0,0
2016-09-12,52,75,76,174,5,63,110,6,10,3,0,0
2016-09-13,49,81,78,174,4,40,114,9,13,2,1,0
2016-09-14,49,95,92,169,7,67,94,11,12,2,1,0
2016-09-15,52,100,99,172,6,53,96,8,8,0,1,0
2016-09-16,46,101,107,178,5,55,137,14,14,1,3,0
2016-09-17,45,80,83,193,4,53,155,6,9,2,0,0
2016-09-18,57,73,65,167,3,41,154,13,10,1,1,0
2016-09-19,47,76,84,194,8,61,146,10,14,0,0,0
2016-09-20,42,79,85,196,4,46,130,9,16,1,1,0
2016-09-21,56,112,82,177,6,60,129,14,9,1,0,0
2016-09-22,49,97,82,184,16,54,123,5,7,2,1,0
2016-09-23,60,100,88,198,3,58,126,3,10,1,1,0
2016-09-24,47,91,77,196,4,38,144,16,9,0,3,0
2016-09-25,51,80,78,163,5,53,150,12,8,0,2,0
2016-09-26,33,88,74,186,8,50,132,9,9,0,0,0
2016-09-27,39,81,80,167,12,51,121,9,12,0,1,0
2016-09-28,65,90,88,179,7,46,120,9,16,3,0,0
2016-09-29,49,82,93,184,7,39,116,4,8,1,1,0
2016-09-30,47,88,89,194,12,44,130,10,13,2,2,0
2016-10-01,71,94,96,304,10,70,142,26,13,1,1,0
2016-10-02,52,70,79,186,4,43,167,12,11,0,0,0
2016-10-03,51,93,105,190,9,42,123,4,10,2,0,0
2016-10-04,58,78,90,164,4,47,100,4,11,1,0,0
2016-10-05,53,84,83,170,5,60,121,3,12,0,2,0
2016-10-06,47,91,72,177,12,49,98,2,6,0,1,0
2016-10-07,46,101,118,195,6,45,118,9,16,2,0,0
2016-10-08,55,83,74,171,7,58,143,6,12,0,0,0
2016-10-09,53,60,77,159,0,55,154,10,7,0,1,0
2016-10-10,50,87,89,205,7,55,135,15,14,0,2,0
2016-10-11,54,92,95,198,11,59,106,6,14,0,1,0
2016-10-12,45,79,89,187,5,51,107,11,11,2,2,0
2016-10-13,40,83,91,197,11,49,114,1,14,1,0,0
2016-10-14,62,86,91,196,8,61,122,6,11,1,0,0
2016-10-15,70,91,119,180,6,62,140,8,13,1,4,0
2016-10-16,67,69,60,144,2,43,160,11,17,1,1,0
2016-10-17,51,80,85,200,9,51,123,6,17,1,1,0
2016-10-18,61,77,106,192,8,54,119,8,10,0,0,0
2016-10-19,51,73,78,179,6,67,121,3,12,2,1,0
2016-10-20,43,106,91,192,5,46,120,8,9,5,2,0
2016-10-21,47,83,102,189,3,64,108,8,12,0,1,0
2016-10-22,61,85,78,160,5,56,138,8,5,3,4,0
2016-10-23,66,70,87,191,2,50,158,10,8,2,0,0
2016-10-24,58,82,95,207,17,52,108,8,11,1,4,0
2016-10-25,64,95,82,182,8,57,117,6,10,0,2,0
2016-10-26,53,81,91,202,8,57,106,6,8,1,0,0
2016-10-27,47,97,94,196,4,48,109,6,9,0,0,0
2016-10-28,59,111,100,206,13,58,123,8,10,0,0,0
2016-10-29,48,112,79,203,5,51,115,5,10,1,4,0
2016-10-30,57,86,77,159,4,44,168,8,9,2,1,0
2016-10-31,61,85,92,226,11,62,155,8,11,0,3,0
2016-11-01,46,106,117,314,17,74,140,33,12,1,1,0
2016-11-02,54,84,83,165,8,50,116,5,12,0,0,0
2016-11-03,52,79,93,201,7,42,102,9,9,3,0,0
2016-11-04,56,76,95,178,10,47,117,9,8,1,0,0
2016-11-05,56,80,73,170,3,58,140,7,8,0,3,0
2016-11-06,46,75,79,185,4,63,143,6,6,1,1,0
2016-11-07,48,87,79,175,5,60,122,3,10,1,0,0
2016-11-08,49,69,68,169,6,49,117,5,10,1,0,0
2016-11-09,41,79,94,186,8,64,128,11,13,0,0,0
2016-11-10,52,85,96,166,10,67,137,10,11,2,0,0
2016-11-11,60,84,96,162,4,46,136,6,7,3,0,0
2016-11-12,55,61,74,170,1,49,151,9,13,1,1,0
2016-11-13,64,71,72,168,4,42,143,8,14,0,0,0
2016-11-14,52,90,84,172,7,57,113,8,9,2,1,0
2016-11-15,57,89,80,166,13,46,100,13,4,1,1,0
2016-11-16,52,90,82,169,9,52,96,5,11,0,0,0
2016-11-17,64,79,85,160,5,44,99,3,12,1,1,0
2016-11-18,65,83,100,201,8,54,117,8,10,1,0,0
2016-11-19,49,89,86,162,6,47,132,8,7,0,0,0
2016-11-20,73,64,96,151,2,41,125,6,7,1,0,0
2016-11-21,44,80,94,167,9,59,100,5,9,0,2,0
2016-11-22,56,75,80,182,4,51,113,12,13,1,0,0
2016-11-23,54,85,115,191,4,65,98,9,10,1,0,0
2016-11-24,63,53,84,162,3,43,123,6,11,3,0,0
2016-11-25,49,100,86,143,8,61,100,5,7,0,0,0
2016-11-26,61,83,99,144,8,42,114,7,10,1,0,0
2016-11-27,58,78,84,143,6,41,127,3,11,0,2,0
2016-11-28,58,85,97,188,7,56,100,5,9,2,1,0
2016-11-29,52,81,67,155,4,48,93,4,8,1,2,0
2016-11-30,58,86,79,187,7,36,100,13,13,0,0,0
2016-12-01,55,105,102,283,12,61,106,28,12,2,0,0
2016-12-02,58,80,77,190,7,55,132,5,19,1,2,0
2016-12-03,43,73,89,169,4,54,132,7,7,0,2,0
2016-12-04,44,79,83,171,3,50,117,7,22,0,1,0
2016-12-05,45,94,102,203,10,52,123,11,11,1,0,0
2016-12-06,63,99,92,181,5,62,104,5,10,2,1,0
2016-12-07,48,93,88,147,6,44,118,2,5,1,1,0
2016-12-08,51,100,94,166,5,55,112,3,14,1,0,0
2016-12-09,54,93,96,202,8,63,123,11,12,1,1,0
2016-12-10,48,78,102,200,5,54,146,9,8,1,3,0
2016-12-11,43,79,78,161,3,60,145,6,10,1,0,0
2016-12-12,50,98,87,179,14,51,130,10,11,0,0,0
2016-12-13,48,85,91,150,8,45,128,8,10,1,1,0
2016-12-14,54,90,100,213,8,54,113,6,10,1,1,0
2016-12-15,63,94,146,187,9,57,108,6,17,2,1,0
2016-12-16,61,103,118,199,10,58,111,10,10,1,1,0
2016-12-17,71,79,98,172,4,51,112,11,9,1,1,0
2016-12-18,44,76,96,185,6,43,140,12,3,2,0,0
2016-12-19,69,98,94,171,12,49,112,3,15,3,1,0
2016-12-20,65,96,112,197,4,55,120,9,7,2,0,0
2016-12-21,69,88,89,148,5,46,99,7,17,6,0,0
2016-12-22,58,105,113,170,7,56,101,3,12,0,0,0
2016-12-23,61,100,152,167,7,64,109,7,11,0,0,0
2016-12-24,47,68,128,168,8,37,110,7,5,2,0,0
2016-12-25,45,32,82,151,1,33,123,9,6,1,0,0
2016-12-26,42,67,74,168,5,51,111,7,11,1,1,0
2016-12-27,48,74,87,176,6,41,101,4,8,0,0,0
2016-12-28,48,82,90,183,7,50,95,5,15,0,2,0
2016-12-29,53,107,81,167,6,53,101,5,7,3,0,0
2016-12-30,73,85,84,197,7,45,116,6,12,1,0,0
2016-12-31,64,83,86,172,1,34,116,13,8,2,0,0
2017-01-01,51,98,102,397,11,62,206,48,11,0,1,0
2017-01-02,44,81,86,168,6,41,89,4,7,1,1,0
2017-01-03,53,85,82,173,12,66,104,6,5,1,0,0
2017-01-04,53,72,89,173,7,48,78,7,16,0,1,0
2017-01-05,54,98,101,165,11,50,103,6,10,0,0,0
2017-01-06,58,100,101,204,8,62,119,9,5,2,0,0
2017-01-07,49,70,86,190,1,42,118,16,11,3,3,0
2017-01-08,57,73,84,170,5,44,116,12,9,2,2,0
2017-01-09,73,79,93,167,10,49,105,10,14,0,1,0
2017-01-10,66,89,112,148,11,70,96,7,11,0,1,0
2017-01-11,61,74,107,190,5,41,111,4,14,2,1,0
2017-01-12,62,89,107,174,5,48,80,7,10,2,3,0
2017-01-13,50,94,103,182,10,51,97,4,17,0,1,0
2017-01-14,71,99,105,161,5,37,136,7,11,0,0,0
2017-01-15,54,73,94,208,4,50,123,12,11,1,0,0
2017-01-16,71,96,90,188,4,48,106,7,16,1,1,0
2017-01-17,64,96,90,167,13,53,133,8,11,0,1,0
2017-01-18,72,80,96,160,10,39,114,5,9,0,3,0
2017-01-19,65,84,122,155,2,46,101,9,8,1,0,0
2017-01-20,62,95,127,168,5,58,96,5,7,3,0,0
2017-01-21,66,75,111,162,2,46,124,7,14,1,1,0
2017-01-22,55,50,86,173,3,48,133,7,12,0,0,0
2017-01-23,54,67,87,193,6,48,100,11,10,0,1,0
2017-01-24,35,81,99,181,8,48,115,4,15,0,0,0
2017-01-25,59,105,86,170,11,53,104,10,15,1,0,0
2017-01-26,46,101,94,157,8,55,99,6,13,1,4,0
2017-01-27,53,103,108,171,11,55,94,5,16,1,3,0
2017-01-28,52,90,82,205,3,43,151,10,10,1,0,0
2017-01-29,50,73,89,188,4,50,132,6,13,0,2,0
2017-01-30,58,71,99,228,12,60,115,12,10,1,0,0
2017-01-31,44,76,108,195,5,60,115,12,9,0,2,0
2017-02-01,55,118,122,269,9,62,104,36,16,1,1,0
2017-02-02,46,75,104,172,11,47,97,11,13,0,0,0
2017-02-03,63,71,85,168,6,50,120,5,14,0,0,0
2017-02-04,52,96,96,175,3,52,135,8,8,0,0,0
2017-02-05,62,72,99,166,1,59,136,6,8,1,1,0
2017-02-06,52,63,91,174,13,49,113,13,17,0,0,0
2017-02-07,55,86,115,181,9,44,118,5,14,0,0,0
2017-02-08,63,73,81,166,5,39,111,7,13,1,0,0
2017-02-09,41,77,94,169,8,44,107,13,13,0,1,0
2017-02-10,55,110,119,196,12,53,107,15,18,0,0,0
2017-02-11,54,75,114,179,6,35,142,11,10,0,0,0
2017-02-12,42,80,88,176,1,42,147,13,4,3,2,0
2017-02-13,38,61,79,168,7,66,125,9,17,0,0,0
2017-02-14,49,91,82,174,7,43,118,10,9,1,2,0
2017-02-15,71,92,72,210,8,61,113,9,11,0,0,0
2017-02-16,50,83,91,168,9,50,107,4,14,1,0,0
2017-02-17,70,81,109,185,6,57,89,6,8,1,1,0
2017-02-18,50,87,103,194,5,58,135,5,13,0,0,0
2017-02-19,51,85,87,163,4,48,142,3,9,3,1,0
2017-02-20,45,89,79,178,3,53,112,4,7,0,0,0
2017-02-21,56,80,113,199,4,46,130,5,9,2,0,0
2017-02-22,46,83,107,175,4,59,105,7,9,2,0,0
2017-02-23,33,60,65,200,11,55,95,4,10,0,0,0
2017-02-24,44,93,122,163,8,49,122,15,8,1,0,0
2017-02-25,58,67,90,177,6,54,105,15,7,1,2,0
2017-02-26,58,55,78,143,5,50,132,8,4,0,2,0
2017-02-27,55,72,100,202,7,48,109,8,11,4,0,0
2017-02-28,50,82,68,197,6,55,91,11,7,1,1,0
2017-03-01,44,111,85,299,16,70,132,25,14,0,1,1
2017-03-02,45,91,76,200,16,47,104,6,10,1,0,0
2017-03-03,61,99,89,217,3,41,116,12,16,0,0,0
2017-03-04,54,81,96,160,7,57,122,12,10,3,1,0
2017-03-05,49,74,75,169,2,46,133,7,6,0,1,0
2017-03-06,49,89,91,186,7,41,85,6,13,2,0,0
2017-03-07,43,69,89,188,5,41,121,6,10,4,0,0
2017-03-08,56,83,80,179,8,42,108,9,11,0,0,0
2017-03-09,56,67,85,195,2,48,128,3,17,3,0,0
2017-03-10,56,92,108,199,7,61,127,3,13,1,2,0
2017-03-11,50,79,81,165,2,50,148,12,6,1,0,0
2017-03-12,42,66,57,145,5,31,152,8,6,1,0,0
2017-03-13,59,71,92,218,11,47,114,12,11,2,0,0
2017-03-14,41,89,73,189,5,46,159,8,15,2,1,0
2017-03-15,52,78,87,200,7,58,145,8,15,0,2,0
2017-03-16,47,75,106,208,3,45,120,4,7,0,2,0
2017-03-17,69,77,98,233,10,62,122,6,10,1,1,0
2017-03-18,43,86,106,190,3,46,175,9,13,0,0,1
2017-03-19,46,70,95,147,0,33,137,5,13,0,1,0
2017-03-20,45,90,75,187,7,49,116,4,8,1,1,0
2017-03-21,50,77,102,174,7,49,98,8,14,1,1,0
2017-03-22,47,95,85,176,7,45,105,7,17,0,0,0
2017-03-23,51,83,90,194,11,46,146,8,16,0,0,0
2017-03-24,55,99,88,194,10,46,113,7,16,1,2,0
2017-03-25,69,86,105,179,9,61,147,7,8,0,0,0
2017-03-26,56,74,77,155,3,47,148,9,12,0,0,0
2017-03-27,58,86,107,168,9,61,117,9,14,4,0,0
2017-03-28,38,91,97,179,12,39,109,7,10,2,1,0
2017-03-29,62,84,96,218,8,42,127,10,11,3,1,0
2017-03-30,49,93,91,177,5,57,110,4,14,1,0,0
2017-03-31,61,88,95,192,7,59,141,7,20,1,1,0
2017-04-01,45,84,107,284,9,62,124,28,5,2,1,0
2017-04-02,49,76,89,158,5,49,148,6,10,1,0,0
2017-04-03,46,81,97,199,13,43,111,13,16,1,1,0
2017-04-04,46,79,98,206,6,45,124,8,21,1,1,0
2017-04-05,52,63,92,175,8,45,146,8,12,1,5,0
2017-04-06,58,74,102,181,11,45,115,5,9,3,1,0
2017-04-07,53,75,112,185,5,57,111,8,16,0,2,1
2017-04-08,56,86,91,164,5,48,113,5,14,2,1,0
2017-04-09,48,66,89,150,7,39,148,8,11,3,1,0
2017-04-10,56,89,95,175,10,57,131,5,13,1,1,0
2017-04-11,54,67,88,156,7,41,98,5,12,0,0,0
2017-04-12,41,77,62,178,7,48,120,8,10,2,0,0
2017-04-13,49,81,94,178,8,51,117,8,12,1,1,0
2017-04-14,56,82,103,152,9,48,92,11,16,0,1,0
2017-04-15,53,66,89,189,3,47,137,11,9,1,1,0
2017-04-16,60,60,75,174,3,51,141,8,12,0,1,0
2017-04-17,50,95,82,209,12,50,132,9,9,0,0,0
2017-04-18,53,95,75,196,8,69,122,9,13,0,0,0
2017-04-19,34,75,105,189,11,47,117,6,12,0,2,0
2017-04-20,41,80,93,188,7,54,98,8,11,2,1,0
2017-04-21,47,102,107,180,8,72,120,7,9,3,0,0
2017-04-22,65,95,98,200,0,51,152,14,7,1,1,0
2017-04-23,45,69,70,155,3,39,156,3,18,3,2,0
2017-04-24,56,76,98,200,12,51,125,12,12,3,1,0
2017-04-25,56,72,89,201,8,56,117,8,15,0,0,0
2017-04-26,58,85,75,197,4,52,116,4,16,1,0,0
2017-04-27,49,83,94,205,7,61,112,4,16,4,2,0
2017-04-28,52,73,113,203,10,69,128,9,17,0,0,0
2017-04-29,39,89,103,184,5,47,164,8,8,3,3,0
2017-04-30,45,77,95,193,5,50,170,14,10,0,2,0
2017-05-01,42,118,104,299,11,67,146,30,9,2,0,0
2017-05-02,36,70,74,192,8,54,129,6,6,1,0,0
2017-05-03,50,94,79,208,6,63,134,8,10,4,0,0
2017-05-04,44,92,82,174,4,43,125,8,9,0,2,0
2017-05-05,52,94,105,239,5,61,149,12,12,0,0,0
2017-05-06,60,72,86,185,2,43,137,5,14,0,1,0
2017-05-07,52,59,80,170,2,36,99,5,6,1,1,0
2017-05-08,35,79,102,176,14,63,128,4,9,2,0,0
2017-05-09,53,86,75,196,5,56,88,5,12,1,1,0
2017-05-10,48,70,98,192,7,60,106,7,16,0,0,0
2017-05-11,57,98,105,171,4,34,125,6,13,3,0,0
2017-05-12,56,91,102,180,7,54,140,7,8,1,1,0
2017-05-13,50,89,74,178,7,53,125,3,11,0,1,0
2017-05-14,45,68,80,156,1,45,123,8,9,0,1,0
2017-05-15,50,78,90,206,13,60,105,3,13,3,0,0
2017-05-16,54,94,70,185,2,54,112,6,9,0,0,0
2017-05-17,58,67,83,176,6,42,136,5,12,0,0,0
2017-05-18,48,74,83,189,10,46,129,8,10,2,2,0
2017-05-19,53,95,105,210,10,48,128,15,8,2,0,0
2017-05-20,54,101,91,190,3,52,155,11,7,0,0,0
2017-05-21,48,71,66,156,2,54,164,10,13,2,0,0
2017-05-22,60,66,83,212,8,53,118,11,12,1,1,0
2017-05-23,42,91,73,196,5,51,125,9,10,0,1,0
2017-05-24,52,95,96,187,7,39,136,11,20,0,0,1
2017-05-25,54,69,98,177,6,37,131,6,15,0,0,0
2017-05-26,73,91,145,237,4,64,159,18,15,2,1,0
2017-05-27,56,74,104,171,9,49,150,9,12,3,3,0
2017-05-28,48,71,73,147,1,42,155,11,16,0,2,0
2017-05-29,41,54,80,167,5,52,162,8,12,1,2,0
2017-05-30,56,87,82,181,11,51,118,7,14,1,0,0
2017-05-31,41,81,84,219,8,41,118,10,14,1,2,1
2017-06-01,53,95,116,290,20,66,142,20,13,2,0,1
2017-06-02,49,92,88,202,11,62,121,13,9,0,3,0
2017-06-03,55,90,77,160,8,56,154,14,9,2,0,0
2017-06-04,65,60,69,158,3,43,162,8,15,1,0,0
2017-06-05,47,90,100,180,9,65,126,6,14,3,0,0
2017-06-06,53,93,83,200,2,54,131,12,9,0,2,0
2017-06-07,66,77,95,198,10,54,117,9,5,1,0,0
2017-06-08,52,85,85,177,11,50,109,6,11,1,0,0
2017-06-09,55,92,87,184,6,64,123,4,13,2,2,0
2017-06-10,49,70,75,198,3,54,141,10,11,0,1,2
2017-06-11,41,63,76,180,3,45,139,14,11,1,0,0
2017-06-12,49,73,76,183,9,47,135,7,7,4,1,0
2017-06-13,40,84,84,154,4,43,109,13,12,2,1,0
2017-06-14,48,87,84,203,9,47,145,3,7,0,2,0
2017-06-15,54,74,75,209,10,62,163,4,11,1,0,0
2017-06-16,47,79,98,191,7,48,129,6,11,1,0,0
2017-06-17,52,73,90,175,5,59,145,7,6,2,3,0
2017-06-18,49,71,76,177,2,47,188,8,7,0,2,0
2017-06-19,36,76,73,179,8,55,125,5,8,0,0,0
2017-06-20,43,88,82,214,6,52,152,6,7,1,0,0
2017-06-21,43,73,92,180,6,45,124,5,10,2,1,0
2017-06-22,41,96,90,167,8,44,142,7,15,2,2,1
2017-06-23,53,106,92,199,9,65,149,9,7,1,1,0
2017-06-24,57,90,111,163,5,45,156,11,18,1,0,0
2017-06-25,46,74,82,198,4,43,174,13,9,1,1,0
2017-06-26,54,94,97,175,8,54,133,4,18,0,0,0
2017-06-27,40,99,97,171,9,36,138,8,11,2,1,0
2017-06-28,41,78,92,174,10,51,133,7,8,0,0,0
2017-06-29,65,89,68,166,3,44,138,10,14,1,0,0
2017-06-30,70,105,94,200,7,71,130,5,19,2,0,0
2017-07-01,56,109,105,220,6,61,168,20,7,0,0,0
2017-07-02,40,91,64,194,2,51,137,8,9,3,0,0
2017-07-03,49,84,84,206,8,52,134,12,10,1,1,1
2017-07-04,65,54,72,234,3,38,186,5,11,2,2,0
2017-07-05,50,81,82,179,10,53,133,10,10,1,2,0
2017-07-06,43,70,69,183,11,52,136,9,17,3,2,0
2017-07-07,59,85,91,212,6,52,139,14,10,0,0,0
2017-07-08,51,67,73,203,8,43,154,12,12,2,0,0
2017-07-09,36,85,61,171,8,38,180,8,12,0,0,0
2017-07-10,45,86,81,186,7,47,135,13,14,2,0,0
2017-07-11,44,95,93,168,11,64,121,8,12,0,0,0
2017-07-12,51,87,95,168,8,45,130,7,17,0,1,0
2017-07-13,50,73,98,212,7,60,143,5,10,1,0,0
2017-07-14,60,91,92,185,8,71,148,6,9,0,0,0
2017-07-15,53,89,99,206,4,50,168,7,9,3,1,0
2017-07-16,42,87,70,191,3,57,181,6,10,0,0,0
2017-07-17,53,93,79,176,4,57,141,9,4,2,1,0
2017-07-18,59,95,87,190,5,57,153,4,10,0,2,0
2017-07-19,52,100,78,196,3,53,152,11,9,4,2,0
2017-07-20,49,90,106,217,4,53,125,5,11,0,1,0
2017-07-21,52,107,116,191,5,65,175,4,11,1,0,0
2017-07-22,65,82,86,217,5,53,149,7,12,3,0,0
2017-07-23,66,78,95,229,6,50,154,5,12,1,0,0
2017-07-24,50,86,103,195,4,49,118,11,10,0,0,0
2017-07-25,55,87,111,185,4,47,113,5,15,0,0,0
2017-07-26,47,79,93,189,5,67,132,7,5,2,0,0
2017-07-27,50,83,122,171,3,58,135,10,16,0,0,0
2017-07-28,52,87,92,186,8,52,150,7,16,0,0,0
2017-07-29,51,82,100,196,2,48,132,13,8,2,1,0
2017-07-30,48,64,75,178,3,52,183,9,9,4,1,0
2017-07-31,52,120,88,176,8,53,148,6,12,2,0,0
2017-08-01,46,91,114,268,11,52,138,22,14,3,0,0
2017-08-02,49,91,84,205,7,55,136,5,11,0,0,0
2017-08-03,36,79,83,205,8,62,154,8,11,0,0,0
2017-08-04,55,90,99,185,4,48,123,6,15,1,0,0
2017-08-05,53,76,91,186,3,54,167,16,14,1,0,0
2017-08-06,54,67,85,169,4,37,151,9,16,4,2,0
2017-08-07,45,90,98,187,7,52,136,11,8,0,2,0
2017-08-08,55,84,71,183,3,37,121,6,4,3,0,0
2017-08-09,45,74,80,186,2,50,120,6,15,1,0,0
2017-08-10,45,83,86,201,9,56,130,6,6,1,0,0
2017-08-11,61,86,86,192,6,51,119,6,11,3,0,0
2017-08-12,52,87,94,184,2,46,153,10,10,1,1,0
2017-08-13,51,65,102,163,4,47,154,9,12,0,0,0
2017-08-14,49,83,87,185,9,55,136,5,14,1,2,0
2017-08-15,49,105,95,202,6,39,121,10,10,2,0,0
2017-08-16,56,89,78,190,7,54,119,7,9,2,0,0
2017-08-17,43,91,104,173,5,65,120,5,8,2,2,0
2017-08-18,59,94,95,192,5,61,129,5,9,0,2,0
2017-08-19,57,89,91,181,1,59,130,6,11,2,0,0
2017-08-20,47,76,67,182,3,41,163,13,12,0,0,0
2017-08-21,55,82,85,202,6,58,127,8,10,2,0,0
2017-08-22,56,82,85,183,7,50,137,4,10,2,0,0
2017-08-23,53,96,102,177,6,47,114,7,10,1,1,0
2017-08-24,33,97,85,171,6,57,136,9,11,0,0,0
2017-08-25,44,111,96,204,9,66,121,7,8,0,2,0
2017-08-26,51,90,82,215,3,38,177,8,16,2,0,0
2017-08-27,60,74,74,174,2,54,181,7,11,0,2,0
2017-08-28,52,108,84,199,8,56,131,8,10,1,2,0
2017-08-29,49,73,101,182,5,47,133,9,13,0,0,0
2017-08-30,46,92,79,188,11,61,114,6,11,1,1,0
2017-08-31,49,111,97,227,4,52,159,9,10,1,2,0
2017-09-01,62,113,109,305,11,65,188,24,8,1,0,0
2017-09-02,41,83,77,206,3,49,161,18,7,3,0,0
2017-09-03,39,88,78,177,4,37,198,9,8,0,2,0
2017-09-04,46,80,84,159,3,45,158,7,11,1,1,0
2017-09-05,45,82,83,213,7,50,138,9,10,2,0,0
2017-09-06,57,58,91,203,7,53,128,7,14,1,0,0
2017-09-07,31,80,87,172,6,45,121,4,13,1,1,0
2017-09-08,58,97,87,214,4,69,131,10,8,1,0,0
2017-09-09,52,68,97,201,6,50,160,8,9,1,2,0
2017-09-10,46,73,79,162,2,47,186,12,6,0,2,0
2017-09-11,45,78,92,214,7,50,149,7,10,2,0,0
2017-09-12,43,92,102,190,9,60,125,5,7,1,3,0
2017-09-13,56,94,104,192,6,41,121,9,9,0,1,0
2017-09-14,55,97,107,173,8,58,118,7,12,1,1,0
2017-09-15,50,109,109,217,6,51,152,10,15,2,2,0
2017-09-16,57,76,112,207,5,38,160,6,14,0,2,0
2017-09-17,40,74,85,186,2,44,165,6,8,2,1,0
2017-09-18,38,101,110,194,10,45,116,9,12,0,0,0
2017-09-19,47,87,88,179,7,45,112,9,15,0,1,0
2017-09-20,41,96,80,184,3,51,131,10,13,1,0,0
2017-09-21,50,80,107,208,8,49,115,5,16,1,1,0
2017-09-22,54,94,122,213,6,54,133,5,13,0,1,0
2017-09-23,52,67,78,170,3,49,143,7,8,1,0,0
2017-09-24,61,79,90,167,3,47,185,5,12,2,1,0
2017-09-25,63,85,95,186,11,56,118,5,10,2,0,0
2017-09-26,44,86,98,179,7,54,124,8,13,1,0,0
2017-09-27,46,85,121,173,4,68,113,5,15,0,0,0
2017-09-28,55,79,107,170,3,51,133,6,18,1,1,0
2017-09-29,61,87,111,190,6,65,133,9,14,1,1,0
2017-09-30,65,86,100,172,2,62,132,4,9,1,0,0
2017-10-01,59,94,92,234,7,49,168,17,18,0,1,1
2017-10-02,57,82,76,191,10,57,123,9,7,5,0,0
2017-10-03,41,84,88,168,5,55,126,6,13,0,0,0
2017-10-04,48,92,94,182,1,41,97,6,9,0,0,0
2017-10-05,49,98,89,203,4,58,103,6,13,1,1,0
2017-10-06,64,88,124,196,2,69,119,8,16,0,1,0
2017-10-07,59,100,99,220,1,49,179,8,10,0,3,0
2017-10-08,39,68,88,173,2,61,152,7,6,1,0,0
2017-10-09,57,91,81,172,5,51,111,10,7,0,0,0
2017-10-10,41,85,90,172,9,46,122,8,18,3,0,0
2017-10-11,36,72,89,164,4,49,120,10,8,1,0,1
2017-10-12,37,79,94,172,12,51,125,4,14,2,1,0
2017-10-13,59,105,94,212,3,62,127,8,12,1,0,0
2017-10-14,66,85,108,169,4,50,176,8,12,2,1,0
2017-10-15,32,80,96,221,2,56,163,14,8,2,2,0
2017-10-16,51,99,77,192,3,52,143,7,7,3,2,0
2017-10-17,49,82,116,207,5,53,141,5,9,2,1,0
2017-10-18,53,91,91,164,15,58,143,9,12,2,1,0
2017-10-19,57,83,102,183,8,60,120,7,12,1,1,0
2017-10-20,75,92,149,211,5,72,154,6,17,2,2,0
2017-10-21,62,80,109,189,5,58,153,8,13,3,3,0
2017-10-22,32,85,101,177,2,44,165,6,13,0,1,0
2017-10-23,61,92,85,203,8,51,135,7,11,0,1,0
2017-10-24,36,93,98,192,3,47,150,8,11,1,1,0
2017-10-25,47,80,113,203,8,54,171,9,17,3,0,0
2017-10-26,57,70,103,168,2,51,160,6,12,1,0,0
2017-10-27,55,94,121,199,6,52,139,13,15,1,0,0
2017-10-28,56,80,110,192,2,51,160,7,13,0,2,0
2017-10-29,46,69,76,175,4,45,179,6,14,1,3,0
2017-10-30,54,85,79,184,7,49,131,6,13,0,0,0
2017-10-31,65,93,108,211,4,65,151,10,6,2,0,0
2017-11-01,53,106,91,237,7,65,155,16,6,0,1,0
2017-11-02,55,98,98,206,10,47,96,8,5,1,1,0
2017-11-03,63,99,121,210,11,59,126,7,12,0,0,0
2017-11-04,53,84,80,183,5,57,130,10,13,0,0,0
2017-11-05,46,61,79,193,0,54,138,12,17,1,2,0
2017-11-06,69,88,75,173,8,56,118,4,11,3,0,0
2017-11-07,46,92,90,180,5,47,120,1,14,0,1,0
2017-11-08,51,97,74,165,7,42,139,8,11,2,0,0
2017-11-09,45,84,92,152,1,49,136,7,10,0,1,0
2017-11-10,60,88,90,178,4,48,145,9,6,6,3,0
2017-11-11,46,84,85,163,1,46,132,12,6,0,0,0
2017-11-12,49,97,90,178,1,48,151,8,4,2,0,0
2017-11-13,52,100,87,202,7,58,134,6,11,0,1,0
2017-11-14,48,73,102,198,6,52,129,7,9,1,0,0
2017-11-15,52,87,83,184,6,52,127,9,16,0,0,0
2017-11-16,41,106,107,175,2,51,123,8,8,0,0,0
2017-11-17,56,84,114,174,5,58,130,10,18,0,1,0
2017-11-18,65,69,86,164,4,43,172,4,6,1,4,0
2017-11-19,53,61,89,164,0,55,120,7,3,0,1,0
2017-11-20,42,85,99,189,10,54,122,4,9,0,3,0
2017-11-21,58,94,96,179,2,49,125,3,12,0,1,0
2017-11-22,66,88,135,178,3,53,125,6,13,1,1,0
2017-11-23,41,66,74,182,1,38,153,7,12,2,1,0
2017-11-24,53,113,59,156,5,47,151,4,3,0,2,0
2017-11-25,56,91,106,152,2,35,138,12,11,3,0,0
2017-11-26,39,87,104,165,0,50,151,13,18,0,1,0
2017-11-27,51,90,108,173,2,52,100,7,12,0,0,0
2017-11-28,53,90,106,182,4,56,122,8,13,0,0,0
2017-11-29,46,73,108,216,2,49,124,5,10,1,0,0
2017-11-30,54,77,87,160,0,53,122,7,11,0,2,0
2017-12-01,53,98,128,246,7,57,133,13,8,1,0,0
2017-12-02,54,84,100,165,6,51,146,5,7,1,0,0
2017-12-03,52,73,83,169,2,45,136,8,12,1,0,0
2017-12-04,58,87,84,163,3,60,110,12,11,3,1,0
2017-12-05,49,89,93,165,5,45,117,4,10,0,2,0
2017-12-06,50,87,92,153,3,50,122,5,8,4,2,0
2017-12-07,47,88,74,161,3,49,123,4,7,3,0,0
2017-12-08,60,105,87,172,2,56,99,10,14,1,0,0
2017-12-09,65,85,88,153,4,47,162,7,10,0,0,0
2017-12-10,61,76,95,184,2,44,146,10,10,1,1,0
2017-12-11,55,88,88,176,2,48,125,14,10,1,1,0
2017-12-12,38,96,109,183,5,54,110,7,10,1,1,0
2017-12-13,56,92,85,195,4,57,96,6,13,1,1,0
2017-12-14,50,91,111,169,1,52,113,6,8,2,1,0
2017-12-15,60,107,109,210,13,55,140,8,11,2,3,0
2017-12-16,62,101,89,139,3,37,115,7,9,1,1,0
2017-12-17,60,69,90,166,4,49,139,6,11,2,0,0
2017-12-18,43,112,113,187,9,56,116,9,8,2,0,0
2017-12-19,45,103,102,147,5,53,98,6,13,1,0,0
2017-12-20,69,94,115,173,6,61,109,2,7,0,0,0
2017-12-21,41,95,117,169,3,44,101,5,9,0,1,0
2017-12-22,58,95,130,156,4,60,134,8,9,0,0,0
2017-12-23,49,86,91,136,0,51,132,6,12,3,0,0
2017-12-24,55,75,110,148,4,28,122,6,8,1,1,0
2017-12-25,49,34,80,161,1,26,142,6,6,1,0,0
2017-12-26,53,79,98,135,8,50,98,2,5,0,2,0
2017-12-27,44,87,77,162,5,46,95,5,10,2,0,0
2017-12-28,42,71,88,164,4,63,123,3,10,2,1,0
2017-12-29,53,79,100,181,0,54,131,8,19,0,1,0
2017-12-30,45,77,92,149,2,52,128,5,6,1,0,0
2017-12-31,63,61,80,155,3,39,128,5,9,1,1,0
2018-01-01,44,66,81,201,1,40,172,9,14,1,2,0
2018-01-02,51,69,65,146,6,53,97,6,9,1,0,0
2018-01-03,46,76,88,173,3,48,97,4,6,2,0,0
2018-01-04,57,74,66,148,2,50,106,3,8,2,0,0
2018-01-05,52,104,79,177,8,50,144,8,11,1,0,0
2018-01-06,52,79,86,176,5,44,127,7,10,1,3,0
2018-01-07,57,63,84,150,5,39,130,5,5,1,0,0
2018-01-08,48,70,103,162,7,50,97,11,10,4,0,0
2018-01-09,57,61,113,168,3,44,80,6,9,0,1,0
2018-01-10,39,69,70,185,3,52,107,8,5,0,2,0
2018-01-11,50,72,77,153,4,53,99,10,7,0,1,0
2018-01-12,49,78,103,183,0,64,110,7,13,0,0,0
2018-01-13,50,91,85,166,2,55,140,11,6,3,1,0
2018-01-14,46,68,71,179,1,41,145,7,15,0,0,0
2018-01-15,50,82,78,206,4,53,121,8,7,1,0,0
2018-01-16,34,80,100,170,7,45,113,7,14,0,2,0
2018-01-17,46,74,84,160,2,51,128,2,10,1,0,0
2018-01-18,50,82,110,178,5,44,119,9,11,1,1,0
2018-01-19,60,83,92,186,6,57,111,5,11,0,1,0
2018-01-20,50,83,93,176,2,50,143,8,6,1,0,0
2018-01-21,43,77,104,174,3,36,135,10,16,3,2,0
2018-01-22,47,83,93,139,2,49,117,6,18,0,1,0
2018-01-23,51,76,97,153,8,51,88,4,10,3,1,0
2018-01-24,48,70,115,188,1,40,115,9,9,1,1,0
2018-01-25,42,73,92,166,3,43,95,7,9,1,0,0
2018-01-26,45,97,132,169,5,66,126,7,17,0,1,0
2018-01-27,35,86,73,170,6,36,126,11,13,2,1,0
2018-01-28,52,67,77,161,2,44,160,13,11,2,1,0
2018-01-29,50,81,96,187,3,48,136,5,10,0,0,0
2018-01-30,45,89,85,193,6,48,129,5,10,2,1,0
2018-01-31,37,96,71,165,2,65,137,7,10,0,0,0
2018-02-01,49,71,107,186,4,53,131,7,10,1,3,0
2018-02-02,61,86,71,162,1,48,132,4,12,1,0,0
2018-02-03,41,79,100,171,1,41,145,10,9,2,2,0
2018-02-04,31,56,75,145,2,44,160,10,9,0,0,0
2018-02-05,56,76,86,170,1,53,124,18,8,2,0,0
2018-02-06,60,71,103,192,4,52,112,6,10,1,1,0
2018-02-07,44,74,78,171,2,55,125,1,11,0,0,0
2018-02-08,41,80,89,145,1,40,119,8,12,0,0,0
2018-02-09,45,85,97,163,6,61,118,8,7,1,1,0
2018-02-10,53,78,82,120,0,52,120,5,8,4,3,0
2018-02-11,39,58,70,157,1,50,130,3,11,1,0,0
2018-02-12,45,65,79,156,6,54,103,5,15,1,1,0
2018-02-13,35,66,83,148,3,55,86,3,7,1,0,0
2018-02-14,49,64,90,163,1,58,120,11,12,2,2,0
2018-02-15,51,51,76,155,2,53,112,5,11,2,0,0
2018-02-16,49,70,107,173,3,58,141,4,10,3,0,0
2018-02-17,49,63,114,143,1,38,127,6,7,2,0,0
2018-02-18,49,52,95,115,2,34,126,9,11,0,0,0
2018-02-19,38,59,81,94,1,47,95,7,4,0,0,0
2018-02-20,43,54,69,109,1,35,81,1,4,0,0,0
2018-02-21,36,23,52,93,1,34,70,2,5,1,0,0
2018-02-22,28,29,21,47,0,14,40,1,4,1,0,0
2018-02-23,8,14,14,31,1,10,29,1,1,1,0,0
2018-02-24,4,4,2,1,0,0,6,0,0,0,0,0
