date,Offense Count,MISC,ARSON,AGGRAVATED ASSAULT,FRAUD,BURGLARY,DRUG OFFENSE,MURDER AND NON-NEGLIGENT MANSLAUGHTER,THEFT,MOTOR VEHICLE THEFT,RAPE
1/1/2015,44,0,0,2,13,2,0,0,7,0,3
1/1/2016,200,15,0,33,24,7,4,0,48,13,6
1/1/2017,191,19,0,25,16,14,3,0,55,21,6
1/1/2018,207,30,1,26,18,6,4,0,55,18,3
1/10/2015,1,0,0,0,0,0,0,0,0,1,0
1/10/2016,152,17,0,19,10,9,7,0,48,19,2
1/10/2017,145,12,0,13,8,18,2,0,49,17,4
1/10/2018,170,14,0,23,18,8,9,0,56,13,2
1/11/2015,3,0,0,0,0,0,0,0,3,0,0
1/11/2016,169,26,0,23,16,12,2,0,59,12,0
1/11/2017,83,6,0,10,8,4,0,0,36,12,0
1/11/2018,155,15,0,13,13,9,6,0,59,17,4
1/12/2015,2,0,0,0,0,0,0,0,1,0,1
1/12/2016,149,28,0,16,7,9,3,0,53,14,0
1/12/2017,90,12,0,13,7,4,1,0,34,9,0
1/12/2018,179,24,1,16,11,14,10,0,53,19,1
1/13/2015,3,0,0,1,1,0,0,0,0,1,0
1/13/2016,167,17,0,10,11,14,11,0,57,14,0
1/13/2017,112,13,1,18,8,9,1,0,35,11,1
1/13/2018,168,16,1,19,11,12,9,0,52,20,1
1/14/2015,1,0,0,0,1,0,0,0,0,0,0
1/14/2016,139,22,0,10,11,10,3,0,54,15,1
1/14/2017,122,18,0,14,9,6,1,0,41,14,2
1/14/2018,155,21,0,18,11,10,5,0,49,16,1
1/15/2015,4,0,0,0,2,0,0,0,0,0,0
1/15/2016,160,13,0,11,18,11,4,0,53,19,1
1/15/2017,102,9,0,11,7,9,2,0,45,9,0
1/15/2018,160,22,0,14,10,9,4,0,54,15,3
1/16/2015,3,0,0,0,0,0,0,0,2,1,0
1/16/2016,182,19,0,23,20,7,2,0,62,17,1
1/16/2017,104,11,1,14,7,5,4,0,37,16,1
1/16/2018,166,18,1,18,12,9,3,0,66,14,2
1/17/2016,109,15,0,18,8,4,2,0,37,13,0
1/17/2017,117,14,0,19,14,7,0,0,35,14,0
1/17/2018,183,18,0,19,16,14,4,0,64,18,1
1/18/2015,1,0,0,0,1,0,0,0,0,0,0
1/18/2016,158,20,1,23,11,8,8,0,58,11,0
1/18/2017,154,15,0,16,11,11,2,0,55,18,0
1/18/2018,169,26,1,15,8,10,8,0,54,25,0
1/19/2015,6,0,0,0,3,1,0,0,2,0,0
1/19/2016,160,19,0,14,14,7,3,0,55,14,1
1/19/2017,148,15,1,16,15,7,4,0,51,23,0
1/19/2018,182,28,1,19,14,11,4,0,43,30,2
1/2/2015,1,0,0,0,0,0,0,0,1,0,0
1/2/2016,136,21,0,18,13,7,4,0,47,13,0
1/2/2017,140,17,0,19,12,11,3,0,50,14,0
1/2/2018,185,26,0,18,13,19,6,0,56,16,4
1/20/2015,2,0,0,2,0,0,0,0,0,0,0
1/20/2016,177,12,0,14,17,8,9,0,66,19,3
1/20/2017,153,14,1,16,8,8,2,0,69,17,1
1/20/2018,195,27,0,32,8,7,1,0,71,16,3
1/21/2015,1,0,0,0,0,0,0,0,1,0,0
1/21/2016,173,17,0,19,13,9,4,0,64,14,3
1/21/2017,156,10,0,24,7,10,0,0,56,23,1
1/21/2018,161,14,0,20,7,11,4,1,64,22,0
1/22/2015,2,0,0,0,0,0,0,0,2,0,0
1/22/2016,171,21,1,22,9,12,11,0,58,12,1
1/22/2017,123,15,1,15,5,3,5,0,47,13,2
1/22/2018,176,17,1,12,17,16,4,0,66,18,1
1/23/2015,1,0,0,0,0,1,0,0,0,0,0
1/23/2016,154,25,0,26,9,6,3,0,58,11,1
1/23/2017,161,14,1,20,10,9,4,0,55,14,2
1/23/2018,182,21,0,13,18,13,5,1,69,13,2
1/24/2015,2,0,0,0,1,0,0,0,1,0,0
1/24/2016,154,15,1,24,11,9,3,0,62,12,2
1/24/2017,136,12,0,22,9,6,4,0,45,20,1
1/24/2018,156,12,0,16,21,16,6,0,53,15,1
1/25/2016,153,14,0,18,18,10,7,0,44,14,0
1/25/2017,133,12,1,9,11,7,5,0,46,21,0
1/25/2018,166,23,0,21,9,5,2,0,64,16,2
1/26/2016,170,18,1,13,14,10,3,0,59,16,2
1/26/2017,155,11,0,16,19,15,2,0,56,18,0
1/26/2018,172,14,0,22,12,12,3,0,70,26,0
1/27/2015,1,0,0,1,0,0,0,0,0,0,0
1/27/2016,158,18,0,17,15,10,6,0,58,13,0
1/27/2017,193,19,1,20,7,10,11,0,62,29,2
1/27/2018,185,21,0,22,12,20,2,0,60,24,1
1/28/2016,167,19,0,17,14,12,8,0,66,12,0
1/28/2017,150,15,0,28,6,9,3,0,47,29,0
1/28/2018,157,13,2,15,7,14,0,0,65,18,1
1/29/2016,189,24,0,24,15,12,6,0,70,13,1
1/29/2017,150,26,1,13,2,13,4,0,44,21,1
1/29/2018,170,18,1,26,17,12,5,0,60,9,1
1/3/2016,83,11,0,11,3,5,2,0,33,7,1
1/3/2017,130,14,0,15,13,11,1,0,41,15,0
1/3/2018,149,19,3,18,8,7,3,0,48,14,3
1/30/2015,3,0,0,0,2,0,0,0,0,0,0
1/30/2016,145,12,0,20,12,7,4,0,54,11,3
1/30/2017,170,19,1,17,11,11,6,0,48,31,2
1/30/2018,165,25,2,16,18,8,8,0,53,16,2
1/31/2015,2,0,0,0,1,0,0,0,1,0,0
1/31/2016,152,15,1,27,6,5,4,0,55,16,3
1/31/2017,168,16,0,18,10,13,4,0,63,23,2
1/31/2018,168,27,3,15,21,11,3,1,56,13,2
1/4/2015,3,0,0,0,0,0,0,0,1,1,1
1/4/2016,115,6,0,16,12,14,1,0,39,9,0
1/4/2017,130,14,1,12,13,10,2,0,46,13,0
1/4/2018,180,16,1,24,11,13,6,0,63,18,5
1/5/2015,3,0,0,1,0,0,0,0,2,0,0
1/5/2016,140,12,0,14,15,4,6,0,53,16,1
1/5/2017,143,8,1,10,9,12,3,0,62,16,1
1/5/2018,172,20,1,21,12,5,2,0,61,21,1
1/6/2015,3,0,0,0,2,0,0,0,1,0,0
1/6/2016,146,20,0,17,13,9,7,0,48,14,0
1/6/2017,155,15,0,20,12,5,3,0,63,17,1
1/6/2018,172,33,1,17,8,11,4,0,47,20,2
1/7/2015,2,0,0,0,1,0,0,0,1,0,0
1/7/2016,126,12,0,17,10,7,2,0,45,12,1
1/7/2017,122,16,0,25,5,14,5,0,34,15,2
1/7/2018,153,19,0,21,6,13,3,0,55,20,3
1/8/2015,1,0,0,0,0,0,0,0,0,1,0
1/8/2016,165,23,0,28,12,8,6,0,59,11,2
1/8/2017,91,10,2,23,6,5,4,0,28,9,2
1/8/2018,186,13,0,18,16,12,3,1,70,18,4
1/9/2016,147,22,1,17,12,9,2,0,47,13,0
1/9/2017,125,14,0,17,8,10,2,0,46,15,2
1/9/2018,184,21,3,18,19,5,5,0,64,14,1
10/1/2015,194,15,1,16,23,15,8,0,63,12,7
10/1/2016,170,18,2,16,10,12,4,0,59,14,4
10/1/2017,178,15,0,22,14,10,5,0,60,15,2
10/10/2015,170,20,1,25,11,10,3,0,51,10,1
10/10/2016,152,12,0,15,12,9,6,1,62,15,3
10/10/2017,168,11,1,12,12,7,13,0,66,16,2
10/11/2015,137,18,0,22,3,5,4,0,58,10,1
10/11/2016,157,8,2,20,20,15,3,0,53,14,2
10/11/2017,182,13,0,23,16,11,13,0,59,18,0
10/12/2015,155,14,0,14,11,15,4,0,59,10,1
10/12/2016,168,14,0,9,11,16,4,0,68,18,1
10/12/2017,170,21,1,18,12,11,12,0,59,17,1
10/13/2015,154,10,1,13,17,12,4,0,54,14,3
10/13/2016,174,24,0,13,12,14,3,0,63,19,1
10/13/2017,186,20,0,25,11,16,11,0,51,22,3
10/14/2015,162,17,0,26,15,5,5,0,58,9,2
10/14/2016,144,12,0,15,11,6,5,0,54,10,0
10/14/2017,162,13,0,26,15,4,4,0,49,21,6
10/15/2015,168,13,0,15,11,11,6,0,67,16,3
10/15/2016,180,17,2,25,12,10,2,0,56,26,1
10/15/2017,168,19,0,18,11,9,0,0,68,16,2
10/16/2015,174,17,0,23,7,13,8,0,64,13,1
10/16/2016,160,22,0,12,6,9,1,0,58,25,0
10/16/2017,185,16,0,35,11,14,4,0,60,22,1
10/17/2015,175,21,0,21,14,10,3,0,54,12,5
10/17/2016,176,12,1,19,16,14,3,0,70,13,1
10/17/2017,178,25,0,19,15,11,5,0,54,16,0
10/18/2015,186,24,2,29,16,11,5,1,53,16,1
10/18/2016,141,14,1,12,10,8,2,0,65,16,3
10/18/2017,168,13,0,24,15,9,5,0,62,15,1
10/19/2015,158,12,0,17,20,8,2,0,62,15,1
10/19/2016,156,14,0,20,10,15,3,0,56,13,2
10/19/2017,157,16,0,19,19,13,1,0,58,15,1
10/2/2015,160,19,0,17,13,10,5,1,56,5,1
10/2/2016,134,14,0,20,11,6,5,0,42,13,2
10/2/2017,179,19,0,21,14,15,5,1,56,20,0
10/20/2015,131,15,0,14,14,11,3,0,44,10,2
10/20/2016,129,12,1,12,10,8,1,0,61,11,1
10/20/2017,191,14,0,24,17,10,3,0,67,20,2
10/21/2015,164,18,1,28,14,7,9,0,54,11,0
10/21/2016,172,20,0,17,19,15,4,0,55,14,1
10/21/2017,168,24,2,20,12,8,2,0,58,24,2
10/22/2015,147,17,0,18,10,15,5,0,48,11,1
10/22/2016,175,16,1,19,14,7,6,1,55,20,1
10/22/2017,137,19,0,15,9,11,1,0,52,12,1
10/23/2015,141,20,2,13,14,5,7,0,51,10,3
10/23/2016,182,24,1,22,13,6,6,0,57,20,2
10/23/2017,153,27,1,19,8,7,0,0,57,15,1
10/24/2015,194,22,0,16,18,7,0,0,80,12,1
10/24/2016,205,13,0,20,18,15,2,0,87,16,0
10/24/2017,161,18,0,20,15,6,3,0,54,21,1
10/25/2015,174,24,0,20,13,12,2,0,60,11,3
10/25/2016,183,11,0,12,15,17,3,0,69,16,1
10/25/2017,182,21,0,25,16,7,8,0,61,18,4
10/26/2015,166,17,0,20,12,9,4,0,59,12,2
10/26/2016,165,20,0,16,16,9,6,0,52,17,1
10/26/2017,200,29,1,31,8,12,5,0,65,19,1
10/27/2015,146,6,1,15,13,8,5,0,57,10,1
10/27/2016,181,15,0,25,10,7,6,0,72,14,3
10/27/2017,172,16,0,20,10,17,5,0,56,17,4
10/28/2015,156,21,0,13,11,5,5,0,60,9,0
10/28/2016,172,21,0,12,17,15,3,0,61,14,1
10/28/2017,180,28,1,20,13,8,4,0,67,13,3
10/29/2015,189,22,1,12,7,14,4,0,68,23,2
10/29/2016,189,15,0,24,14,13,4,0,64,20,2
10/29/2017,183,21,1,24,11,13,6,0,56,12,3
10/3/2015,177,22,0,17,12,7,4,1,63,17,1
10/3/2016,167,23,0,21,17,6,5,0,60,5,1
10/3/2017,159,14,0,20,16,8,7,0,57,10,2
10/30/2015,183,14,1,12,15,12,7,0,63,16,0
10/30/2016,137,16,0,19,8,9,1,0,56,13,1
10/30/2017,157,12,1,15,17,12,3,0,54,18,2
10/31/2015,232,27,0,26,15,13,1,0,74,15,1
10/31/2016,199,21,1,24,16,10,3,0,68,20,1
10/31/2017,169,17,0,25,7,9,5,0,65,15,0
10/4/2015,134,14,1,18,8,8,5,0,51,12,2
10/4/2016,161,18,1,18,11,12,4,0,61,14,0
10/4/2017,174,16,2,21,14,8,7,0,56,14,3
10/5/2015,153,14,0,12,16,13,4,1,53,9,2
10/5/2016,174,12,2,14,15,15,6,0,60,20,1
10/5/2017,143,16,0,13,17,10,6,0,51,23,2
10/6/2015,137,15,1,13,13,7,8,0,51,8,0
10/6/2016,158,16,0,15,7,8,3,0,52,16,5
10/6/2017,198,23,0,23,11,13,7,0,60,22,3
10/7/2015,175,22,1,20,11,9,9,0,59,12,0
10/7/2016,154,10,0,20,11,9,10,0,54,17,2
10/7/2017,154,21,1,17,11,8,3,0,54,14,0
10/8/2015,131,17,0,10,15,6,1,0,52,11,1
10/8/2016,174,13,1,18,13,9,5,0,62,15,5
10/8/2017,163,16,2,13,4,13,6,0,57,11,3
10/9/2015,152,18,0,13,6,11,7,0,63,12,3
10/9/2016,154,19,0,22,8,12,2,0,57,11,2
10/9/2017,177,24,0,22,11,10,5,0,63,21,1
11/1/2015,174,18,0,24,17,10,6,0,42,18,2
11/1/2016,187,17,0,24,17,17,3,0,56,15,2
11/1/2017,200,20,0,25,18,7,4,0,59,19,5
11/10/2015,143,17,0,15,9,12,1,0,58,16,0
11/10/2016,284,52,4,20,13,11,2,0,74,25,1
11/10/2017,158,20,1,17,13,14,6,1,51,13,1
11/11/2015,147,17,0,11,12,8,1,1,50,11,1
11/11/2016,158,22,1,21,14,9,1,0,51,11,2
11/11/2017,154,16,1,13,8,13,4,0,53,15,1
11/12/2015,160,15,1,13,11,7,11,1,67,10,0
11/12/2016,160,28,1,18,10,15,2,0,46,15,0
11/12/2017,144,15,0,17,11,15,0,0,47,22,1
11/13/2015,129,7,0,17,14,11,5,0,42,12,0
11/13/2016,140,20,1,11,9,10,1,0,45,18,1
11/13/2017,194,27,2,20,28,18,5,0,54,14,3
11/14/2015,124,14,0,19,9,4,8,0,42,13,0
11/14/2016,138,18,0,12,12,7,3,0,53,16,1
11/14/2017,170,17,0,11,13,16,7,0,59,21,4
11/15/2015,145,13,1,22,6,9,5,0,45,24,0
11/15/2016,186,22,0,19,18,8,3,0,67,13,3
11/15/2017,150,16,1,14,12,12,2,0,53,15,0
11/16/2015,113,10,1,12,12,14,1,0,43,7,1
11/16/2016,152,18,2,17,11,12,0,0,57,15,0
11/16/2017,171,19,0,18,15,18,1,0,54,17,1
11/17/2015,171,18,3,9,11,10,4,0,67,18,0
11/17/2016,164,13,0,17,15,6,7,0,59,21,0
11/17/2017,163,17,0,17,21,11,4,0,50,14,3
11/18/2015,159,9,1,14,17,8,8,0,58,16,0
11/18/2016,178,15,4,27,12,8,4,0,70,15,1
11/18/2017,162,13,0,23,13,11,1,0,55,18,3
11/19/2015,171,19,0,15,13,14,7,0,70,12,0
11/19/2016,185,23,0,15,15,11,7,0,63,15,2
11/19/2017,162,20,0,19,12,15,2,0,47,16,2
11/2/2015,163,19,0,9,16,11,5,0,60,13,1
11/2/2016,151,18,2,17,11,6,4,1,46,22,1
11/2/2017,161,21,1,17,11,6,4,0,51,24,2
11/20/2015,171,17,2,26,16,8,8,0,58,14,1
11/20/2016,147,17,0,21,7,13,6,1,59,13,0
11/20/2017,158,19,1,16,15,17,6,0,45,21,4
11/21/2015,215,17,1,19,35,7,10,0,62,12,5
11/21/2016,153,15,1,17,9,15,2,0,64,15,1
11/21/2017,144,19,0,8,14,18,8,0,39,15,2
11/22/2015,145,14,1,13,24,5,1,0,51,10,0
11/22/2016,183,25,0,13,17,8,6,0,62,17,1
11/22/2017,179,22,1,25,10,13,3,0,58,13,3
11/23/2015,173,27,1,16,22,6,6,0,55,6,1
11/23/2016,164,12,0,13,14,17,1,0,60,27,0
11/23/2017,130,16,1,15,3,18,4,0,31,20,1
11/24/2015,161,18,0,13,10,8,2,0,58,16,1
11/24/2016,139,13,0,14,10,13,3,0,48,15,1
11/24/2017,184,19,0,25,13,15,1,0,60,19,0
11/25/2015,181,18,0,20,11,10,2,0,59,17,1
11/25/2016,164,18,0,14,11,13,1,0,65,17,0
11/25/2017,168,13,1,23,11,13,0,0,56,15,3
11/26/2015,126,14,0,13,13,7,3,0,49,10,1
11/26/2016,144,11,0,22,7,10,5,0,56,16,0
11/26/2017,133,22,0,18,10,10,0,0,41,12,1
11/27/2015,177,24,0,16,14,10,1,0,78,9,1
11/27/2016,171,17,0,25,8,15,4,0,56,18,0
11/27/2017,171,14,0,12,13,12,8,0,64,16,2
11/28/2015,161,12,1,11,23,5,4,0,65,11,1
11/28/2016,160,13,1,17,11,10,4,0,62,15,0
11/28/2017,125,9,0,16,8,8,4,1,48,11,2
11/29/2015,138,16,1,13,10,4,1,0,56,12,1
11/29/2016,175,12,0,14,18,22,3,0,61,20,1
11/29/2017,175,18,0,25,7,10,4,0,69,15,0
11/3/2015,156,18,0,14,13,7,4,0,56,10,1
11/3/2016,171,13,2,9,17,10,7,0,53,14,2
11/3/2017,167,18,0,26,14,9,6,0,55,18,3
11/30/2015,140,16,1,15,16,5,2,0,53,11,2
11/30/2016,174,13,0,16,9,13,8,0,73,19,0
11/30/2017,193,19,1,20,15,13,7,0,75,15,0
11/4/2015,148,13,0,11,5,9,10,0,54,14,1
11/4/2016,174,17,0,16,18,11,12,0,56,13,2
11/4/2017,153,27,0,14,8,12,5,0,45,17,2
11/5/2015,179,16,1,16,17,16,3,0,57,17,3
11/5/2016,183,24,0,24,11,16,3,0,67,11,3
11/5/2017,167,24,1,24,8,11,5,0,50,15,1
11/6/2015,169,23,0,20,10,7,9,0,57,16,0
11/6/2016,141,17,0,17,6,10,6,0,49,17,3
11/6/2017,133,10,2,10,8,12,3,1,46,20,1
11/7/2015,175,29,4,15,11,10,8,0,55,14,0
11/7/2016,179,19,1,12,18,6,10,0,67,17,1
11/7/2017,169,22,1,24,11,15,7,2,54,9,1
11/8/2015,124,11,2,20,7,6,3,1,40,14,1
11/8/2016,166,20,0,12,15,13,2,0,62,17,3
11/8/2017,147,20,0,14,14,6,6,0,45,18,4
11/9/2015,156,14,0,19,19,13,3,0,46,12,2
11/9/2016,174,23,2,21,17,10,4,0,60,10,5
11/9/2017,168,11,1,17,15,17,9,0,59,24,1
12/1/2015,185,14,1,15,23,9,3,0,65,15,3
12/1/2016,198,21,1,22,28,10,4,0,62,16,2
12/1/2017,225,18,0,19,21,13,5,0,68,20,7
12/10/2015,150,13,1,20,9,13,7,0,54,18,0
12/10/2016,167,23,0,16,7,11,7,0,61,17,0
12/10/2017,164,20,0,16,13,6,2,0,59,19,2
12/11/2015,157,16,1,15,8,9,3,0,56,21,0
12/11/2016,143,20,0,13,13,12,4,0,48,15,1
12/11/2017,158,23,0,23,12,12,4,0,54,12,1
12/12/2015,178,20,1,19,9,7,3,0,67,15,2
12/12/2016,183,15,1,19,21,10,5,0,68,21,1
12/12/2017,174,19,1,11,18,23,6,0,51,19,0
12/13/2015,149,18,0,14,9,8,1,0,59,22,0
12/13/2016,163,8,3,8,12,15,4,0,67,23,1
12/13/2017,184,17,0,20,15,5,5,0,64,17,3
12/14/2015,174,19,0,20,16,13,6,0,65,13,2
12/14/2016,150,7,0,14,11,12,3,0,55,23,2
12/14/2017,189,29,2,17,16,12,8,0,60,14,2
12/15/2015,159,8,0,16,15,11,7,1,58,10,3
12/15/2016,122,7,2,4,16,7,2,0,49,14,2
12/15/2017,211,21,0,23,18,20,5,0,68,19,1
12/16/2015,156,15,0,13,15,6,6,0,59,15,1
12/16/2016,145,9,0,17,11,8,2,0,57,13,5
12/16/2017,173,18,0,12,11,12,6,0,57,19,4
12/17/2015,140,16,0,14,11,6,6,0,52,14,0
12/17/2016,145,11,0,16,18,5,4,0,53,16,3
12/17/2017,175,32,0,21,9,12,4,0,52,16,2
12/18/2015,187,18,0,21,20,12,6,0,64,14,3
12/18/2016,156,9,0,17,11,12,3,0,53,25,0
12/18/2017,199,18,1,21,9,7,8,0,74,23,4
12/19/2015,161,19,0,23,14,6,3,1,60,9,5
12/19/2016,165,11,0,12,15,10,4,0,55,17,1
12/19/2017,153,9,0,14,10,13,8,0,62,18,0
12/2/2015,165,12,0,14,20,9,1,0,66,16,1
12/2/2016,180,11,6,16,12,14,4,0,67,16,1
12/2/2017,177,25,0,21,10,6,4,1,68,15,1
12/20/2015,129,9,2,26,9,9,1,0,53,12,0
12/20/2016,185,19,0,19,11,13,1,0,63,20,2
12/20/2017,172,13,1,21,11,14,6,0,69,17,1
12/21/2015,162,22,0,13,10,16,2,0,66,13,1
12/21/2016,165,18,0,17,14,10,2,0,62,16,2
12/21/2017,162,15,1,20,10,7,7,0,61,24,0
12/22/2015,152,14,0,16,15,7,5,0,52,11,2
12/22/2016,193,16,1,16,18,19,5,0,57,25,1
12/22/2017,177,20,2,11,9,12,3,0,68,12,1
12/23/2015,148,13,0,17,12,9,3,0,62,13,1
12/23/2016,204,21,1,20,10,13,4,0,72,25,2
12/23/2017,169,13,0,19,9,11,1,0,69,18,0
12/24/2015,152,17,1,12,10,10,3,0,59,12,1
12/24/2016,168,23,0,18,4,14,1,0,63,17,1
12/24/2017,133,11,0,21,7,11,1,0,44,24,0
12/25/2015,107,16,0,14,2,10,4,0,34,14,3
12/25/2016,121,10,0,19,6,17,1,0,35,14,3
12/25/2017,109,10,0,20,5,5,0,0,41,14,1
12/26/2015,136,19,1,17,5,8,4,0,55,10,1
12/26/2016,158,14,0,11,15,16,3,0,51,22,3
12/26/2017,126,18,1,14,7,8,1,0,50,8,1
12/27/2015,145,16,0,19,12,11,8,0,43,14,1
12/27/2016,167,15,0,20,16,13,4,0,47,18,1
12/27/2017,141,13,1,13,17,8,5,0,49,13,0
12/28/2015,134,15,0,15,11,4,2,0,55,15,0
12/28/2016,144,16,0,11,13,12,3,0,56,10,1
12/28/2017,165,16,0,19,15,17,2,1,56,13,4
12/29/2015,136,7,0,13,12,10,6,0,59,14,1
12/29/2016,192,16,0,17,15,15,5,0,68,22,0
12/29/2017,183,21,0,30,25,7,2,0,48,18,2
12/3/2015,163,18,0,12,12,5,5,0,64,14,3
12/3/2016,173,14,0,19,7,17,4,0,62,17,1
12/3/2017,151,23,0,11,8,6,3,0,53,18,0
12/30/2015,165,17,2,13,12,13,10,0,59,17,1
12/30/2016,175,14,0,18,14,14,7,0,69,16,0
12/30/2017,144,14,0,24,8,10,6,0,53,13,0
12/31/2015,144,10,0,15,17,12,5,0,51,11,2
12/31/2016,148,20,2,17,10,15,3,0,46,14,2
12/31/2017,145,16,0,18,7,15,5,0,40,24,2
12/4/2015,209,20,1,24,16,11,13,0,70,16,1
12/4/2016,175,30,2,20,7,11,5,0,56,19,3
12/4/2017,181,27,1,26,17,15,4,0,53,19,0
12/5/2015,166,17,2,24,8,12,4,0,53,15,2
12/5/2016,165,8,0,12,11,12,2,0,72,9,1
12/5/2017,188,15,0,25,16,9,3,0,68,21,2
12/6/2015,160,15,0,18,14,8,4,0,50,24,1
12/6/2016,140,8,0,11,14,6,1,0,61,10,1
12/6/2017,172,20,0,19,16,6,8,0,66,10,0
12/7/2015,140,14,0,14,12,7,1,0,59,13,1
12/7/2016,193,11,2,20,13,13,8,0,65,17,2
12/7/2017,209,17,0,20,18,11,4,0,81,22,3
12/8/2015,162,16,0,17,10,17,3,0,61,15,1
12/8/2016,122,13,0,10,11,13,2,0,40,15,1
12/8/2017,169,11,1,14,15,5,1,0,63,19,0
12/9/2015,146,17,1,12,16,9,8,0,42,13,2
12/9/2016,137,32,0,14,10,11,2,0,43,12,1
12/9/2017,172,22,1,21,12,10,0,0,55,22,1
2/1/2015,18,1,0,1,3,0,0,0,5,0,4
2/1/2016,170,16,1,15,20,8,8,0,55,18,2
2/1/2017,187,19,0,17,12,11,9,0,67,19,1
2/1/2018,179,10,2,21,17,5,9,0,64,17,4
2/10/2016,156,17,0,22,12,9,3,0,67,7,2
2/10/2017,186,26,0,16,9,18,2,0,63,25,1
2/10/2018,166,13,1,22,12,12,9,1,57,17,5
2/11/2015,2,0,0,0,1,0,0,0,1,0,0
2/11/2016,159,19,2,16,14,5,4,0,60,13,4
2/11/2017,154,18,0,24,9,8,4,0,44,21,2
2/11/2018,142,18,2,18,8,15,8,0,41,8,0
2/12/2016,126,16,0,13,14,8,4,0,47,6,0
2/12/2017,144,17,1,22,5,10,3,0,55,16,1
2/12/2018,152,16,0,16,12,15,4,0,63,12,0
2/13/2015,2,0,0,1,0,0,0,0,0,0,1
2/13/2016,133,14,0,13,9,5,6,0,56,10,1
2/13/2017,144,10,1,10,4,10,2,0,65,16,1
2/13/2018,155,18,1,11,18,8,6,0,57,15,1
2/14/2015,2,0,0,0,1,0,0,0,0,0,1
2/14/2016,138,15,0,20,12,7,1,0,58,11,0
2/14/2017,168,14,0,17,14,10,2,0,60,18,2
2/14/2018,164,23,1,11,12,13,3,0,58,17,0
2/15/2015,7,1,0,0,3,0,0,0,1,0,0
2/15/2016,159,24,2,18,9,11,4,0,56,10,2
2/15/2017,176,17,1,21,18,7,1,0,55,24,1
2/15/2018,177,26,0,22,17,10,6,0,62,12,4
2/16/2015,1,0,0,0,1,0,0,0,0,0,0
2/16/2016,134,11,0,14,12,5,4,0,56,12,0
2/16/2017,144,11,1,11,11,6,2,0,58,14,1
2/16/2018,175,11,0,22,13,12,6,0,70,17,2
2/17/2016,144,14,0,23,14,6,5,0,54,11,0
2/17/2017,179,13,0,14,18,13,4,0,56,23,0
2/17/2018,151,19,0,24,8,9,3,0,52,15,1
2/18/2015,2,1,0,0,0,0,0,0,1,0,0
2/18/2016,141,9,0,15,8,10,7,0,56,9,1
2/18/2017,184,22,0,17,6,19,3,0,64,19,2
2/18/2018,144,17,0,25,8,10,2,0,43,18,2
2/19/2015,1,0,0,0,0,0,0,0,1,0,0
2/19/2016,167,19,0,11,15,13,7,0,63,14,0
2/19/2017,151,11,1,25,3,10,3,0,60,16,1
2/19/2018,128,11,2,14,7,14,1,0,46,15,4
2/2/2015,4,0,0,0,2,1,0,0,1,0,0
2/2/2016,139,17,0,13,14,6,5,0,49,7,3
2/2/2017,176,19,1,16,15,10,6,0,59,19,1
2/2/2018,176,20,2,19,14,9,3,0,62,19,1
2/20/2015,5,0,0,0,1,0,0,0,2,0,0
2/20/2016,152,26,1,21,6,6,2,0,52,6,4
2/20/2017,159,15,0,17,8,12,6,0,64,17,0
2/20/2018,163,19,0,26,6,9,9,0,58,14,1
2/21/2015,2,0,0,0,1,0,0,0,1,0,0
2/21/2016,171,29,2,22,10,7,7,0,54,12,1
2/21/2017,169,16,0,15,10,7,11,0,64,20,0
2/21/2018,131,8,0,16,14,8,6,0,50,14,0
2/22/2015,5,0,0,0,2,0,0,0,2,0,0
2/22/2016,144,10,0,18,17,4,2,0,60,7,1
2/22/2017,171,17,2,24,10,4,14,0,57,26,1
2/22/2018,156,13,0,22,13,10,4,0,59,21,0
2/23/2015,1,0,0,0,0,0,0,0,1,0,0
2/23/2016,143,25,0,14,15,6,4,0,52,10,2
2/23/2017,187,19,0,23,12,10,9,0,76,21,1
2/23/2018,167,13,1,20,16,7,1,0,63,18,1
2/24/2015,2,0,0,0,1,1,0,0,0,0,0
2/24/2016,135,13,0,14,17,7,4,0,53,6,1
2/24/2017,152,17,1,10,8,10,12,0,58,15,2
2/24/2018,166,19,0,18,11,11,3,0,64,18,2
2/25/2015,3,0,0,0,2,0,0,0,0,1,0
2/25/2016,151,23,0,13,17,10,2,1,54,12,3
2/25/2017,154,16,1,22,7,7,3,0,59,15,2
2/25/2018,149,22,0,19,8,11,4,0,48,17,2
2/26/2015,8,0,0,0,5,1,0,0,0,0,0
2/26/2016,208,26,1,19,22,11,8,0,76,14,1
2/26/2017,123,10,1,12,4,6,3,0,52,20,4
2/26/2018,128,11,1,18,7,12,7,0,45,15,0
2/27/2015,2,1,0,0,1,0,0,0,0,0,0
2/27/2016,160,25,0,21,11,4,3,0,62,11,0
2/27/2017,137,18,0,13,10,9,4,1,49,19,1
2/27/2018,171,23,0,20,16,12,8,0,55,15,0
2/28/2015,2,0,0,0,0,0,0,0,1,1,0
2/28/2016,163,26,2,16,6,5,6,1,56,20,1
2/28/2017,219,25,3,28,15,10,10,0,66,15,3
2/28/2018,167,12,1,28,16,9,7,0,50,25,2
2/29/2016,166,19,0,18,19,13,3,0,57,9,0
2/3/2015,1,0,0,0,0,0,0,0,1,0,0
2/3/2016,142,11,1,11,12,5,6,0,63,6,4
2/3/2017,170,18,1,13,9,13,6,0,61,20,1
2/3/2018,168,19,1,22,11,12,8,0,65,8,1
2/4/2015,1,0,0,0,0,0,0,0,1,0,0
2/4/2016,140,16,0,11,12,12,7,0,49,11,2
2/4/2017,146,12,0,15,10,8,2,0,53,21,0
2/4/2018,154,14,0,25,11,7,6,0,59,10,1
2/5/2015,3,0,0,0,2,0,0,0,1,0,0
2/5/2016,171,23,1,14,8,7,6,0,59,14,2
2/5/2017,125,9,1,23,5,8,4,0,44,18,1
2/5/2018,176,20,2,29,18,17,5,0,58,9,2
2/6/2015,3,0,0,0,2,0,0,0,0,0,1
2/6/2016,157,11,0,17,11,3,4,0,67,17,0
2/6/2017,157,8,0,16,19,9,10,0,59,17,1
2/6/2018,173,32,0,21,9,13,5,0,57,14,1
2/7/2015,1,0,0,1,0,0,0,0,0,0,0
2/7/2016,143,16,1,18,9,10,3,0,48,11,1
2/7/2017,149,12,0,16,10,21,2,0,47,18,2
2/7/2018,150,19,0,16,15,10,5,0,53,9,0
2/8/2015,1,0,0,0,0,0,0,0,0,0,1
2/8/2016,159,22,0,18,7,12,3,0,61,19,0
2/8/2017,151,16,0,20,10,14,5,0,50,15,0
2/8/2018,158,26,1,9,14,10,2,0,63,13,1
2/9/2016,148,12,0,14,10,6,6,0,60,10,0
2/9/2017,155,14,1,22,9,15,3,0,47,18,1
2/9/2018,182,20,2,11,18,10,5,0,66,20,3
3/1/2015,24,3,0,3,4,1,0,0,3,2,2
3/1/2016,164,24,0,15,21,8,3,0,49,12,2
3/1/2017,190,17,2,19,18,4,6,0,70,12,2
3/1/2018,180,23,1,24,18,12,10,0,55,12,4
3/10/2015,5,0,0,0,3,0,0,0,0,1,0
3/10/2016,135,14,0,10,11,13,6,0,54,9,1
3/10/2017,160,15,1,23,7,12,5,0,56,17,2
3/10/2018,159,19,2,21,12,5,1,0,57,17,0
3/11/2015,2,0,0,0,1,0,0,0,1,0,0
3/11/2016,173,24,0,15,15,13,3,0,66,12,2
3/11/2017,174,19,0,31,9,6,6,0,61,20,3
3/11/2018,114,13,0,17,7,5,6,0,43,7,1
3/12/2015,7,0,0,0,3,1,0,0,0,0,0
3/12/2016,160,15,0,22,15,7,6,0,52,15,1
3/12/2017,145,15,1,21,5,9,6,0,54,20,1
3/12/2018,155,18,0,20,15,11,2,0,47,12,4
3/13/2015,1,0,0,0,1,0,0,0,0,0,0
3/13/2016,115,17,1,13,9,7,0,0,45,8,1
3/13/2017,175,18,1,19,11,12,6,0,63,15,1
3/13/2018,177,24,3,23,13,17,9,0,49,19,0
3/14/2015,1,0,0,0,0,0,0,0,1,0,0
3/14/2016,145,20,1,11,19,9,7,0,51,12,0
3/14/2017,168,26,0,13,11,14,6,0,54,11,1
3/14/2018,143,21,0,11,10,15,3,0,55,11,2
3/15/2015,5,0,0,0,2,0,0,0,2,0,1
3/15/2016,122,4,0,12,13,7,4,0,52,9,1
3/15/2017,198,26,0,20,17,19,3,0,57,17,3
3/15/2018,189,24,0,18,18,9,7,0,65,16,0
3/16/2015,2,0,0,0,2,0,0,0,0,0,0
3/16/2016,132,12,0,17,12,8,5,0,44,12,1
3/16/2017,179,12,1,16,13,11,8,0,76,17,1
3/16/2018,169,16,1,18,14,11,6,0,62,20,1
3/17/2015,3,0,0,0,1,0,0,0,2,0,0
3/17/2016,147,23,0,21,16,6,8,0,51,7,0
3/17/2017,170,17,2,23,8,9,8,0,63,18,2
3/17/2018,160,22,0,15,10,11,4,0,50,28,0
3/18/2015,4,2,0,0,2,0,0,0,0,0,0
3/18/2016,164,14,0,19,15,7,8,0,69,10,0
3/18/2017,159,27,0,21,8,9,6,0,49,16,4
3/18/2018,144,15,1,18,9,8,4,0,56,18,4
3/19/2015,7,0,0,1,2,0,0,0,2,0,0
3/19/2016,149,23,0,22,11,14,5,0,46,9,1
3/19/2017,123,13,0,12,4,6,3,0,55,15,1
3/19/2018,143,18,0,24,12,10,4,0,44,16,0
3/2/2015,4,0,0,0,2,0,0,0,1,0,0
3/2/2016,143,13,1,10,15,8,6,0,54,8,2
3/2/2017,171,25,2,16,10,10,8,0,64,16,1
3/2/2018,188,19,0,26,15,10,5,0,64,19,2
3/20/2015,4,1,0,0,1,0,0,0,2,0,0
3/20/2016,124,9,0,17,9,8,7,0,46,13,1
3/20/2017,156,13,0,20,14,15,2,0,56,11,1
3/20/2018,154,13,2,18,14,2,3,0,58,19,2
3/21/2015,5,0,0,0,1,0,0,0,4,0,0
3/21/2016,135,13,0,11,12,7,5,0,51,13,2
3/21/2017,194,18,0,17,18,9,3,0,66,18,1
3/21/2018,172,18,0,13,17,8,2,0,61,20,0
3/22/2016,141,13,0,9,16,12,3,0,58,11,0
3/22/2017,165,19,0,17,12,7,5,0,58,21,1
3/22/2018,162,16,0,12,8,14,8,0,59,19,2
3/23/2015,1,0,0,0,0,1,0,0,0,0,0
3/23/2016,173,20,0,23,9,10,5,0,60,16,0
3/23/2017,192,15,0,16,20,14,8,0,68,17,4
3/23/2018,182,14,4,18,15,9,5,0,67,19,1
3/24/2015,1,0,0,0,0,0,0,0,1,0,0
3/24/2016,138,10,0,22,9,10,8,0,54,11,0
3/24/2017,168,18,0,14,11,18,3,0,61,18,5
3/24/2018,147,19,0,13,11,11,4,0,53,17,3
3/25/2015,1,0,0,0,0,0,0,0,0,0,1
3/25/2016,149,17,0,12,13,4,5,0,57,8,0
3/25/2017,175,22,0,26,9,8,3,0,56,14,3
3/25/2018,146,20,0,16,7,12,3,0,55,13,3
3/26/2015,4,0,0,0,1,0,0,0,1,0,1
3/26/2016,166,15,0,29,11,9,3,0,55,9,2
3/26/2017,145,20,0,22,8,5,5,0,47,18,0
3/26/2018,177,15,2,23,21,11,1,0,59,12,0
3/27/2015,4,0,0,0,2,0,0,0,1,0,1
3/27/2016,125,11,0,23,5,11,5,0,46,7,1
3/27/2017,178,16,0,19,15,12,5,1,77,18,1
3/27/2018,162,19,1,17,11,9,8,0,61,21,2
3/28/2015,5,1,0,0,4,0,0,0,0,0,0
3/28/2016,150,14,3,20,19,5,4,0,62,7,1
3/28/2017,154,8,0,14,7,14,4,0,55,16,2
3/28/2018,169,17,1,21,17,9,4,0,52,19,2
3/29/2015,2,1,0,0,0,0,0,0,1,0,0
3/29/2016,151,17,0,26,11,8,5,0,50,7,3
3/29/2017,163,16,1,15,15,11,6,0,57,19,2
3/29/2018,142,18,1,15,12,6,5,0,57,9,1
3/3/2015,4,0,0,0,3,0,0,0,1,0,0
3/3/2016,146,16,0,13,14,5,9,0,55,11,2
3/3/2017,191,20,0,19,10,16,5,0,61,17,2
3/3/2018,154,21,2,19,10,8,6,0,59,12,2
3/30/2016,156,23,1,19,21,14,5,0,44,7,1
3/30/2017,159,19,0,17,12,15,3,0,54,14,1
3/30/2018,158,24,0,17,15,10,8,0,53,13,1
3/31/2015,4,0,0,0,2,0,0,0,2,0,0
3/31/2016,134,19,0,17,13,8,6,0,54,2,1
3/31/2017,163,22,0,19,8,10,10,0,62,11,0
3/31/2018,161,24,1,27,4,6,4,0,56,18,1
3/4/2015,4,0,0,0,2,0,0,0,0,0,1
3/4/2016,166,24,0,21,17,8,6,0,57,11,1
3/4/2017,155,18,1,18,8,7,6,0,59,16,0
3/4/2018,136,12,0,17,9,9,5,0,49,17,2
3/5/2015,3,0,0,0,1,0,0,0,0,1,1
3/5/2016,151,18,0,29,10,9,2,0,49,15,3
3/5/2017,149,13,3,15,5,11,7,0,60,21,0
3/5/2018,160,22,2,21,15,6,7,0,54,18,2
3/6/2015,5,0,0,0,1,1,0,0,1,1,0
3/6/2016,137,13,1,19,15,9,4,0,45,10,0
3/6/2017,154,19,0,23,16,5,4,0,55,22,1
3/6/2018,145,14,1,20,16,7,4,0,45,12,1
3/7/2016,144,20,0,21,18,7,6,0,41,11,1
3/7/2017,163,24,0,21,12,7,8,0,63,14,1
3/7/2018,147,17,0,26,7,8,7,0,52,15,1
3/8/2015,1,0,0,0,1,0,0,0,0,0,0
3/8/2016,149,23,0,17,14,8,3,0,56,10,2
3/8/2017,145,19,2,17,12,6,3,0,51,18,0
3/8/2018,154,18,0,24,11,11,2,0,52,12,1
3/9/2015,2,0,0,1,1,0,0,0,0,0,0
3/9/2016,140,10,0,16,17,6,8,0,52,11,0
3/9/2017,150,14,1,16,14,8,1,0,54,18,0
3/9/2018,165,25,0,21,7,10,4,0,59,16,0
4/1/2015,31,1,0,1,10,1,0,0,7,1,3
4/1/2016,196,16,1,21,23,11,12,0,50,11,4
4/1/2017,191,18,0,22,19,9,6,0,65,18,1
4/1/2018,157,14,1,20,21,18,2,0,41,14,1
4/10/2015,9,1,0,0,3,0,0,0,4,1,0
4/10/2016,126,22,0,18,11,9,8,0,47,1,1
4/10/2017,153,20,5,16,9,9,4,0,44,21,0
4/10/2018,168,26,0,12,17,7,4,0,59,16,0
4/11/2015,4,0,0,1,1,0,0,0,2,0,0
4/11/2016,155,14,1,15,15,11,2,0,58,13,2
4/11/2017,174,19,0,17,14,8,5,1,56,17,0
4/11/2018,148,20,0,27,12,4,4,0,46,15,2
4/12/2015,5,1,0,1,0,0,0,0,2,0,0
4/12/2016,159,18,0,16,13,10,9,0,59,12,1
4/12/2017,177,15,1,15,12,12,4,0,67,17,3
4/12/2018,187,27,1,13,17,10,5,0,69,16,1
4/13/2015,9,2,0,1,2,1,0,0,1,0,0
4/13/2016,178,26,0,12,18,9,5,0,64,13,0
4/13/2017,144,15,1,17,10,12,6,0,45,20,2
4/13/2018,182,18,0,17,14,12,12,0,64,16,0
4/14/2015,8,0,0,1,4,0,0,0,2,0,0
4/14/2016,157,29,0,18,10,14,2,0,54,12,2
4/14/2017,167,12,1,12,16,16,10,0,61,17,1
4/14/2018,193,21,0,22,13,11,4,0,61,22,1
4/15/2015,29,0,0,0,9,0,0,0,7,3,1
4/15/2016,164,11,0,17,19,8,9,0,53,7,1
4/15/2017,141,13,1,15,13,9,3,1,55,12,3
4/15/2018,148,15,0,24,10,7,3,0,63,10,0
4/16/2015,6,0,0,0,3,0,0,0,3,0,0
4/16/2016,149,12,1,14,15,11,7,0,58,8,2
4/16/2017,141,17,0,18,4,12,4,0,51,17,1
4/16/2018,160,12,2,19,16,10,5,0,59,16,2
4/17/2015,9,0,0,1,1,0,0,0,6,0,0
4/17/2016,150,16,0,27,7,12,6,0,52,12,2
4/17/2017,170,23,1,22,17,13,5,0,54,14,2
4/17/2018,176,19,0,16,11,8,7,0,76,16,1
4/18/2015,4,0,0,1,2,0,0,0,0,1,0
4/18/2016,156,17,1,17,19,12,3,0,53,5,1
4/18/2017,155,23,0,13,10,8,2,0,65,9,0
4/18/2018,182,14,0,26,19,8,4,0,75,13,2
4/19/2015,7,1,0,0,1,0,0,0,4,0,1
4/19/2016,130,16,0,21,6,12,4,0,47,10,1
4/19/2017,173,16,2,12,11,17,7,0,55,12,2
4/19/2018,199,29,0,19,22,15,7,0,69,16,1
4/2/2015,2,0,0,0,1,0,0,0,1,0,0
4/2/2016,189,14,0,19,30,4,10,0,62,4,5
4/2/2017,142,20,0,21,7,9,4,0,47,15,1
4/2/2018,155,19,2,15,16,11,5,0,54,10,2
4/20/2015,19,1,0,2,7,0,0,0,4,0,0
4/20/2016,126,13,0,17,6,8,4,0,60,7,0
4/20/2017,174,18,1,23,21,5,7,0,58,15,1
4/20/2018,161,10,1,24,14,6,7,0,56,16,0
4/21/2015,8,0,0,0,4,1,0,0,2,0,0
4/21/2016,133,10,1,17,9,8,6,0,48,10,3
4/21/2017,156,29,2,14,11,12,4,1,50,9,0
4/21/2018,172,19,1,22,9,14,0,0,57,19,3
4/22/2015,9,0,0,3,1,1,0,0,3,1,0
4/22/2016,166,15,0,25,19,11,7,0,56,5,1
4/22/2017,185,20,0,29,10,11,4,0,62,13,5
4/22/2018,137,11,2,23,6,7,2,0,54,16,1
4/23/2015,8,0,0,2,2,1,0,0,2,1,0
4/23/2016,144,14,3,18,11,6,6,0,52,11,2
4/23/2017,163,18,0,16,5,12,3,0,62,17,3
4/23/2018,184,18,1,17,17,13,8,0,56,24,1
4/24/2015,16,1,0,0,4,1,0,0,4,2,3
4/24/2016,143,17,2,21,12,6,4,0,61,7,4
4/24/2017,161,14,0,12,11,8,6,0,69,14,0
4/24/2018,142,16,0,22,14,9,2,0,46,18,0
4/25/2015,7,1,0,2,0,0,0,0,3,0,0
4/25/2016,130,11,0,19,11,9,4,0,46,10,1
4/25/2017,178,22,2,21,17,14,5,0,59,13,0
4/25/2018,199,27,0,34,21,10,4,0,61,18,0
4/26/2015,11,1,0,1,2,1,0,0,4,0,1
4/26/2016,154,12,2,22,13,7,7,0,60,8,0
4/26/2017,183,15,1,11,17,12,4,0,64,18,2
4/26/2018,180,19,1,26,19,13,8,0,50,19,2
4/27/2015,30,2,0,0,4,1,0,0,13,1,2
4/27/2016,128,17,0,8,12,7,4,0,45,9,2
4/27/2017,149,18,0,14,10,9,4,0,61,11,0
4/27/2018,178,28,0,21,15,10,6,0,59,11,2
4/28/2015,26,3,0,1,4,2,0,0,15,0,0
4/28/2016,170,16,2,27,14,3,9,0,69,5,1
4/28/2017,209,34,3,22,22,8,5,0,70,10,2
4/28/2018,147,19,1,14,14,15,6,0,48,15,2
4/29/2015,29,3,0,1,3,3,0,0,14,3,0
4/29/2016,155,9,0,19,19,16,9,0,54,9,1
4/29/2017,169,24,1,20,9,15,3,0,45,21,4
4/29/2018,135,18,0,23,19,7,4,0,34,18,0
4/3/2015,7,2,0,0,2,0,0,0,1,1,0
4/3/2016,162,19,0,20,16,5,6,0,57,11,3
4/3/2017,168,24,0,15,22,9,11,0,48,13,2
4/3/2018,186,21,0,19,16,7,5,0,71,17,1
4/30/2015,65,9,0,1,7,5,0,0,23,5,0
4/30/2016,148,12,0,21,11,14,7,0,47,10,2
4/30/2017,175,21,1,34,8,4,6,0,57,11,4
4/30/2018,189,27,0,11,21,16,8,0,60,18,0
4/4/2015,7,0,0,0,3,0,0,0,2,0,0
4/4/2016,166,15,1,29,23,11,3,0,48,10,0
4/4/2017,160,15,0,22,16,6,10,0,44,23,3
4/4/2018,157,19,1,14,13,10,5,0,60,13,2
4/5/2015,4,0,0,0,1,0,0,0,2,0,0
4/5/2016,136,20,0,13,12,4,2,0,57,5,0
4/5/2017,185,26,2,28,11,6,9,0,63,16,0
4/5/2018,171,19,0,19,16,10,4,0,65,14,2
4/6/2015,11,1,0,0,6,0,0,0,1,0,0
4/6/2016,148,14,0,21,12,9,8,0,56,8,1
4/6/2017,142,13,0,14,13,12,6,0,50,16,1
4/6/2018,170,26,2,19,17,12,7,0,51,10,1
4/7/2015,10,0,0,0,3,0,0,0,5,0,0
4/7/2016,145,15,2,19,10,10,7,0,56,9,0
4/7/2017,169,11,2,22,16,8,8,0,58,12,4
4/7/2018,161,19,0,21,16,6,4,0,51,20,1
4/8/2015,2,0,0,1,1,0,0,0,0,0,0
4/8/2016,160,19,0,20,15,10,3,0,61,12,1
4/8/2017,143,19,0,17,6,12,3,0,51,15,3
4/8/2018,120,13,1,20,13,7,0,0,51,7,1
4/9/2015,2,0,0,0,0,0,0,0,2,0,0
4/9/2016,141,17,0,19,3,10,2,0,54,9,2
4/9/2017,134,9,1,22,9,13,5,0,43,15,5
4/9/2018,181,23,2,13,22,17,6,0,52,21,3
5/1/2015,193,26,0,21,23,13,4,0,52,7,3
5/1/2016,176,17,0,30,19,9,2,0,48,11,3
5/1/2017,214,25,3,26,18,9,2,0,70,16,1
5/1/2018,201,25,0,13,18,12,10,0,72,16,3
5/10/2015,143,24,0,16,8,10,3,0,44,10,1
5/10/2016,136,17,1,24,7,8,5,0,48,13,0
5/10/2017,168,22,1,16,14,8,6,0,57,16,1
5/10/2018,153,15,0,17,11,7,8,1,58,13,1
5/11/2015,148,9,1,22,14,6,6,0,56,12,1
5/11/2016,135,19,2,15,9,6,8,0,52,6,1
5/11/2017,162,13,0,13,4,17,5,0,66,21,2
5/11/2018,161,20,3,26,8,15,6,0,49,12,3
5/12/2015,161,15,0,19,20,7,6,0,52,13,2
5/12/2016,121,10,1,18,6,5,5,0,52,6,1
5/12/2017,159,9,0,25,6,12,1,0,69,12,2
5/12/2018,151,9,0,25,11,20,4,0,53,13,3
5/13/2015,139,10,0,9,14,9,11,0,56,14,0
5/13/2016,151,14,0,21,13,8,11,0,54,9,2
5/13/2017,156,16,0,22,4,13,4,0,55,18,3
5/13/2018,123,12,2,23,9,7,2,0,40,18,0
5/14/2015,147,22,0,18,10,12,10,1,45,10,1
5/14/2016,128,19,0,11,9,13,3,0,42,14,2
5/14/2017,137,16,4,14,5,11,3,0,54,13,1
5/14/2018,135,14,2,16,9,14,1,0,40,18,0
5/15/2015,188,18,0,16,23,13,11,0,61,12,0
5/15/2016,149,21,2,23,11,7,3,0,46,14,3
5/15/2017,179,10,2,25,13,13,5,0,61,16,3
5/15/2018,166,24,1,24,19,7,5,0,48,22,2
5/16/2015,167,19,0,21,9,13,4,0,61,9,5
5/16/2016,136,8,1,22,16,8,4,0,47,12,1
5/16/2017,167,14,2,21,6,8,7,0,50,25,3
5/16/2018,170,47,3,18,7,13,5,0,40,13,4
5/17/2015,159,18,1,16,10,5,5,0,60,13,1
5/17/2016,140,11,0,23,12,6,2,0,59,13,0
5/17/2017,159,15,0,19,9,10,6,0,64,19,3
5/17/2018,154,29,0,11,13,6,6,0,54,13,2
5/18/2015,156,19,0,24,14,13,7,0,44,10,2
5/18/2016,160,17,0,14,16,6,9,0,53,18,0
5/18/2017,159,13,2,21,6,12,4,0,58,18,4
5/18/2018,168,29,2,22,11,20,4,0,42,19,1
5/19/2015,149,26,0,13,15,12,3,0,48,9,1
5/19/2016,148,12,1,20,11,12,5,0,50,15,2
5/19/2017,174,17,1,19,9,7,8,0,68,17,3
5/19/2018,182,32,2,20,10,16,5,0,55,19,0
5/2/2015,176,24,1,20,19,9,4,0,52,9,0
5/2/2016,152,25,0,19,13,9,1,0,57,9,1
5/2/2017,149,19,0,19,11,4,4,0,56,17,3
5/2/2018,171,21,0,21,11,14,0,0,67,16,1
5/20/2015,195,30,0,29,14,11,9,0,57,15,3
5/20/2016,139,13,0,14,13,7,7,1,50,12,3
5/20/2017,165,21,2,17,12,5,5,0,58,18,0
5/20/2018,125,16,1,16,5,12,3,0,49,10,0
5/21/2015,187,23,0,26,15,13,9,0,58,10,2
5/21/2016,160,17,2,21,10,5,5,0,59,15,1
5/21/2017,191,20,0,19,6,20,7,0,62,25,4
5/21/2018,154,19,0,16,8,12,9,1,53,15,1
5/22/2015,161,22,0,16,15,8,5,0,60,10,1
5/22/2016,159,11,1,22,11,8,3,0,58,17,2
5/22/2017,175,20,0,18,9,8,8,0,66,20,1
5/22/2018,163,29,0,25,18,14,3,0,43,11,1
5/23/2015,130,22,0,15,9,5,7,0,43,5,2
5/23/2016,162,10,0,25,18,9,5,0,64,12,2
5/23/2017,178,19,1,22,10,16,6,0,63,18,4
5/23/2018,179,27,2,25,11,10,9,0,65,13,2
5/24/2015,139,16,0,21,7,7,6,0,45,10,3
5/24/2016,141,14,0,21,15,8,6,0,41,14,3
5/24/2017,146,12,1,22,8,7,2,0,54,15,1
5/24/2018,169,17,1,28,11,9,3,0,67,15,0
5/25/2015,140,26,0,17,6,11,2,0,50,12,0
5/25/2016,177,22,2,18,16,7,7,0,66,13,6
5/25/2017,185,17,1,20,13,14,5,0,59,16,2
5/25/2018,173,16,2,26,14,7,2,0,62,10,5
5/26/2015,186,29,2,22,18,13,12,0,53,11,1
5/26/2016,165,14,3,19,11,10,5,0,64,10,1
5/26/2017,202,21,2,22,15,21,2,1,63,20,1
5/26/2018,147,16,1,19,10,11,3,0,55,12,0
5/27/2015,148,22,1,17,8,5,11,0,51,6,2
5/27/2016,182,20,2,19,20,11,11,0,60,9,1
5/27/2017,155,17,1,23,11,10,5,0,44,18,0
5/27/2018,166,11,1,37,9,20,1,0,50,19,3
5/28/2015,145,18,0,17,12,9,5,0,48,11,2
5/28/2016,137,12,0,21,15,8,6,0,46,12,1
5/28/2017,179,22,1,21,8,13,5,0,61,15,4
5/28/2018,156,20,0,19,15,15,4,0,52,13,2
5/29/2015,154,22,1,18,16,10,9,0,45,12,2
5/29/2016,123,14,0,14,14,11,3,0,43,5,2
5/29/2017,180,26,3,25,11,10,2,0,61,16,0
5/29/2018,169,24,0,27,14,14,4,0,53,14,2
5/3/2015,130,11,0,21,13,14,5,0,39,9,3
5/3/2016,128,24,0,16,8,9,5,0,46,7,0
5/3/2017,163,18,1,14,15,17,1,0,58,8,1
5/3/2018,175,28,1,25,13,10,9,0,48,21,1
5/30/2015,163,24,1,22,10,10,5,0,54,7,2
5/30/2016,147,13,0,22,10,10,7,0,56,11,1
5/30/2017,166,22,0,21,10,8,3,0,58,17,2
5/30/2018,146,23,1,16,14,11,4,0,46,13,1
5/31/2015,130,20,1,23,8,6,3,0,42,9,3
5/31/2016,146,23,0,13,11,10,2,0,60,12,1
5/31/2017,185,25,0,23,15,14,5,0,64,12,2
5/31/2018,178,16,0,23,13,9,8,0,58,23,4
5/4/2015,143,15,0,21,18,8,5,0,53,5,0
5/4/2016,129,13,0,15,15,6,7,0,50,7,2
5/4/2017,185,26,4,23,12,11,3,0,67,13,1
5/4/2018,184,14,0,21,21,16,10,0,61,17,2
5/5/2015,150,20,0,15,25,11,6,0,49,5,1
5/5/2016,155,32,0,19,14,10,8,0,53,4,1
5/5/2017,193,23,0,25,12,7,2,0,66,24,3
5/5/2018,163,17,0,27,9,5,4,0,49,20,3
5/6/2015,166,18,1,24,16,11,9,0,48,12,0
5/6/2016,150,23,0,21,16,10,7,0,44,10,2
5/6/2017,155,20,0,19,6,11,4,0,55,21,3
5/6/2018,143,10,0,28,12,9,6,0,52,10,0
5/7/2015,140,16,0,16,11,6,3,0,47,14,1
5/7/2016,153,15,0,29,11,13,5,0,52,8,2
5/7/2017,164,20,0,27,12,9,6,0,53,15,0
5/7/2018,156,13,2,19,11,11,4,0,54,18,0
5/8/2015,150,24,1,15,15,11,4,0,48,12,2
5/8/2016,121,10,0,18,7,11,4,0,47,8,2
5/8/2017,176,20,1,18,12,12,6,1,63,18,1
5/8/2018,160,12,1,28,18,12,9,0,44,19,3
5/9/2015,125,15,0,15,6,8,6,0,48,11,3
5/9/2016,130,11,1,10,13,12,8,0,57,5,3
5/9/2017,161,13,0,23,11,10,7,0,58,16,4
5/9/2018,162,22,3,24,13,13,5,0,61,9,2
6/1/2015,173,13,1,15,21,11,2,0,53,10,8
6/1/2016,176,17,0,17,26,6,10,0,50,11,3
6/1/2017,195,20,0,27,11,14,6,0,71,9,6
6/1/2018,208,21,3,25,18,17,8,0,61,20,1
6/10/2015,174,15,0,31,18,8,5,0,52,8,4
6/10/2016,174,13,0,24,18,12,10,0,56,6,1
6/10/2017,173,24,2,22,5,17,5,0,60,18,1
6/10/2018,153,14,0,15,12,12,4,0,50,13,4
6/11/2015,124,13,1,24,3,2,2,0,52,13,0
6/11/2016,152,18,0,14,12,8,0,0,53,14,3
6/11/2017,165,16,1,32,8,13,6,0,54,16,0
6/11/2018,167,17,0,17,15,11,4,0,59,9,6
6/12/2015,161,15,1,17,14,7,7,0,51,14,1
6/12/2016,135,23,0,17,8,8,5,1,44,11,3
6/12/2017,163,22,2,19,12,14,6,0,57,12,3
6/12/2018,162,13,0,15,15,16,2,0,59,15,3
6/13/2015,154,27,0,23,9,4,5,0,54,9,1
6/13/2016,154,13,0,16,20,11,5,0,60,8,1
6/13/2017,182,21,1,19,10,13,2,0,71,16,2
6/13/2018,169,13,2,24,9,6,9,0,71,18,3
6/14/2015,146,20,0,22,7,5,4,0,59,8,1
6/14/2016,142,17,1,11,13,8,4,0,61,6,0
6/14/2017,163,11,1,25,11,13,5,0,62,15,2
6/14/2018,182,23,0,19,22,8,10,0,63,15,3
6/15/2015,158,17,1,16,13,8,4,0,57,10,1
6/15/2016,164,25,2,17,11,10,10,1,52,14,2
6/15/2017,175,22,1,20,11,15,4,0,62,17,0
6/15/2018,181,22,1,20,8,13,12,0,60,14,0
6/16/2015,135,10,0,14,17,9,6,0,43,13,2
6/16/2016,160,16,0,19,18,6,3,0,64,9,1
6/16/2017,164,17,1,18,11,13,10,0,50,18,3
6/16/2018,159,15,2,29,6,13,0,1,61,14,0
6/17/2015,156,15,1,16,10,11,5,0,58,13,0
6/17/2016,157,20,0,20,15,12,8,0,54,10,2
6/17/2017,198,17,4,25,10,24,4,0,50,16,3
6/17/2018,156,21,0,21,6,11,3,0,58,19,1
6/18/2015,141,19,0,24,9,15,2,0,40,9,1
6/18/2016,147,22,1,19,7,7,3,0,51,9,1
6/18/2017,152,17,1,22,6,16,4,0,53,16,0
6/18/2018,172,20,1,19,8,9,3,0,78,15,1
6/19/2015,138,13,1,22,11,11,4,0,46,11,1
6/19/2016,168,20,0,28,7,13,6,1,56,14,0
6/19/2017,148,17,0,22,7,17,6,0,44,19,1
6/19/2018,147,19,1,9,10,12,4,0,54,14,1
6/2/2015,145,21,1,14,11,10,7,0,53,13,2
6/2/2016,135,16,1,22,15,7,9,0,44,2,2
6/2/2017,172,13,0,21,11,8,5,0,64,12,0
6/2/2018,167,27,1,22,5,9,4,1,60,18,1
6/20/2015,135,18,0,14,9,6,1,0,57,5,0
6/20/2016,142,17,0,23,15,11,1,0,44,5,0
6/20/2017,150,15,0,20,11,12,2,0,54,18,1
6/20/2018,168,17,0,27,16,13,9,0,45,18,1
6/21/2015,162,24,0,28,7,11,3,0,54,9,3
6/21/2016,152,28,0,15,13,14,5,0,45,10,1
6/21/2017,191,28,0,24,9,13,6,0,72,14,1
6/21/2018,171,13,0,25,9,19,3,0,64,15,2
6/22/2015,140,9,0,20,17,12,3,0,50,10,1
6/22/2016,165,21,0,21,19,9,6,0,60,11,0
6/22/2017,140,13,0,14,4,22,3,0,52,13,0
6/22/2018,158,23,0,23,9,12,2,0,59,10,3
6/23/2015,164,22,1,28,15,9,3,0,56,11,0
6/23/2016,161,21,1,16,9,9,3,0,62,13,2
6/23/2017,176,23,0,26,8,10,4,0,63,20,0
6/23/2018,157,17,0,16,7,21,3,0,50,14,3
6/24/2015,150,22,1,22,10,7,2,0,50,11,0
6/24/2016,142,15,2,15,10,7,3,0,57,10,2
6/24/2017,164,27,2,23,2,17,2,0,57,16,2
6/24/2018,164,20,0,18,9,13,4,0,48,18,2
6/25/2015,183,27,0,21,13,14,6,0,70,4,2
6/25/2016,158,20,0,12,17,10,3,0,53,13,3
6/25/2017,166,30,1,28,8,7,4,0,51,17,4
6/25/2018,153,17,1,19,11,11,6,0,53,19,1
6/26/2015,155,18,0,13,10,12,9,0,55,9,1
6/26/2016,139,32,0,26,7,9,3,0,44,4,0
6/26/2017,145,17,0,16,12,6,3,0,51,12,5
6/26/2018,174,20,0,29,14,12,4,1,64,15,2
6/27/2015,140,19,0,23,6,7,2,1,53,8,2
6/27/2016,157,17,1,27,12,8,2,0,56,15,0
6/27/2017,149,21,0,19,6,11,3,0,50,14,1
6/27/2018,166,18,2,18,19,12,4,0,49,18,1
6/28/2015,142,24,1,26,9,10,4,0,45,2,1
6/28/2016,174,24,0,20,13,18,1,0,64,11,1
6/28/2017,151,23,4,13,9,14,2,0,51,13,1
6/28/2018,190,22,1,23,16,7,9,0,67,20,1
6/29/2015,152,17,1,18,18,9,6,1,51,10,3
6/29/2016,173,28,2,26,14,12,7,0,55,9,1
6/29/2017,159,22,2,16,17,13,6,0,50,16,0
6/29/2018,168,18,0,28,12,12,5,0,55,16,3
6/3/2015,147,13,0,13,13,8,9,0,58,8,0
6/3/2016,184,20,0,24,13,14,12,0,67,10,3
6/3/2017,181,27,0,23,8,8,3,0,61,19,2
6/3/2018,200,28,0,30,8,23,6,0,64,19,1
6/30/2015,133,17,0,13,12,9,11,0,50,5,4
6/30/2016,174,14,1,26,15,8,7,0,62,9,1
6/30/2017,176,13,1,20,6,11,4,0,66,21,3
6/30/2018,169,25,0,28,5,12,3,0,54,17,6
6/4/2015,152,22,0,14,11,14,4,1,59,7,0
6/4/2016,136,17,0,23,14,9,2,0,43,8,1
6/4/2017,141,16,0,23,4,12,4,0,56,14,0
6/4/2018,166,15,0,26,15,14,4,0,59,13,1
6/5/2015,170,16,0,24,21,9,7,0,61,7,1
6/5/2016,132,15,0,29,7,5,4,0,52,8,1
6/5/2017,175,21,1,25,13,13,2,0,65,13,2
6/5/2018,191,20,2,29,13,14,13,0,60,18,1
6/6/2015,143,16,0,20,15,7,6,0,52,10,3
6/6/2016,129,9,1,18,13,11,3,0,51,8,5
6/6/2017,210,30,0,23,22,20,10,0,56,16,0
6/6/2018,181,32,0,27,11,8,11,0,47,17,1
6/7/2015,151,22,0,22,18,8,5,0,47,11,4
6/7/2016,121,15,2,24,9,7,4,0,33,10,0
6/7/2017,153,21,0,21,7,6,12,0,56,14,2
6/7/2018,160,20,1,20,20,7,11,0,54,11,1
6/8/2015,144,20,1,18,9,11,10,0,48,8,3
6/8/2016,140,12,1,17,16,9,4,0,52,8,1
6/8/2017,166,23,0,18,10,9,10,0,59,17,0
6/8/2018,181,22,0,30,18,12,3,0,53,19,3
6/9/2015,144,26,0,20,15,8,9,0,43,5,3
6/9/2016,133,12,1,16,7,11,8,0,48,3,3
6/9/2017,171,20,1,17,15,12,5,1,54,17,2
6/9/2018,143,13,0,22,9,9,1,0,50,21,3
7/1/2015,164,15,0,28,19,10,6,1,44,13,2
7/1/2016,224,26,1,25,23,9,11,0,67,9,5
7/1/2017,168,18,1,22,11,8,3,0,53,14,3
7/1/2018,183,32,1,25,9,14,2,1,64,13,4
7/10/2015,170,23,0,17,18,13,9,0,58,7,0
7/10/2016,134,18,1,23,12,8,5,0,41,6,1
7/10/2017,162,27,7,19,6,12,5,0,56,15,3
7/10/2018,152,16,2,17,12,8,11,0,60,9,2
7/11/2015,155,23,1,14,12,10,9,0,52,8,2
7/11/2016,158,20,1,12,20,10,4,0,59,7,3
7/11/2017,166,20,5,15,16,8,10,0,61,12,0
7/11/2018,191,20,2,21,14,16,6,0,59,21,1
7/12/2015,112,15,2,14,7,7,2,2,43,6,1
7/12/2016,127,14,0,8,9,9,6,0,52,13,2
7/12/2017,181,21,1,20,12,16,1,0,61,12,0
7/12/2018,168,14,0,26,12,8,5,0,66,12,0
7/13/2015,126,22,0,21,8,5,2,0,46,6,0
7/13/2016,143,9,1,26,8,11,4,0,58,10,1
7/13/2017,151,17,1,19,8,12,7,0,56,12,0
7/13/2018,129,15,1,17,11,8,5,0,48,10,1
7/14/2015,142,21,2,19,8,8,7,0,48,8,0
7/14/2016,130,15,1,12,12,11,5,0,49,8,2
7/14/2017,159,18,1,17,9,12,8,0,53,18,2
7/14/2018,160,15,0,26,13,14,4,0,50,15,2
7/15/2015,155,18,1,15,12,12,5,0,58,10,0
7/15/2016,158,12,1,21,15,8,7,0,55,11,0
7/15/2017,145,18,4,14,4,9,2,0,49,19,3
7/15/2018,149,17,1,30,3,12,5,0,52,13,4
7/16/2015,159,15,3,21,12,9,8,0,50,8,3
7/16/2016,151,23,1,17,15,13,4,0,48,9,1
7/16/2017,143,22,1,22,5,10,5,0,47,16,0
7/16/2018,131,17,0,22,7,9,3,0,47,16,1
7/17/2015,179,20,0,24,14,8,7,0,58,13,4
7/17/2016,116,19,3,10,12,7,3,0,43,9,0
7/17/2017,152,23,3,12,6,11,6,0,59,14,2
7/17/2018,162,12,0,23,13,8,5,0,71,18,2
7/18/2015,151,18,0,19,14,13,5,0,47,10,1
7/18/2016,118,18,2,6,15,10,2,0,48,6,1
7/18/2017,138,20,3,20,3,12,8,0,43,9,2
7/18/2018,177,17,1,24,13,10,4,1,67,16,0
7/19/2015,124,20,1,11,7,11,6,0,37,7,4
7/19/2016,135,14,0,14,11,10,6,0,50,9,1
7/19/2017,155,21,3,27,13,8,5,0,48,16,1
7/19/2018,169,15,1,21,14,17,8,0,60,15,1
7/2/2015,165,27,1,24,7,11,8,0,60,8,2
7/2/2016,151,11,0,18,18,5,6,1,58,10,1
7/2/2017,144,19,2,18,13,7,4,0,53,13,0
7/2/2018,153,11,1,18,16,14,7,0,55,13,1
7/20/2015,147,24,1,10,21,9,7,0,45,10,0
7/20/2016,149,11,1,16,12,10,3,0,61,15,2
7/20/2017,152,24,2,16,10,11,3,0,58,14,2
7/20/2018,177,25,0,24,10,16,1,0,63,18,1
7/21/2015,161,24,1,16,14,7,4,0,56,14,1
7/21/2016,145,14,1,18,9,8,6,0,55,17,0
7/21/2017,201,23,9,29,11,14,7,0,56,14,1
7/21/2018,183,24,0,17,10,14,3,0,68,21,3
7/22/2015,162,23,0,17,4,14,12,0,57,7,0
7/22/2016,127,17,0,14,9,13,7,0,47,5,1
7/22/2017,169,24,5,16,7,13,3,0,59,15,1
7/22/2018,157,18,0,22,8,13,4,0,64,14,2
7/23/2015,164,19,0,15,11,12,9,0,65,9,1
7/23/2016,146,15,1,30,12,7,3,0,49,13,1
7/23/2017,158,16,2,22,13,12,4,1,52,19,3
7/23/2018,161,14,2,11,18,14,3,0,61,18,1
7/24/2015,187,24,1,11,13,11,8,0,68,7,2
7/24/2016,139,22,0,25,10,11,6,0,49,5,0
7/24/2017,160,21,2,17,15,15,4,0,52,11,4
7/24/2018,186,15,1,23,10,14,1,0,74,17,0
7/25/2015,145,14,0,24,15,10,7,0,42,10,3
7/25/2016,150,19,3,21,14,8,2,0,54,8,0
7/25/2017,176,28,4,17,10,19,5,0,54,16,0
7/25/2018,155,12,0,24,15,10,6,0,49,17,3
7/26/2015,164,21,0,16,12,10,7,0,55,8,1
7/26/2016,152,17,0,26,12,7,3,0,58,13,2
7/26/2017,179,26,1,19,20,11,7,0,51,19,0
7/26/2018,147,14,0,24,7,13,7,0,53,15,2
7/27/2015,145,19,1,12,16,7,2,0,50,10,1
7/27/2016,131,18,0,12,15,10,3,0,41,7,2
7/27/2017,160,24,1,20,9,6,5,0,58,20,0
7/27/2018,160,16,0,23,8,8,10,0,54,10,4
7/28/2015,157,17,1,17,18,7,6,0,57,7,1
7/28/2016,148,9,5,15,14,6,3,0,59,15,2
7/28/2017,166,19,1,22,8,9,4,0,54,20,2
7/28/2018,192,15,0,30,20,16,8,0,64,16,1
7/29/2015,173,27,0,11,22,12,4,0,60,9,2
7/29/2016,145,24,0,20,9,12,5,0,40,12,0
7/29/2017,168,23,0,15,15,10,1,0,56,22,2
7/29/2018,155,21,1,29,3,12,3,0,59,14,3
7/3/2015,170,19,2,20,12,17,8,0,60,12,3
7/3/2016,159,21,0,17,26,7,6,0,46,9,1
7/3/2017,196,16,3,25,18,17,4,0,62,22,3
7/3/2018,148,14,1,20,13,12,5,0,49,16,0
7/30/2015,161,22,0,16,16,11,4,0,58,7,1
7/30/2016,164,19,3,21,16,10,4,0,48,12,2
7/30/2017,168,29,4,19,5,10,4,0,62,15,1
7/30/2018,167,20,2,32,12,10,1,0,62,12,1
7/31/2015,171,16,0,20,14,8,7,0,63,11,0
7/31/2016,148,14,4,15,4,12,4,0,63,11,2
7/31/2017,175,22,1,20,12,13,2,0,51,19,2
7/31/2018,172,16,2,36,6,14,2,0,66,14,1
7/4/2015,153,25,6,25,8,10,5,0,38,5,2
7/4/2016,159,10,1,26,8,9,4,0,59,17,0
7/4/2017,153,26,1,21,3,20,2,0,45,13,1
7/4/2018,148,19,0,20,7,9,4,0,55,14,4
7/5/2015,125,21,1,14,6,15,3,0,40,9,0
7/5/2016,171,19,1,23,18,12,6,0,58,11,2
7/5/2017,181,20,0,21,15,14,5,0,59,21,1
7/5/2018,151,17,2,23,10,11,5,0,51,16,0
7/6/2015,155,25,1,12,10,9,4,0,50,12,4
7/6/2016,150,18,0,23,11,15,9,0,51,9,2
7/6/2017,145,20,2,14,6,10,5,0,49,13,0
7/6/2018,167,18,0,19,14,10,7,0,60,11,3
7/7/2015,162,20,0,18,17,12,5,1,51,14,3
7/7/2016,148,15,0,17,16,11,5,0,44,12,4
7/7/2017,173,20,1,21,11,16,4,0,63,14,2
7/7/2018,164,18,1,20,12,13,2,0,64,13,2
7/8/2015,130,17,1,18,10,9,7,0,44,6,0
7/8/2016,177,19,1,21,21,16,2,0,53,12,1
7/8/2017,156,27,0,26,6,7,5,0,51,17,3
7/8/2018,144,16,0,15,6,10,6,0,60,15,0
7/9/2015,134,15,0,16,12,12,9,1,34,10,1
7/9/2016,118,18,0,10,8,3,3,0,50,10,0
7/9/2017,144,21,0,19,8,15,3,0,52,11,3
7/9/2018,155,20,0,21,15,8,3,0,54,13,2
8/1/2015,157,19,0,23,11,11,7,0,44,11,4
8/1/2016,176,15,0,16,21,16,2,0,59,10,4
8/1/2017,184,21,0,21,13,14,6,0,65,14,5
8/1/2018,224,32,4,30,18,7,7,0,74,12,2
8/10/2015,137,14,0,25,16,7,5,0,47,9,1
8/10/2016,137,25,0,14,13,14,4,0,41,15,1
8/10/2017,184,15,0,23,20,10,5,0,69,11,0
8/10/2018,171,19,4,28,14,15,6,0,48,15,0
8/11/2015,116,15,1,11,8,8,5,0,45,5,2
8/11/2016,144,30,1,18,11,3,6,0,39,11,1
8/11/2017,163,20,3,21,11,12,6,0,56,9,2
8/11/2018,169,23,0,25,6,11,3,0,56,21,1
8/12/2015,150,15,1,21,11,7,4,0,66,9,4
8/12/2016,146,25,0,21,11,8,3,0,51,9,2
8/12/2017,173,18,3,15,9,12,9,0,53,20,2
8/12/2018,150,18,0,32,8,13,2,0,46,15,0
8/13/2015,129,15,0,15,11,8,8,0,48,5,2
8/13/2016,139,17,1,21,8,7,5,0,49,12,3
8/13/2017,121,14,0,22,4,6,2,0,42,14,2
8/13/2018,148,11,0,20,17,18,4,0,47,19,1
8/14/2015,154,16,0,22,15,10,5,0,55,7,2
8/14/2016,151,18,0,24,9,10,3,0,54,13,2
8/14/2017,160,19,0,16,17,13,3,0,55,18,2
8/14/2018,160,14,1,20,8,10,10,0,66,17,0
8/15/2015,135,11,0,20,16,7,6,0,45,9,2
8/15/2016,154,14,2,15,14,8,3,1,56,14,1
8/15/2017,180,18,2,11,12,16,11,0,71,16,2
8/15/2018,144,15,0,19,7,9,4,0,52,25,3
8/16/2015,113,17,0,16,6,9,5,0,39,7,0
8/16/2016,157,16,1,25,15,14,3,0,51,11,0
8/16/2017,168,19,0,13,9,11,4,0,55,23,3
8/16/2018,140,16,2,17,5,12,8,0,54,12,1
8/17/2015,147,21,0,16,17,8,6,0,59,5,2
8/17/2016,136,18,1,18,8,8,10,0,50,13,1
8/17/2017,156,13,0,20,15,11,5,0,58,13,2
8/17/2018,162,19,0,17,8,23,1,0,48,20,0
8/18/2015,163,21,1,23,14,8,3,0,59,7,1
8/18/2016,147,20,0,17,17,11,3,0,45,15,0
8/18/2017,182,18,0,30,9,14,3,0,69,15,0
8/18/2018,149,18,0,25,6,9,5,0,53,10,1
8/19/2015,114,17,1,19,6,7,9,0,38,8,2
8/19/2016,158,18,0,19,12,5,10,0,59,14,1
8/19/2017,161,13,0,26,8,11,3,0,60,16,2
8/19/2018,145,11,1,13,5,8,3,0,62,15,2
8/2/2015,141,18,0,26,4,8,3,0,57,11,1
8/2/2016,156,17,2,17,15,9,5,0,58,11,0
8/2/2017,153,21,5,19,11,7,3,0,55,14,2
8/2/2018,156,15,3,24,9,9,4,0,57,16,3
8/20/2015,158,24,2,23,13,13,2,0,44,6,2
8/20/2016,160,24,0,28,4,14,4,0,56,7,2
8/20/2017,150,18,0,24,11,14,0,0,52,16,1
8/20/2018,175,17,2,27,15,12,4,1,56,18,2
8/21/2015,158,20,0,22,13,8,6,0,47,10,1
8/21/2016,160,28,2,20,10,11,4,0,43,16,4
8/21/2017,173,17,0,32,10,6,2,1,56,22,0
8/21/2018,152,15,0,25,11,11,3,0,59,14,0
8/22/2015,145,22,0,19,11,9,2,0,52,8,4
8/22/2016,176,28,2,24,17,12,3,0,58,12,1
8/22/2017,166,21,0,17,16,8,4,0,59,17,3
8/22/2018,131,12,1,22,10,8,5,0,49,10,2
8/23/2015,144,14,2,36,5,9,2,0,54,3,0
8/23/2016,147,10,3,26,14,10,2,0,54,12,1
8/23/2017,177,22,0,20,15,9,2,0,63,13,4
8/23/2018,162,15,3,24,8,14,7,0,63,13,2
8/24/2015,137,14,1,21,12,10,5,0,50,6,2
8/24/2016,173,14,2,25,14,8,6,0,56,13,1
8/24/2017,177,21,0,29,12,9,7,0,58,21,1
8/24/2018,168,17,1,21,10,16,4,0,65,14,0
8/25/2015,153,15,0,12,12,11,4,0,59,11,2
8/25/2016,132,18,0,19,11,15,1,0,42,8,1
8/25/2017,191,23,1,21,14,14,6,0,65,28,1
8/25/2018,162,18,0,25,10,12,5,0,54,16,3
8/26/2015,159,24,0,17,13,10,12,0,62,4,2
8/26/2016,178,20,4,27,10,16,5,0,58,13,1
8/26/2017,179,23,0,27,9,13,0,0,53,19,3
8/26/2018,158,19,1,14,15,13,1,0,56,17,0
8/27/2015,152,20,0,21,11,5,5,0,57,10,1
8/27/2016,168,22,0,20,11,15,3,0,60,9,2
8/27/2017,158,27,3,22,8,9,5,0,51,17,3
8/27/2018,129,12,2,12,7,11,2,0,47,15,4
8/28/2015,177,25,0,20,14,10,10,0,62,13,2
8/28/2016,172,27,1,26,14,12,4,0,55,12,2
8/28/2017,167,19,0,17,16,12,5,0,65,19,1
8/28/2018,183,20,0,28,9,15,6,0,65,15,1
8/29/2015,136,23,1,21,9,10,3,0,41,11,2
8/29/2016,155,19,1,20,9,6,7,0,57,11,3
8/29/2017,183,18,1,18,14,9,9,0,65,20,1
8/29/2018,178,18,1,20,11,14,2,0,64,18,4
8/3/2015,149,15,1,22,10,13,6,0,51,11,5
8/3/2016,156,14,0,16,9,9,6,0,63,11,1
8/3/2017,153,18,2,25,7,12,4,0,53,13,1
8/3/2018,153,15,1,20,8,13,4,0,60,14,0
8/30/2015,131,12,0,20,11,16,4,0,43,8,2
8/30/2016,156,30,0,9,14,13,11,0,43,8,1
8/30/2017,156,24,0,12,17,13,2,0,48,17,0
8/30/2018,171,19,2,22,9,15,8,0,60,14,1
8/31/2015,141,20,0,17,15,10,2,0,53,6,3
8/31/2016,146,26,0,19,10,8,8,0,48,11,0
8/31/2017,182,21,1,23,13,13,5,0,58,20,3
8/31/2018,166,13,0,24,8,15,5,0,60,19,1
8/4/2015,145,21,0,17,21,3,10,0,44,4,2
8/4/2016,139,17,1,12,6,12,6,1,54,10,1
8/4/2017,186,21,1,30,8,13,3,0,61,16,2
8/4/2018,140,16,2,31,3,10,1,0,45,19,1
8/5/2015,136,29,1,15,15,8,10,0,39,2,2
8/5/2016,136,15,0,18,9,4,6,0,48,10,1
8/5/2017,150,25,1,20,7,12,4,0,50,7,2
8/5/2018,169,23,1,30,7,13,6,0,55,15,1
8/6/2015,150,12,2,15,14,10,11,0,53,11,3
8/6/2016,133,15,0,21,7,8,6,0,46,11,2
8/6/2017,137,20,2,21,8,10,4,0,40,17,1
8/6/2018,173,10,0,17,12,13,9,0,64,23,1
8/7/2015,182,24,0,28,12,11,12,0,64,7,1
8/7/2016,138,12,2,28,7,8,4,1,51,10,1
8/7/2017,185,23,0,29,13,11,6,1,55,15,1
8/7/2018,159,16,1,25,13,10,5,0,52,16,1
8/8/2015,153,19,0,17,10,6,7,0,58,6,2
8/8/2016,173,20,1,9,27,12,3,0,53,16,0
8/8/2017,188,23,0,23,16,11,6,0,69,16,2
8/8/2018,176,17,1,23,13,14,8,0,52,19,3
8/9/2015,140,15,0,22,8,8,4,0,61,7,0
8/9/2016,159,22,1,22,11,12,2,0,58,15,0
8/9/2017,171,13,3,17,13,9,12,0,59,18,0
8/9/2018,166,13,1,26,10,13,9,0,56,18,0
9/1/2015,144,14,0,23,16,8,6,0,45,10,2
9/1/2016,191,16,0,19,23,11,6,0,61,6,8
9/1/2017,222,21,1,25,21,16,7,0,64,18,6
9/1/2018,157,15,0,23,6,11,5,0,65,13,4
9/10/2015,128,11,0,9,14,9,5,0,47,8,0
9/10/2016,171,14,1,23,15,6,8,0,54,13,0
9/10/2017,137,16,0,21,9,12,1,0,53,13,1
9/10/2018,155,16,1,19,7,16,5,0,62,12,2
9/11/2015,155,15,0,32,11,6,5,0,56,8,2
9/11/2016,148,19,2,16,7,11,3,0,49,10,3
9/11/2017,177,15,4,27,19,7,6,0,60,17,1
9/11/2018,165,18,0,15,12,21,8,0,54,14,2
9/12/2015,182,21,1,25,13,10,5,0,61,12,2
9/12/2016,189,16,0,18,15,17,9,0,69,18,3
9/12/2017,159,14,2,25,13,10,5,0,47,18,0
9/12/2018,165,23,0,25,7,11,1,0,58,23,2
9/13/2015,125,11,0,27,5,6,0,0,43,10,2
9/13/2016,141,15,1,11,14,7,2,0,56,16,0
9/13/2017,173,23,1,19,7,10,6,0,56,22,1
9/13/2018,152,9,1,21,11,15,3,0,66,12,1
9/14/2015,141,17,0,12,15,8,5,0,52,11,2
9/14/2016,169,18,0,20,15,13,4,0,63,13,2
9/14/2017,176,25,1,25,4,10,5,0,58,23,2
9/14/2018,173,15,0,30,12,8,5,0,61,19,1
9/15/2015,146,17,0,19,15,7,4,0,50,10,1
9/15/2016,159,16,4,12,14,12,8,0,57,15,2
9/15/2017,152,12,0,16,13,8,6,0,54,16,2
9/15/2018,174,20,0,26,7,15,5,0,51,19,1
9/16/2015,138,18,0,13,14,7,9,0,52,7,1
9/16/2016,204,16,2,26,21,13,7,0,74,14,2
9/16/2017,154,13,1,20,16,11,2,0,45,12,2
9/16/2018,153,18,0,20,9,14,6,0,53,17,3
9/17/2015,146,10,0,10,12,5,7,0,67,11,0
9/17/2016,180,14,2,23,13,15,5,0,67,16,0
9/17/2017,157,15,0,21,7,15,4,1,49,17,2
9/17/2018,154,17,0,22,11,10,4,0,63,12,0
9/18/2015,203,21,0,23,12,13,9,0,69,14,3
9/18/2016,180,18,1,21,11,10,2,0,59,24,1
9/18/2017,153,8,1,11,15,18,2,0,50,21,2
9/18/2018,158,14,2,24,10,15,6,1,53,18,0
9/19/2015,133,14,0,11,13,11,7,0,55,12,0
9/19/2016,181,13,2,21,20,17,2,0,64,11,2
9/19/2017,178,20,1,15,14,13,2,0,54,29,2
9/19/2018,152,13,1,22,9,11,9,0,54,15,0
9/2/2015,148,13,0,13,18,6,5,0,57,8,0
9/2/2016,191,19,2,18,21,18,4,0,64,12,1
9/2/2017,172,17,1,23,11,10,8,0,62,15,3
9/2/2018,177,26,0,33,7,7,4,0,68,16,0
9/20/2015,137,15,3,23,16,11,2,0,42,10,3
9/20/2016,159,14,1,16,21,12,4,0,51,11,3
9/20/2017,167,11,0,22,13,4,8,0,66,19,4
9/20/2018,163,20,0,26,8,11,8,0,61,19,1
9/21/2015,142,14,2,7,13,13,4,0,54,13,0
9/21/2016,154,18,1,12,16,14,6,0,56,13,1
9/21/2017,168,24,1,17,7,8,6,0,69,19,1
9/21/2018,164,19,0,21,7,7,22,0,46,15,1
9/22/2015,137,17,0,18,6,8,4,0,56,7,1
9/22/2016,145,14,0,19,12,7,4,0,48,11,3
9/22/2017,193,19,0,22,23,15,6,0,60,16,0
9/22/2018,172,25,0,31,4,14,4,0,51,19,3
9/23/2015,150,10,1,17,11,12,11,1,60,10,1
9/23/2016,196,21,1,14,20,12,5,1,69,14,1
9/23/2017,145,14,0,17,9,6,2,0,55,13,2
9/23/2018,114,11,1,20,3,8,3,0,48,8,1
9/24/2015,153,17,1,20,12,8,5,0,54,12,1
9/24/2016,173,13,1,22,10,15,8,0,57,16,1
9/24/2017,160,21,1,22,7,6,4,0,63,19,3
9/24/2018,145,13,2,19,14,13,1,0,57,13,2
9/25/2015,161,13,0,13,12,9,4,1,59,15,0
9/25/2016,166,23,2,14,13,11,2,0,56,17,2
9/25/2017,166,12,2,23,17,8,6,0,59,15,2
9/25/2018,161,18,0,21,10,12,3,0,66,10,1
9/26/2015,158,21,2,15,14,7,2,0,58,14,0
9/26/2016,147,27,0,17,7,12,1,0,52,8,2
9/26/2017,157,17,1,16,8,10,3,0,57,21,3
9/26/2018,175,28,1,19,7,19,4,1,61,19,0
9/27/2015,157,15,0,20,6,14,2,0,55,8,1
9/27/2016,157,15,0,15,12,9,8,0,58,11,2
9/27/2017,149,18,1,24,11,6,4,0,52,15,2
9/27/2018,133,11,0,19,14,10,6,0,52,13,1
9/28/2015,156,14,0,16,14,8,6,0,65,11,0
9/28/2016,154,10,1,21,12,10,9,0,58,11,1
9/28/2017,183,23,1,24,15,12,3,0,63,17,3
9/28/2018,159,20,2,28,7,13,16,0,48,13,0
9/29/2015,157,15,3,24,14,9,5,0,51,8,1
9/29/2016,167,20,1,13,14,7,13,0,57,16,1
9/29/2017,189,29,1,20,10,14,3,0,62,17,4
9/29/2018,137,20,0,23,6,10,2,0,48,15,0
9/3/2015,148,15,0,19,15,6,11,0,53,13,2
9/3/2016,168,22,1,21,8,8,5,1,64,9,0
9/3/2017,158,21,0,25,6,12,7,0,52,17,1
9/3/2018,146,23,1,21,4,11,4,0,47,17,0
9/30/2015,172,23,0,13,17,4,6,0,75,9,0
9/30/2016,162,22,1,16,14,11,6,0,52,16,1
9/30/2017,146,10,0,25,11,9,5,0,55,17,1
9/30/2018,81,17,1,24,0,4,0,0,25,7,0
9/4/2015,146,12,0,10,13,13,8,0,53,9,3
9/4/2016,139,18,4,23,7,9,2,0,54,7,0
9/4/2017,169,19,3,26,11,14,6,0,55,17,1
9/4/2018,158,19,2,24,11,12,7,0,54,18,0
9/5/2015,117,15,2,18,8,7,5,0,42,11,0
9/5/2016,142,19,1,15,5,7,2,0,52,12,0
9/5/2017,143,17,2,15,1,15,3,0,60,19,1
9/5/2018,137,14,1,23,8,6,4,1,53,13,2
9/6/2015,126,16,0,13,10,8,7,0,48,5,2
9/6/2016,149,16,1,15,13,6,3,0,52,18,1
9/6/2017,157,15,2,23,14,8,5,0,48,24,0
9/6/2018,166,29,1,31,13,9,7,0,46,11,1
9/7/2015,147,17,0,18,10,7,3,0,55,9,2
9/7/2016,157,14,0,23,6,13,8,0,57,13,0
9/7/2017,178,29,0,18,8,10,9,1,67,20,1
9/7/2018,162,19,1,23,10,10,1,0,65,11,2
9/8/2015,161,26,0,17,15,12,4,0,55,10,0
9/8/2016,155,27,1,20,9,12,4,0,47,10,1
9/8/2017,183,23,1,24,14,14,6,0,62,15,2
9/8/2018,155,17,4,26,5,14,5,0,47,16,1
9/9/2015,145,13,1,19,16,9,6,0,51,7,0
9/9/2016,159,22,1,15,7,14,5,0,51,12,2
9/9/2017,167,19,1,18,11,11,5,0,60,17,0
9/9/2018,145,20,1,23,10,11,6,0,41,14,3
