Day,AGGRAVATED ASSAULT,MISC,MOTOR VEHICLE THEFT,BURGLARY,ARSON,ROBBERY,RAPE,DRUG OFFENSE,MURDER AND NON-NEGLIGENT MANSLAUGHTER
01-01,110.54545454545455,188.45454545454547,84.72727272727273,24.0,1.7272727272727273,23.272727272727273,4.818181818181818,42.81818181818182,1.1818181818181819
01-02,75.72727272727273,211.8181818181818,113.18181818181819,32.81818181818182,2.090909090909091,23.363636363636363,2.090909090909091,43.09090909090909,0.7272727272727273
01-03,74.45454545454545,190.0909090909091,97.45454545454545,28.545454545454547,1.6363636363636365,24.818181818181817,2.090909090909091,41.90909090909091,1.3636363636363635
01-04,76.36363636363636,200.45454545454547,110.45454545454545,29.181818181818183,0.5454545454545454,21.454545454545453,2.5454545454545454,43.81818181818182,0.45454545454545453
01-05,77.36363636363636,210.63636363636363,107.27272727272727,31.545454545454547,1.4545454545454546,25.90909090909091,3.090909090909091,42.36363636363637,0.8181818181818182
01-06,82.9090909090909,207.72727272727272,109.0,28.818181818181817,2.090909090909091,25.181818181818183,2.4545454545454546,45.45454545454545,0.45454545454545453
01-07,83.18181818181819,209.0909090909091,108.36363636363636,26.818181818181817,1.3636363636363635,26.545454545454547,2.090909090909091,46.36363636363637,0.7272727272727273
01-08,76.27272727272727,210.1818181818182,102.27272727272727,31.363636363636363,0.8181818181818182,22.181818181818183,2.6363636363636362,49.63636363636363,0.7272727272727273
01-09,83.63636363636364,203.0909090909091,109.0,31.454545454545453,1.9090909090909092,25.454545454545453,2.0,46.72727272727273,0.6363636363636364
01-10,81.45454545454545,200.27272727272728,105.27272727272727,30.818181818181817,1.4545454545454546,18.727272727272727,2.0,51.09090909090909,1.3636363636363635
01-11,82.63636363636364,205.9090909090909,108.27272727272727,29.181818181818183,1.0,25.272727272727273,2.090909090909091,47.0,0.6363636363636364
01-12,81.0,210.8181818181818,106.9090909090909,29.454545454545453,1.0909090909090908,23.363636363636363,2.1818181818181817,46.72727272727273,0.8181818181818182
01-13,93.63636363636364,213.8181818181818,106.9090909090909,29.0,1.2727272727272727,25.272727272727273,2.727272727272727,49.81818181818182,1.0
01-14,88.18181818181819,220.63636363636363,110.36363636363636,32.18181818181818,0.9090909090909091,24.454545454545453,3.1818181818181817,50.72727272727273,1.1818181818181819
01-15,82.63636363636364,222.0909090909091,103.45454545454545,27.363636363636363,1.5454545454545454,20.90909090909091,2.727272727272727,55.09090909090909,0.36363636363636365
01-16,80.18181818181819,219.1818181818182,105.18181818181819,25.818181818181817,0.9090909090909091,24.90909090909091,2.090909090909091,49.36363636363637,1.0909090909090908
01-17,81.72727272727273,220.1818181818182,101.36363636363636,30.272727272727273,1.5454545454545454,21.454545454545453,3.0,51.09090909090909,0.9090909090909091
01-18,71.45454545454545,203.8181818181818,107.54545454545455,27.272727272727273,1.7272727272727273,19.90909090909091,2.6363636363636362,48.18181818181818,0.7272727272727273
01-19,80.9090909090909,216.27272727272728,109.18181818181819,29.545454545454547,2.0,26.363636363636363,2.3636363636363638,53.27272727272727,2.0
01-20,88.36363636363636,224.0,110.81818181818181,29.454545454545453,1.0,24.181818181818183,2.4545454545454546,47.36363636363637,0.7272727272727273
01-21,73.18181818181819,201.8181818181818,96.9090909090909,30.454545454545453,0.5454545454545454,18.272727272727273,1.3636363636363635,42.63636363636363,0.45454545454545453
01-22,74.63636363636364,191.9090909090909,96.27272727272727,26.545454545454547,0.9090909090909091,22.545454545454547,2.8181818181818183,44.72727272727273,0.6363636363636364
01-23,77.72727272727273,186.1818181818182,98.54545454545455,31.90909090909091,1.3636363636363635,23.90909090909091,1.6363636363636365,43.45454545454545,0.5454545454545454
01-24,81.18181818181819,198.54545454545453,100.9090909090909,29.272727272727273,1.0,23.09090909090909,2.090909090909091,41.45454545454545,1.0
01-25,80.0909090909091,191.63636363636363,103.18181818181819,28.09090909090909,1.4545454545454546,22.545454545454547,2.5454545454545454,43.09090909090909,0.6363636363636364
01-26,77.36363636363636,179.36363636363637,96.54545454545455,26.0,1.6363636363636365,19.181818181818183,3.3636363636363638,46.81818181818182,0.45454545454545453
01-27,77.63636363636364,194.72727272727272,96.27272727272727,26.636363636363637,2.4545454545454546,23.636363636363637,2.6363636363636362,44.27272727272727,0.36363636363636365
01-28,74.18181818181819,211.1818181818182,102.54545454545455,26.454545454545453,1.0,19.90909090909091,3.1818181818181817,42.90909090909091,0.36363636363636365
01-29,78.36363636363636,220.72727272727272,96.0,30.0,1.2727272727272727,21.09090909090909,3.0,45.54545454545455,0.45454545454545453
01-30,81.81818181818181,208.54545454545453,99.72727272727273,24.363636363636363,1.2727272727272727,21.272727272727273,3.272727272727273,49.27272727272727,0.9090909090909091
01-31,75.27272727272727,203.0,104.54545454545455,26.272727272727273,0.9090909090909091,22.363636363636363,2.0,47.36363636363637,0.8181818181818182
02-01,86.54545454545455,214.45454545454547,100.72727272727273,24.818181818181817,1.3636363636363635,20.545454545454547,2.1818181818181817,54.45454545454545,0.18181818181818182
02-02,77.45454545454545,218.54545454545453,98.45454545454545,22.727272727272727,1.1818181818181819,21.0,3.5454545454545454,57.81818181818182,1.6363636363636365
02-03,76.63636363636364,221.1818181818182,97.0,24.818181818181817,0.7272727272727273,22.636363636363637,3.4545454545454546,45.45454545454545,0.6363636363636364
02-04,82.0,215.9090909090909,102.45454545454545,26.454545454545453,1.2727272727272727,18.818181818181817,2.3636363636363638,46.90909090909091,0.6363636363636364
02-05,79.81818181818181,220.45454545454547,93.63636363636364,23.727272727272727,1.7272727272727273,19.727272727272727,3.4545454545454546,55.72727272727273,0.7272727272727273
02-06,80.63636363636364,199.45454545454547,95.18181818181819,25.818181818181817,1.0,16.636363636363637,2.6363636363636362,48.90909090909091,0.36363636363636365
02-07,84.72727272727273,204.72727272727272,94.54545454545455,23.181818181818183,1.4545454545454546,18.454545454545453,2.3636363636363638,49.09090909090909,0.5454545454545454
02-08,86.0,210.27272727272728,99.45454545454545,23.90909090909091,1.0,18.09090909090909,2.909090909090909,49.09090909090909,0.6363636363636364
02-09,86.9090909090909,198.0909090909091,95.36363636363636,25.0,1.5454545454545454,19.0,1.9090909090909092,49.90909090909091,0.8181818181818182
02-10,78.0909090909091,204.0909090909091,93.45454545454545,23.363636363636363,1.0,20.727272727272727,2.1818181818181817,46.81818181818182,0.2727272727272727
02-11,74.27272727272727,206.27272727272728,93.63636363636364,19.90909090909091,1.0909090909090908,19.545454545454547,2.0,47.09090909090909,1.1818181818181819
02-12,76.72727272727273,188.36363636363637,87.0,26.181818181818183,1.3636363636363635,16.181818181818183,2.909090909090909,43.81818181818182,0.5454545454545454
02-13,70.0,172.8181818181818,87.0909090909091,26.454545454545453,0.8181818181818182,17.90909090909091,1.9090909090909092,38.36363636363637,1.3636363636363635
02-14,72.45454545454545,187.72727272727272,80.36363636363636,18.545454545454547,1.6363636363636365,17.90909090909091,1.7272727272727273,42.27272727272727,1.1818181818181819
02-15,77.72727272727273,205.9090909090909,83.27272727272727,22.636363636363637,0.9090909090909091,17.363636363636363,2.5454545454545454,47.36363636363637,0.45454545454545453
02-16,73.36363636363636,200.36363636363637,94.72727272727273,23.454545454545453,1.1818181818181819,16.363636363636363,3.4545454545454546,45.54545454545455,0.2727272727272727
02-17,81.0909090909091,211.45454545454547,92.72727272727273,24.636363636363637,1.4545454545454546,21.0,1.7272727272727273,47.36363636363637,0.7272727272727273
02-18,83.9090909090909,227.0909090909091,96.27272727272727,20.454545454545453,0.7272727272727273,18.0,2.909090909090909,53.09090909090909,0.36363636363636365
02-19,84.81818181818181,219.63636363636363,93.81818181818181,26.09090909090909,1.2727272727272727,20.0,4.363636363636363,55.09090909090909,0.9090909090909091
02-20,80.9090909090909,234.9090909090909,95.9090909090909,23.09090909090909,1.0,18.818181818181817,1.6363636363636365,50.0,1.3636363636363635
02-21,84.81818181818181,220.0,98.27272727272727,22.818181818181817,1.0909090909090908,19.636363636363637,3.4545454545454546,50.0,0.8181818181818182
02-22,88.63636363636364,220.0909090909091,100.45454545454545,21.09090909090909,0.9090909090909091,18.363636363636363,2.272727272727273,49.18181818181818,0.6363636363636364
02-23,85.27272727272727,208.0,98.36363636363636,23.727272727272727,1.2727272727272727,20.454545454545453,2.6363636363636362,50.36363636363637,1.0
02-24,84.54545454545455,225.0909090909091,99.0909090909091,23.818181818181817,1.5454545454545454,18.272727272727273,3.0,49.27272727272727,0.7272727272727273
02-25,84.54545454545455,221.72727272727272,107.63636363636364,27.90909090909091,1.1818181818181819,19.636363636363637,2.8181818181818183,49.36363636363637,0.8181818181818182
02-26,78.36363636363636,221.54545454545453,95.27272727272727,21.454545454545453,1.5454545454545454,16.09090909090909,2.5454545454545454,58.0,0.9090909090909091
02-27,86.63636363636364,217.54545454545453,99.81818181818181,25.09090909090909,1.4545454545454546,18.545454545454547,2.090909090909091,52.81818181818182,0.45454545454545453
02-28,86.36363636363636,227.0,94.54545454545455,25.363636363636363,1.1818181818181819,17.09090909090909,2.090909090909091,50.18181818181818,0.45454545454545453
02-29,27.272727272727273,58.54545454545455,32.09090909090909,6.363636363636363,0.45454545454545453,5.363636363636363,0.7272727272727273,12.090909090909092,0.2727272727272727
03-01,87.63636363636364,227.9090909090909,97.9090909090909,20.90909090909091,1.2727272727272727,20.181818181818183,3.1818181818181817,52.0,1.0
03-02,88.63636363636364,215.0909090909091,93.81818181818181,22.636363636363637,1.2727272727272727,16.363636363636363,1.9090909090909092,49.45454545454545,0.5454545454545454
03-03,86.45454545454545,204.72727272727272,95.0,20.90909090909091,1.0,18.545454545454547,3.0,51.63636363636363,0.8181818181818182
03-04,93.0909090909091,214.45454545454547,99.0909090909091,24.454545454545453,1.1818181818181819,18.636363636363637,2.0,57.45454545454545,0.6363636363636364
03-05,87.45454545454545,226.27272727272728,94.9090909090909,21.90909090909091,1.3636363636363635,21.181818181818183,2.909090909090909,55.72727272727273,1.1818181818181819
03-06,93.63636363636364,207.27272727272728,93.36363636363636,25.454545454545453,1.3636363636363635,19.09090909090909,3.5454545454545454,51.90909090909091,0.45454545454545453
03-07,92.0,227.27272727272728,101.81818181818181,21.181818181818183,1.6363636363636365,17.454545454545453,3.727272727272727,49.72727272727273,0.36363636363636365
03-08,96.63636363636364,241.36363636363637,95.45454545454545,24.181818181818183,1.1818181818181819,19.272727272727273,2.909090909090909,49.27272727272727,1.0909090909090908
03-09,95.45454545454545,232.72727272727272,103.0,24.818181818181817,1.5454545454545454,18.181818181818183,3.090909090909091,49.0,0.7272727272727273
03-10,99.27272727272727,242.36363636363637,101.0909090909091,27.0,1.6363636363636365,20.454545454545453,3.272727272727273,52.81818181818182,0.45454545454545453
03-11,102.81818181818181,249.72727272727272,103.27272727272727,28.09090909090909,1.4545454545454546,20.272727272727273,2.6363636363636362,55.0,1.3636363636363635
03-12,97.0909090909091,241.0909090909091,108.45454545454545,24.636363636363637,1.2727272727272727,20.818181818181817,1.4545454545454546,51.54545454545455,1.3636363636363635
03-13,92.81818181818181,229.45454545454547,98.63636363636364,24.272727272727273,1.7272727272727273,20.09090909090909,3.1818181818181817,52.63636363636363,0.7272727272727273
03-14,98.27272727272727,241.9090909090909,103.81818181818181,24.636363636363637,1.5454545454545454,18.09090909090909,2.4545454545454546,48.54545454545455,0.8181818181818182
03-15,95.9090909090909,250.1818181818182,106.36363636363636,27.09090909090909,1.4545454545454546,16.545454545454547,3.909090909090909,51.63636363636363,0.5454545454545454
03-16,92.9090909090909,233.8181818181818,98.54545454545455,21.818181818181817,2.0,19.181818181818183,2.3636363636363638,46.0,0.5454545454545454
03-17,87.9090909090909,226.9090909090909,98.45454545454545,25.181818181818183,0.8181818181818182,17.454545454545453,3.0,49.81818181818182,1.0
03-18,103.0909090909091,245.8181818181818,107.45454545454545,25.0,1.7272727272727273,18.363636363636363,3.6363636363636362,53.90909090909091,0.8181818181818182
03-19,97.72727272727273,239.1818181818182,106.27272727272727,25.818181818181817,1.1818181818181819,19.09090909090909,4.0,47.45454545454545,0.36363636363636365
03-20,99.0,242.72727272727272,103.54545454545455,27.454545454545453,1.7272727272727273,17.363636363636363,2.6363636363636362,52.18181818181818,0.7272727272727273
03-21,96.81818181818181,252.9090909090909,108.36363636363636,25.818181818181817,1.2727272727272727,19.818181818181817,2.5454545454545454,52.45454545454545,0.7272727272727273
03-22,93.63636363636364,238.27272727272728,108.63636363636364,23.727272727272727,1.5454545454545454,15.909090909090908,2.090909090909091,48.90909090909091,1.1818181818181819
03-23,94.63636363636364,230.0,108.81818181818181,26.09090909090909,1.5454545454545454,19.09090909090909,3.272727272727273,47.45454545454545,0.9090909090909091
03-24,93.27272727272727,245.1818181818182,107.54545454545455,25.636363636363637,1.4545454545454546,21.09090909090909,2.1818181818181817,56.72727272727273,1.0
03-25,92.27272727272727,236.72727272727272,105.9090909090909,24.636363636363637,1.0,21.181818181818183,2.090909090909091,54.90909090909091,0.8181818181818182
03-26,99.0909090909091,234.0909090909091,111.18181818181819,27.181818181818183,1.7272727272727273,20.636363636363637,2.0,54.09090909090909,1.0909090909090908
03-27,94.18181818181819,241.27272727272728,103.0,25.454545454545453,1.5454545454545454,19.272727272727273,3.090909090909091,53.54545454545455,0.9090909090909091
03-28,91.63636363636364,245.63636363636363,110.0,28.09090909090909,1.2727272727272727,20.0,3.272727272727273,48.27272727272727,1.0
03-29,97.45454545454545,232.72727272727272,102.9090909090909,23.181818181818183,1.3636363636363635,18.0,3.0,49.27272727272727,0.6363636363636364
03-30,100.63636363636364,232.54545454545453,110.45454545454545,23.636363636363637,1.0,20.09090909090909,2.4545454545454546,49.09090909090909,1.1818181818181819
03-31,94.81818181818181,239.9090909090909,105.54545454545455,26.727272727272727,1.3636363636363635,19.727272727272727,2.5454545454545454,51.45454545454545,0.7272727272727273
04-01,92.54545454545455,248.63636363636363,107.81818181818181,24.818181818181817,1.5454545454545454,24.90909090909091,3.0,60.18181818181818,0.7272727272727273
04-02,92.9090909090909,263.1818181818182,105.36363636363636,23.181818181818183,1.6363636363636365,19.636363636363637,2.8181818181818183,58.0,0.36363636363636365
04-03,90.63636363636364,256.0,101.81818181818181,24.09090909090909,1.2727272727272727,19.363636363636363,3.4545454545454546,57.09090909090909,0.6363636363636364
04-04,89.36363636363636,270.90909090909093,113.0,24.636363636363637,1.6363636363636365,20.90909090909091,2.8181818181818183,51.72727272727273,0.2727272727272727
04-05,91.0909090909091,267.54545454545456,108.63636363636364,23.272727272727273,1.0,16.636363636363637,1.8181818181818181,52.90909090909091,0.2727272727272727
04-06,95.63636363636364,250.36363636363637,110.63636363636364,23.09090909090909,0.8181818181818182,20.545454545454547,2.8181818181818183,54.36363636363637,1.0
04-07,94.18181818181819,271.3636363636364,112.45454545454545,26.727272727272727,1.4545454545454546,21.818181818181817,2.727272727272727,56.63636363636363,0.9090909090909091
04-08,94.27272727272727,245.54545454545453,104.18181818181819,26.636363636363637,1.5454545454545454,22.272727272727273,2.727272727272727,52.81818181818182,0.45454545454545453
04-09,94.81818181818181,275.1818181818182,110.0,26.454545454545453,1.9090909090909092,20.363636363636363,2.272727272727273,55.63636363636363,1.0
04-10,103.0909090909091,253.45454545454547,109.0,27.90909090909091,1.7272727272727273,20.545454545454547,2.6363636363636362,56.45454545454545,0.6363636363636364
04-11,95.81818181818181,250.36363636363637,108.18181818181819,25.545454545454547,1.2727272727272727,22.09090909090909,3.272727272727273,50.81818181818182,0.8181818181818182
04-12,96.54545454545455,255.0909090909091,106.45454545454545,26.90909090909091,1.1818181818181819,22.0,3.4545454545454546,50.81818181818182,1.0
04-13,106.54545454545455,257.72727272727275,110.81818181818181,27.272727272727273,0.9090909090909091,21.727272727272727,3.272727272727273,53.81818181818182,1.1818181818181819
04-14,95.27272727272727,259.6363636363636,103.27272727272727,26.454545454545453,1.9090909090909092,19.454545454545453,3.3636363636363638,54.63636363636363,0.8181818181818182
04-15,100.81818181818181,250.0,112.45454545454545,25.454545454545453,1.4545454545454546,23.0,2.5454545454545454,52.81818181818182,0.9090909090909091
04-16,100.72727272727273,244.8181818181818,109.45454545454545,24.818181818181817,1.4545454545454546,19.272727272727273,3.727272727272727,51.81818181818182,0.7272727272727273
04-17,102.45454545454545,257.72727272727275,115.27272727272727,24.363636363636363,0.8181818181818182,22.363636363636363,2.6363636363636362,55.18181818181818,0.5454545454545454
04-18,100.36363636363636,272.09090909090907,117.81818181818181,26.09090909090909,1.5454545454545454,20.454545454545453,2.1818181818181817,55.81818181818182,0.45454545454545453
04-19,106.9090909090909,266.90909090909093,121.36363636363636,27.90909090909091,1.4545454545454546,22.272727272727273,2.6363636363636362,51.45454545454545,0.45454545454545453
04-20,99.0909090909091,245.8181818181818,108.63636363636364,24.818181818181817,1.8181818181818181,22.545454545454547,3.6363636363636362,50.72727272727273,1.0
04-21,101.18181818181819,253.0909090909091,112.36363636363636,26.818181818181817,1.7272727272727273,23.727272727272727,4.363636363636363,54.36363636363637,1.2727272727272727
04-22,98.54545454545455,246.72727272727272,114.9090909090909,27.363636363636363,1.2727272727272727,21.454545454545453,2.727272727272727,47.36363636363637,0.45454545454545453
04-23,101.0,240.72727272727272,116.27272727272727,30.181818181818183,1.8181818181818181,22.454545454545453,3.727272727272727,50.0,1.0909090909090908
04-24,104.81818181818181,243.72727272727272,112.54545454545455,29.727272727272727,1.5454545454545454,21.181818181818183,2.3636363636363638,49.18181818181818,0.9090909090909091
04-25,104.0,252.72727272727272,116.81818181818181,26.181818181818183,1.4545454545454546,20.545454545454547,2.5454545454545454,49.27272727272727,0.6363636363636364
04-26,103.36363636363636,253.45454545454547,114.9090909090909,27.90909090909091,1.5454545454545454,21.09090909090909,3.5454545454545454,51.18181818181818,1.0
04-27,106.63636363636364,246.63636363636363,119.18181818181819,26.636363636363637,1.1818181818181819,23.181818181818183,2.1818181818181817,49.90909090909091,1.0
04-28,105.18181818181819,241.72727272727272,112.18181818181819,28.636363636363637,1.7272727272727273,24.0,2.909090909090909,46.45454545454545,1.0909090909090908
04-29,101.45454545454545,256.90909090909093,118.45454545454545,29.09090909090909,1.6363636363636365,22.90909090909091,3.909090909090909,50.18181818181818,0.5454545454545454
04-30,105.0909090909091,239.27272727272728,113.0909090909091,23.545454545454547,0.7272727272727273,20.727272727272727,2.8181818181818183,47.27272727272727,0.7272727272727273
05-01,101.63636363636364,263.90909090909093,111.18181818181819,23.09090909090909,1.5454545454545454,24.181818181818183,2.1818181818181817,51.45454545454545,0.8181818181818182
05-02,104.45454545454545,258.3636363636364,112.54545454545455,27.545454545454547,1.8181818181818181,20.0,2.6363636363636362,52.09090909090909,0.9090909090909091
05-03,97.36363636363636,262.09090909090907,112.81818181818181,28.181818181818183,1.1818181818181819,22.727272727272727,3.1818181818181817,51.63636363636363,0.9090909090909091
05-04,100.45454545454545,250.8181818181818,119.0909090909091,26.636363636363637,1.2727272727272727,23.181818181818183,2.909090909090909,47.63636363636363,0.5454545454545454
05-05,102.0,254.45454545454547,120.72727272727273,28.545454545454547,1.8181818181818181,23.636363636363637,2.5454545454545454,51.45454545454545,1.0
05-06,103.0,242.9090909090909,117.36363636363636,24.181818181818183,2.0,22.818181818181817,3.909090909090909,52.27272727272727,1.3636363636363635
05-07,103.81818181818181,251.9090909090909,125.0909090909091,30.454545454545453,1.3636363636363635,20.545454545454547,2.909090909090909,54.54545454545455,0.7272727272727273
05-08,100.54545454545455,249.36363636363637,115.81818181818181,26.454545454545453,1.7272727272727273,20.454545454545453,3.0,48.63636363636363,0.7272727272727273
05-09,108.0,249.63636363636363,116.81818181818181,27.545454545454547,1.9090909090909092,24.636363636363637,3.272727272727273,46.54545454545455,0.6363636363636364
05-10,99.0909090909091,254.8181818181818,121.36363636363636,24.818181818181817,1.9090909090909092,23.0,3.4545454545454546,47.36363636363637,1.2727272727272727
05-11,106.18181818181819,244.54545454545453,119.45454545454545,35.18181818181818,1.0,23.454545454545453,3.4545454545454546,47.18181818181818,1.0
05-12,104.18181818181819,249.9090909090909,119.9090909090909,26.181818181818183,1.8181818181818181,24.0,3.3636363636363638,43.18181818181818,0.5454545454545454
05-13,107.54545454545455,249.0909090909091,120.9090909090909,24.727272727272727,2.090909090909091,23.454545454545453,4.090909090909091,45.63636363636363,0.8181818181818182
05-14,102.36363636363636,243.9090909090909,122.36363636363636,30.0,1.6363636363636365,22.0,1.9090909090909092,46.09090909090909,1.2727272727272727
05-15,102.27272727272727,245.63636363636363,117.18181818181819,25.0,1.3636363636363635,22.818181818181817,2.8181818181818183,49.72727272727273,0.9090909090909091
05-16,99.81818181818181,249.27272727272728,118.27272727272727,28.272727272727273,1.1818181818181819,22.363636363636363,2.727272727272727,43.0,0.36363636363636365
05-17,101.0909090909091,250.36363636363637,112.63636363636364,27.454545454545453,0.8181818181818182,23.09090909090909,3.090909090909091,50.36363636363637,0.7272727272727273
05-18,104.18181818181819,251.0909090909091,123.54545454545455,27.90909090909091,1.4545454545454546,25.636363636363637,3.090909090909091,48.18181818181818,0.6363636363636364
05-19,99.0909090909091,242.0909090909091,124.72727272727273,31.90909090909091,1.4545454545454546,25.363636363636363,3.6363636363636362,47.09090909090909,1.1818181818181819
05-20,103.63636363636364,239.27272727272728,123.36363636363636,25.90909090909091,0.8181818181818182,19.181818181818183,3.1818181818181817,48.54545454545455,1.1818181818181819
05-21,103.54545454545455,261.54545454545456,122.27272727272727,29.181818181818183,1.4545454545454546,24.90909090909091,3.5454545454545454,46.54545454545455,0.5454545454545454
05-22,110.81818181818181,254.0,127.36363636363636,28.363636363636363,1.2727272727272727,24.636363636363637,3.3636363636363638,49.54545454545455,0.5454545454545454
05-23,105.27272727272727,253.0,128.27272727272728,29.90909090909091,1.4545454545454546,23.727272727272727,3.0,51.36363636363637,0.8181818181818182
05-24,102.63636363636364,258.27272727272725,117.45454545454545,25.727272727272727,1.3636363636363635,22.818181818181817,2.909090909090909,50.0,0.9090909090909091
05-25,108.36363636363636,257.45454545454544,114.63636363636364,24.727272727272727,1.3636363636363635,24.0,3.1818181818181817,46.18181818181818,0.8181818181818182
05-26,102.63636363636364,265.54545454545456,115.27272727272727,31.636363636363637,2.272727272727273,19.545454545454547,3.3636363636363638,49.09090909090909,0.45454545454545453
05-27,102.0909090909091,259.09090909090907,127.0909090909091,29.727272727272727,1.7272727272727273,21.0,2.3636363636363638,51.45454545454545,0.36363636363636365
05-28,102.45454545454545,255.54545454545453,124.36363636363636,43.81818181818182,1.3636363636363635,21.454545454545453,3.1818181818181817,48.45454545454545,1.2727272727272727
05-29,106.9090909090909,239.0909090909091,121.81818181818181,29.09090909090909,1.1818181818181819,21.545454545454547,3.4545454545454546,48.0,0.5454545454545454
05-30,103.54545454545455,252.1818181818182,120.9090909090909,30.0,1.8181818181818181,23.0,2.4545454545454546,50.54545454545455,1.0
05-31,110.63636363636364,257.3636363636364,120.0,27.636363636363637,1.2727272727272727,22.272727272727273,4.0,44.72727272727273,1.6363636363636365
06-01,104.18181818181819,244.45454545454547,117.0,30.181818181818183,1.7272727272727273,25.818181818181817,4.090909090909091,46.09090909090909,1.1818181818181819
06-02,108.0,240.45454545454547,124.0,26.636363636363637,1.9090909090909092,23.0,3.1818181818181817,47.90909090909091,0.45454545454545453
06-03,106.36363636363636,255.72727272727272,126.63636363636364,28.09090909090909,1.5454545454545454,21.363636363636363,3.3636363636363638,51.54545454545455,0.5454545454545454
06-04,104.81818181818181,268.45454545454544,122.63636363636364,27.90909090909091,1.3636363636363635,23.454545454545453,2.3636363636363638,54.0,0.6363636363636364
06-05,111.0909090909091,249.0909090909091,126.81818181818181,27.454545454545453,1.3636363636363635,23.09090909090909,2.727272727272727,50.54545454545455,0.6363636363636364
06-06,105.54545454545455,259.72727272727275,124.36363636363636,29.545454545454547,1.7272727272727273,22.454545454545453,2.3636363636363638,44.45454545454545,1.1818181818181819
06-07,94.9090909090909,264.09090909090907,124.45454545454545,24.90909090909091,1.1818181818181819,22.636363636363637,2.6363636363636362,44.36363636363637,0.6363636363636364
06-08,98.54545454545455,256.6363636363636,123.18181818181819,26.181818181818183,1.5454545454545454,20.636363636363637,3.6363636363636362,42.54545454545455,0.36363636363636365
06-09,100.0,275.1818181818182,125.54545454545455,29.272727272727273,0.7272727272727273,24.272727272727273,3.272727272727273,39.90909090909091,0.9090909090909091
06-10,102.0909090909091,254.72727272727272,124.36363636363636,29.90909090909091,1.1818181818181819,21.181818181818183,2.272727272727273,47.81818181818182,1.1818181818181819
06-11,101.9090909090909,253.0,127.63636363636364,30.727272727272727,1.2727272727272727,22.818181818181817,2.5454545454545454,51.45454545454545,1.3636363636363635
06-12,99.63636363636364,242.72727272727272,125.0,32.90909090909091,1.1818181818181819,21.181818181818183,3.090909090909091,47.27272727272727,0.7272727272727273
06-13,101.27272727272727,261.90909090909093,123.0,28.727272727272727,1.5454545454545454,22.181818181818183,4.181818181818182,48.54545454545455,1.0
06-14,104.45454545454545,279.72727272727275,124.18181818181819,27.0,1.7272727272727273,21.181818181818183,2.909090909090909,52.45454545454545,0.6363636363636364
06-15,105.54545454545455,257.8181818181818,126.0,27.818181818181817,0.9090909090909091,21.545454545454547,2.1818181818181817,48.45454545454545,0.6363636363636364
06-16,97.36363636363636,266.90909090909093,123.36363636363636,29.818181818181817,1.7272727272727273,19.272727272727273,3.6363636363636362,43.45454545454545,0.8181818181818182
06-17,101.54545454545455,263.45454545454544,125.0,28.818181818181817,1.7272727272727273,22.636363636363637,2.727272727272727,51.81818181818182,0.8181818181818182
06-18,96.36363636363636,260.45454545454544,120.63636363636364,30.818181818181817,1.4545454545454546,22.363636363636363,2.8181818181818183,48.45454545454545,0.7272727272727273
06-19,101.54545454545455,273.27272727272725,126.63636363636364,30.09090909090909,0.9090909090909091,22.727272727272727,2.6363636363636362,51.27272727272727,1.0909090909090908
06-20,100.81818181818181,277.90909090909093,130.9090909090909,29.636363636363637,1.3636363636363635,19.90909090909091,3.0,43.45454545454545,0.9090909090909091
06-21,101.36363636363636,285.6363636363636,128.63636363636363,29.181818181818183,1.2727272727272727,20.545454545454547,2.6363636363636362,46.81818181818182,2.0
06-22,102.27272727272727,279.1818181818182,128.45454545454547,30.0,1.1818181818181819,23.09090909090909,3.0,45.36363636363637,1.2727272727272727
06-23,99.54545454545455,282.0,132.63636363636363,31.545454545454547,1.6363636363636365,25.181818181818183,2.6363636363636362,41.36363636363637,1.0
06-24,98.63636363636364,275.8181818181818,133.54545454545453,28.90909090909091,1.4545454545454546,24.363636363636363,3.4545454545454546,45.45454545454545,1.0909090909090908
06-25,95.54545454545455,291.0,130.8181818181818,30.09090909090909,1.3636363636363635,23.09090909090909,3.5454545454545454,42.54545454545455,0.5454545454545454
06-26,89.63636363636364,273.45454545454544,128.36363636363637,31.09090909090909,1.6363636363636365,24.90909090909091,2.1818181818181817,44.09090909090909,1.4545454545454546
06-27,91.72727272727273,259.6363636363636,129.63636363636363,29.727272727272727,1.4545454545454546,22.90909090909091,3.909090909090909,42.90909090909091,1.0909090909090908
06-28,94.0909090909091,260.09090909090907,123.63636363636364,31.363636363636363,0.8181818181818182,22.818181818181817,4.0,44.90909090909091,0.9090909090909091
06-29,100.45454545454545,287.27272727272725,134.36363636363637,34.90909090909091,0.9090909090909091,24.272727272727273,2.6363636363636362,47.81818181818182,0.7272727272727273
06-30,94.9090909090909,278.90909090909093,123.72727272727273,31.727272727272727,1.4545454545454546,22.727272727272727,3.090909090909091,44.81818181818182,0.7272727272727273
07-01,94.0909090909091,275.1818181818182,117.27272727272727,29.0,1.0909090909090908,24.727272727272727,4.181818181818182,48.0,1.4545454545454546
07-02,93.72727272727273,287.1818181818182,118.72727272727273,30.454545454545453,0.9090909090909091,19.727272727272727,2.8181818181818183,44.54545454545455,1.2727272727272727
07-03,97.27272727272727,285.1818181818182,116.63636363636364,27.181818181818183,1.2727272727272727,21.272727272727273,3.1818181818181817,50.45454545454545,0.7272727272727273
07-04,96.27272727272727,207.45454545454547,88.0909090909091,24.545454545454547,1.6363636363636365,18.545454545454547,2.6363636363636362,32.72727272727273,0.7272727272727273
07-05,107.0,256.6363636363636,119.54545454545455,31.272727272727273,1.4545454545454546,22.181818181818183,2.8181818181818183,47.36363636363637,1.0
07-06,97.36363636363636,268.6363636363636,128.45454545454547,32.27272727272727,1.6363636363636365,22.181818181818183,2.8181818181818183,45.0,1.0
07-07,93.18181818181819,267.72727272727275,133.1818181818182,31.181818181818183,1.6363636363636365,23.636363636363637,2.6363636363636362,43.45454545454545,0.5454545454545454
07-08,84.36363636363636,294.3636363636364,125.27272727272727,34.63636363636363,1.2727272727272727,24.727272727272727,3.909090909090909,46.54545454545455,0.6363636363636364
07-09,93.45454545454545,272.6363636363636,127.9090909090909,30.09090909090909,1.7272727272727273,21.545454545454547,2.727272727272727,43.27272727272727,1.1818181818181819
07-10,92.81818181818181,278.3636363636364,129.8181818181818,30.454545454545453,0.9090909090909091,22.727272727272727,3.3636363636363638,46.18181818181818,1.0
07-11,102.36363636363636,271.09090909090907,125.63636363636364,27.727272727272727,0.45454545454545453,24.818181818181817,3.0,41.09090909090909,0.9090909090909091
07-12,93.0909090909091,262.45454545454544,129.0909090909091,28.727272727272727,2.0,22.818181818181817,3.5454545454545454,39.72727272727273,1.1818181818181819
07-13,94.45454545454545,263.90909090909093,124.36363636363636,26.636363636363637,1.5454545454545454,20.818181818181817,3.3636363636363638,41.63636363636363,0.7272727272727273
07-14,87.0,265.1818181818182,122.18181818181819,33.09090909090909,1.2727272727272727,24.727272727272727,3.1818181818181817,37.81818181818182,0.9090909090909091
07-15,98.18181818181819,253.0909090909091,128.54545454545453,28.818181818181817,1.1818181818181819,20.454545454545453,2.5454545454545454,47.09090909090909,1.5454545454545454
07-16,81.72727272727273,272.0,123.0,31.09090909090909,1.3636363636363635,23.727272727272727,3.1818181818181817,43.81818181818182,1.0909090909090908
07-17,89.36363636363636,270.0,130.63636363636363,26.818181818181817,0.9090909090909091,24.181818181818183,4.545454545454546,49.63636363636363,1.2727272727272727
07-18,88.54545454545455,259.3636363636364,133.9090909090909,27.818181818181817,1.0,23.545454545454547,3.090909090909091,44.36363636363637,1.0
07-19,92.18181818181819,271.45454545454544,131.45454545454547,31.454545454545453,1.5454545454545454,25.454545454545453,2.8181818181818183,43.63636363636363,0.8181818181818182
07-20,97.63636363636364,272.1818181818182,133.72727272727272,32.54545454545455,1.6363636363636365,23.545454545454547,3.4545454545454546,41.0,0.6363636363636364
07-21,98.81818181818181,283.54545454545456,125.27272727272727,33.27272727272727,1.4545454545454546,23.545454545454547,3.4545454545454546,44.0,1.3636363636363635
07-22,93.9090909090909,269.27272727272725,133.54545454545453,28.454545454545453,2.1818181818181817,23.454545454545453,3.090909090909091,42.09090909090909,1.5454545454545454
07-23,96.27272727272727,259.6363636363636,128.63636363636363,33.54545454545455,1.0,25.272727272727273,3.727272727272727,39.27272727272727,1.0
07-24,93.81818181818181,272.6363636363636,128.27272727272728,33.18181818181818,0.7272727272727273,25.0,4.0,44.90909090909091,1.0909090909090908
07-25,88.45454545454545,270.09090909090907,134.1818181818182,35.27272727272727,1.5454545454545454,25.454545454545453,3.3636363636363638,46.36363636363637,1.4545454545454546
07-26,94.9090909090909,257.8181818181818,137.63636363636363,30.363636363636363,1.1818181818181819,23.09090909090909,2.6363636363636362,41.72727272727273,1.0909090909090908
07-27,96.36363636363636,268.1818181818182,133.54545454545453,34.45454545454545,1.4545454545454546,22.545454545454547,3.3636363636363638,38.09090909090909,0.8181818181818182
07-28,89.72727272727273,258.54545454545456,127.9090909090909,34.36363636363637,0.9090909090909091,25.09090909090909,3.8181818181818183,41.54545454545455,1.3636363636363635
07-29,94.81818181818181,262.09090909090907,134.9090909090909,31.272727272727273,0.9090909090909091,24.454545454545453,3.5454545454545454,40.81818181818182,0.6363636363636364
07-30,90.9090909090909,260.1818181818182,130.0,34.90909090909091,1.2727272727272727,25.727272727272727,2.8181818181818183,44.09090909090909,0.6363636363636364
07-31,94.81818181818181,272.1818181818182,132.0909090909091,34.45454545454545,1.5454545454545454,24.272727272727273,4.181818181818182,46.81818181818182,0.8181818181818182
08-01,88.18181818181819,263.54545454545456,123.9090909090909,29.90909090909091,1.0909090909090908,26.0,3.6363636363636362,47.72727272727273,1.3636363636363635
08-02,92.54545454545455,269.09090909090907,119.72727272727273,31.0,1.0909090909090908,24.363636363636363,2.3636363636363638,42.18181818181818,0.6363636363636364
08-03,90.72727272727273,274.90909090909093,129.0,30.90909090909091,1.9090909090909092,23.90909090909091,3.3636363636363638,40.54545454545455,0.7272727272727273
08-04,93.45454545454545,279.0,124.81818181818181,34.0,1.4545454545454546,22.818181818181817,3.0,49.0,1.0909090909090908
08-05,94.36363636363636,282.27272727272725,131.45454545454547,31.818181818181817,1.4545454545454546,22.272727272727273,3.3636363636363638,49.63636363636363,0.7272727272727273
08-06,97.36363636363636,263.3636363636364,123.45454545454545,34.36363636363637,2.1818181818181817,24.0,1.9090909090909092,46.0,0.45454545454545453
08-07,96.45454545454545,269.54545454545456,130.54545454545453,32.09090909090909,1.0909090909090908,21.90909090909091,3.1818181818181817,49.90909090909091,1.1818181818181819
08-08,99.0,279.27272727272725,129.0909090909091,32.81818181818182,1.3636363636363635,25.727272727272727,4.181818181818182,49.81818181818182,1.2727272727272727
08-09,96.0909090909091,262.8181818181818,127.18181818181819,30.636363636363637,0.9090909090909091,22.363636363636363,2.3636363636363638,43.0,0.45454545454545453
08-10,93.36363636363636,270.54545454545456,128.0,32.81818181818182,1.3636363636363635,22.0,3.3636363636363638,42.54545454545455,1.0
08-11,88.72727272727273,277.8181818181818,130.63636363636363,30.181818181818183,1.3636363636363635,23.454545454545453,3.090909090909091,44.09090909090909,0.7272727272727273
08-12,87.45454545454545,282.6363636363636,124.63636363636364,33.36363636363637,1.6363636363636365,23.545454545454547,2.272727272727273,46.54545454545455,0.7272727272727273
08-13,85.0,289.3636363636364,128.0909090909091,36.27272727272727,2.272727272727273,23.727272727272727,3.909090909090909,49.18181818181818,0.5454545454545454
08-14,90.81818181818181,259.0,127.72727272727273,32.27272727272727,1.3636363636363635,21.272727272727273,2.727272727272727,48.27272727272727,0.5454545454545454
08-15,92.18181818181819,285.72727272727275,127.27272727272727,37.81818181818182,1.2727272727272727,21.272727272727273,2.727272727272727,46.45454545454545,0.9090909090909091
08-16,90.0,283.0,127.81818181818181,34.54545454545455,0.9090909090909091,22.363636363636363,3.4545454545454546,48.36363636363637,0.8181818181818182
08-17,95.36363636363636,290.45454545454544,129.54545454545453,33.90909090909091,1.9090909090909092,24.0,2.8181818181818183,43.0,1.0909090909090908
08-18,90.9090909090909,267.3636363636364,135.45454545454547,35.45454545454545,1.4545454545454546,24.181818181818183,2.8181818181818183,44.18181818181818,0.8181818181818182
08-19,87.45454545454545,273.72727272727275,132.9090909090909,33.72727272727273,2.1818181818181817,24.181818181818183,3.1818181818181817,46.54545454545455,0.5454545454545454
08-20,85.27272727272727,272.09090909090907,133.0,33.0,1.4545454545454546,24.727272727272727,3.090909090909091,46.09090909090909,0.9090909090909091
08-21,89.63636363636364,270.8181818181818,130.0,33.90909090909091,1.6363636363636365,24.454545454545453,2.6363636363636362,44.09090909090909,0.45454545454545453
08-22,89.0,266.27272727272725,130.63636363636363,33.0,1.3636363636363635,23.90909090909091,2.0,45.0,0.36363636363636365
08-23,92.63636363636364,270.90909090909093,134.36363636363637,33.0,1.0909090909090908,24.09090909090909,2.6363636363636362,49.0,1.0
08-24,91.63636363636364,267.6363636363636,134.1818181818182,33.81818181818182,2.0,22.90909090909091,3.4545454545454546,44.54545454545455,0.5454545454545454
08-25,88.63636363636364,268.6363636363636,134.0909090909091,38.27272727272727,0.7272727272727273,26.272727272727273,2.6363636363636362,43.54545454545455,0.5454545454545454
08-26,94.0,250.36363636363637,135.72727272727272,35.0,1.7272727272727273,24.272727272727273,3.3636363636363638,43.45454545454545,1.2727272727272727
08-27,89.54545454545455,248.9090909090909,131.27272727272728,31.454545454545453,1.0,29.181818181818183,3.090909090909091,41.45454545454545,1.0
08-28,80.36363636363636,258.0,126.18181818181819,33.63636363636363,1.7272727272727273,26.09090909090909,3.272727272727273,47.36363636363637,0.8181818181818182
08-29,88.54545454545455,261.90909090909093,135.63636363636363,35.72727272727273,1.3636363636363635,28.727272727272727,3.1818181818181817,46.54545454545455,0.9090909090909091
08-30,93.0909090909091,249.27272727272728,132.27272727272728,32.72727272727273,1.1818181818181819,23.636363636363637,4.0,47.0,0.7272727272727273
08-31,95.18181818181819,256.09090909090907,134.45454545454547,31.90909090909091,1.1818181818181819,24.181818181818183,2.909090909090909,45.63636363636363,1.4545454545454546
09-01,89.36363636363636,241.0909090909091,128.63636363636363,28.90909090909091,1.4545454545454546,24.09090909090909,2.727272727272727,44.63636363636363,1.1818181818181819
09-02,86.81818181818181,264.72727272727275,127.63636363636364,33.90909090909091,1.0909090909090908,24.09090909090909,3.727272727272727,47.90909090909091,1.2727272727272727
09-03,91.45454545454545,260.1818181818182,126.63636363636364,31.272727272727273,1.3636363636363635,23.545454545454547,3.0,54.90909090909091,0.8181818181818182
09-04,90.54545454545455,253.72727272727272,127.18181818181819,30.0,1.4545454545454546,22.272727272727273,3.8181818181818183,47.72727272727273,1.0909090909090908
09-05,92.36363636363636,239.9090909090909,126.36363636363636,31.727272727272727,2.272727272727273,21.636363636363637,2.6363636363636362,47.18181818181818,1.1818181818181819
09-06,86.54545454545455,242.9090909090909,122.54545454545455,30.636363636363637,1.1818181818181819,24.0,2.727272727272727,49.63636363636363,1.2727272727272727
09-07,92.0,246.0,126.0,27.90909090909091,1.6363636363636365,24.636363636363637,2.8181818181818183,48.36363636363637,1.0
09-08,95.36363636363636,238.45454545454547,137.63636363636363,31.09090909090909,1.6363636363636365,24.272727272727273,4.181818181818182,45.72727272727273,1.5454545454545454
09-09,92.27272727272727,228.1818181818182,125.0909090909091,30.818181818181817,1.1818181818181819,23.363636363636363,2.1818181818181817,45.36363636363637,0.8181818181818182
09-10,97.54545454545455,235.1818181818182,125.45454545454545,30.272727272727273,1.2727272727272727,23.90909090909091,3.1818181818181817,42.63636363636363,0.5454545454545454
09-11,95.81818181818181,241.1818181818182,117.54545454545455,28.363636363636363,1.0,22.727272727272727,2.727272727272727,48.18181818181818,1.0909090909090908
09-12,95.72727272727273,225.27272727272728,131.0909090909091,30.272727272727273,1.0909090909090908,20.636363636363637,2.6363636363636362,47.45454545454545,0.45454545454545453
09-13,96.18181818181819,238.8181818181818,123.81818181818181,30.818181818181817,2.272727272727273,23.0,2.727272727272727,46.45454545454545,1.0
09-14,94.54545454545455,232.9090909090909,127.72727272727273,32.45454545454545,1.5454545454545454,24.363636363636363,3.909090909090909,45.45454545454545,1.0
09-15,98.9090909090909,237.54545454545453,128.45454545454547,30.727272727272727,2.090909090909091,23.727272727272727,2.4545454545454546,47.36363636363637,0.5454545454545454
09-16,99.72727272727273,237.45454545454547,133.27272727272728,31.454545454545453,0.9090909090909091,23.0,3.909090909090909,46.18181818181818,0.6363636363636364
09-17,101.18181818181819,245.8181818181818,128.36363636363637,30.0,1.8181818181818181,24.09090909090909,2.1818181818181817,46.72727272727273,0.6363636363636364
09-18,102.0,229.8181818181818,125.0,31.272727272727273,1.0909090909090908,28.636363636363637,3.272727272727273,46.09090909090909,0.45454545454545453
09-19,100.18181818181819,244.9090909090909,130.63636363636363,32.90909090909091,1.1818181818181819,26.90909090909091,3.3636363636363638,47.45454545454545,0.45454545454545453
09-20,100.81818181818181,237.27272727272728,131.72727272727272,31.363636363636363,1.0909090909090908,26.545454545454547,2.3636363636363638,46.0,0.7272727272727273
09-21,103.9090909090909,242.45454545454547,130.1818181818182,32.36363636363637,1.7272727272727273,25.363636363636363,2.5454545454545454,42.27272727272727,1.0909090909090908
09-22,96.0,225.1818181818182,128.36363636363637,42.81818181818182,1.4545454545454546,24.727272727272727,2.272727272727273,43.18181818181818,1.2727272727272727
09-23,99.81818181818181,226.0909090909091,121.0909090909091,30.636363636363637,1.0,23.636363636363637,4.0,42.54545454545455,1.1818181818181819
09-24,95.9090909090909,219.1818181818182,131.0,33.27272727272727,0.9090909090909091,23.545454545454547,2.6363636363636362,44.18181818181818,1.0909090909090908
09-25,100.9090909090909,217.9090909090909,131.8181818181818,34.27272727272727,1.3636363636363635,26.272727272727273,3.0,42.0,1.3636363636363635
09-26,97.0909090909091,230.0909090909091,130.27272727272728,31.0,0.6363636363636364,24.0,3.1818181818181817,43.90909090909091,1.4545454545454546
09-27,96.9090909090909,233.9090909090909,132.45454545454547,31.0,0.9090909090909091,25.363636363636363,2.6363636363636362,41.36363636363637,0.5454545454545454
09-28,102.36363636363636,227.9090909090909,131.72727272727272,30.09090909090909,1.8181818181818181,25.727272727272727,2.5454545454545454,43.45454545454545,0.8181818181818182
09-29,91.27272727272727,230.45454545454547,130.1818181818182,30.636363636363637,1.7272727272727273,24.545454545454547,2.727272727272727,46.72727272727273,0.5454545454545454
09-30,93.81818181818181,219.45454545454547,127.63636363636364,32.54545454545455,1.9090909090909092,24.90909090909091,2.4545454545454546,41.09090909090909,1.0909090909090908
10-01,97.81818181818181,231.45454545454547,122.18181818181819,31.09090909090909,1.3636363636363635,29.09090909090909,2.8181818181818183,49.72727272727273,1.1818181818181819
10-02,92.9090909090909,219.27272727272728,120.18181818181819,30.727272727272727,1.5454545454545454,21.90909090909091,2.8181818181818183,48.90909090909091,1.0909090909090908
10-03,93.0,235.45454545454547,124.36363636363636,29.09090909090909,1.4545454545454546,23.0,2.272727272727273,53.45454545454545,1.2727272727272727
10-04,89.54545454545455,227.0,117.81818181818181,32.90909090909091,1.0909090909090908,23.727272727272727,2.909090909090909,45.90909090909091,1.4545454545454546
10-05,95.45454545454545,238.1818181818182,123.27272727272727,30.454545454545453,1.3636363636363635,22.90909090909091,3.8181818181818183,43.90909090909091,1.6363636363636365
10-06,95.72727272727273,233.54545454545453,127.36363636363636,31.272727272727273,2.0,25.272727272727273,3.5454545454545454,46.45454545454545,0.9090909090909091
10-07,96.27272727272727,235.0,119.18181818181819,30.818181818181817,1.0909090909090908,25.636363636363637,3.1818181818181817,40.72727272727273,0.5454545454545454
10-08,98.0,256.8181818181818,129.72727272727272,30.454545454545453,1.2727272727272727,22.272727272727273,3.090909090909091,43.54545454545455,0.7272727272727273
10-09,92.45454545454545,236.36363636363637,126.45454545454545,30.0,1.7272727272727273,24.636363636363637,3.3636363636363638,49.18181818181818,0.36363636363636365
10-10,88.0,232.9090909090909,129.72727272727272,31.0,1.5454545454545454,24.09090909090909,3.090909090909091,45.0,0.36363636363636365
10-11,89.45454545454545,242.63636363636363,117.27272727272727,31.454545454545453,2.0,23.454545454545453,2.3636363636363638,47.0,0.9090909090909091
10-12,90.72727272727273,236.63636363636363,124.18181818181819,35.54545454545455,1.1818181818181819,23.09090909090909,1.9090909090909092,47.90909090909091,0.8181818181818182
10-13,92.63636363636364,231.9090909090909,129.27272727272728,28.09090909090909,1.7272727272727273,24.09090909090909,2.1818181818181817,42.81818181818182,0.45454545454545453
10-14,90.9090909090909,229.63636363636363,128.45454545454547,29.90909090909091,1.6363636363636365,23.545454545454547,2.727272727272727,44.63636363636363,0.8181818181818182
10-15,86.36363636363636,218.63636363636363,125.0909090909091,30.272727272727273,1.5454545454545454,26.636363636363637,3.727272727272727,43.45454545454545,0.6363636363636364
10-16,100.27272727272727,229.63636363636363,125.18181818181819,29.272727272727273,2.090909090909091,24.363636363636363,2.727272727272727,46.90909090909091,1.0
10-17,91.18181818181819,240.8181818181818,133.0909090909091,28.181818181818183,2.090909090909091,25.09090909090909,3.1818181818181817,44.0,1.8181818181818181
10-18,92.63636363636364,228.54545454545453,127.81818181818181,32.45454545454545,1.0,26.181818181818183,3.6363636363636362,46.18181818181818,0.9090909090909091
10-19,92.18181818181819,224.54545454545453,127.0909090909091,31.181818181818183,1.1818181818181819,27.363636363636363,3.0,44.45454545454545,0.5454545454545454
10-20,99.63636363636364,220.1818181818182,128.0,34.09090909090909,1.1818181818181819,25.181818181818183,2.909090909090909,46.0,1.0909090909090908
10-21,98.9090909090909,226.72727272727272,130.45454545454547,33.27272727272727,1.3636363636363635,24.454545454545453,2.727272727272727,47.27272727272727,0.8181818181818182
10-22,95.18181818181819,238.1818181818182,125.9090909090909,30.818181818181817,1.4545454545454546,25.454545454545453,3.272727272727273,47.63636363636363,0.7272727272727273
10-23,94.72727272727273,230.36363636363637,125.9090909090909,34.54545454545455,1.4545454545454546,26.545454545454547,3.1818181818181817,49.0,1.2727272727272727
10-24,87.0,237.36363636363637,134.36363636363637,32.0,2.3636363636363638,24.636363636363637,3.1818181818181817,44.72727272727273,0.7272727272727273
10-25,93.45454545454545,233.45454545454547,126.63636363636364,30.818181818181817,1.8181818181818181,26.727272727272727,3.8181818181818183,46.18181818181818,0.9090909090909091
10-26,95.0909090909091,222.0909090909091,126.36363636363636,30.545454545454547,1.7272727272727273,25.727272727272727,3.6363636363636362,44.09090909090909,1.0909090909090908
10-27,90.54545454545455,221.9090909090909,123.72727272727273,31.545454545454547,1.5454545454545454,26.545454545454547,2.6363636363636362,42.27272727272727,1.1818181818181819
10-28,87.63636363636364,210.36363636363637,128.45454545454547,28.818181818181817,1.5454545454545454,24.818181818181817,2.090909090909091,44.81818181818182,1.1818181818181819
10-29,84.72727272727273,212.63636363636363,117.18181818181819,28.181818181818183,1.0909090909090908,23.636363636363637,2.272727272727273,43.0,0.7272727272727273
10-30,95.63636363636364,262.54545454545456,117.63636363636364,31.09090909090909,1.8181818181818181,27.636363636363637,3.0,43.27272727272727,0.7272727272727273
10-31,100.18181818181819,249.54545454545453,115.9090909090909,29.90909090909091,1.0,24.272727272727273,1.6363636363636365,38.90909090909091,0.9090909090909091
11-01,93.63636363636364,230.0909090909091,119.18181818181819,28.09090909090909,1.4545454545454546,27.363636363636363,3.3636363636363638,44.36363636363637,0.7272727272727273
11-02,89.0,233.45454545454547,120.27272727272727,25.90909090909091,2.0,26.545454545454547,3.090909090909091,42.90909090909091,0.8181818181818182
11-03,88.63636363636364,219.27272727272728,117.0909090909091,27.0,1.1818181818181819,23.363636363636363,2.5454545454545454,44.09090909090909,1.0
11-04,80.0909090909091,219.1818181818182,118.81818181818181,28.181818181818183,1.1818181818181819,21.181818181818183,2.4545454545454546,43.72727272727273,0.36363636363636365
11-05,84.9090909090909,223.8181818181818,114.63636363636364,31.636363636363637,1.3636363636363635,24.454545454545453,2.909090909090909,46.36363636363637,0.7272727272727273
11-06,85.54545454545455,212.27272727272728,117.0909090909091,34.81818181818182,1.2727272727272727,23.545454545454547,3.3636363636363638,45.54545454545455,0.45454545454545453
11-07,89.45454545454545,229.36363636363637,118.63636363636364,30.545454545454547,1.0909090909090908,25.09090909090909,2.5454545454545454,42.09090909090909,0.8181818181818182
11-08,82.54545454545455,220.72727272727272,113.63636363636364,30.636363636363637,1.7272727272727273,22.636363636363637,2.3636363636363638,41.09090909090909,0.8181818181818182
11-09,87.54545454545455,216.63636363636363,115.36363636363636,31.818181818181817,1.8181818181818181,22.636363636363637,2.272727272727273,46.63636363636363,0.9090909090909091
11-10,89.54545454545455,237.9090909090909,127.54545454545455,33.72727272727273,1.1818181818181819,24.363636363636363,2.727272727272727,47.63636363636363,0.7272727272727273
11-11,81.18181818181819,229.1818181818182,118.81818181818181,23.636363636363637,1.3636363636363635,28.363636363636363,3.272727272727273,54.90909090909091,1.1818181818181819
11-12,87.0909090909091,234.54545454545453,128.72727272727272,30.636363636363637,2.090909090909091,27.454545454545453,3.6363636363636362,43.54545454545455,0.45454545454545453
11-13,84.9090909090909,214.0,117.63636363636364,26.818181818181817,1.0,25.545454545454547,2.1818181818181817,44.72727272727273,0.7272727272727273
11-14,88.0909090909091,218.54545454545453,122.27272727272727,29.272727272727273,1.5454545454545454,27.0,3.090909090909091,48.09090909090909,1.0
11-15,94.81818181818181,220.0,119.9090909090909,30.90909090909091,1.8181818181818181,25.09090909090909,2.5454545454545454,50.63636363636363,0.6363636363636364
11-16,89.72727272727273,209.0909090909091,123.0909090909091,34.27272727272727,1.3636363636363635,25.0,2.090909090909091,40.18181818181818,0.6363636363636364
11-17,88.63636363636364,241.0909090909091,125.72727272727273,30.272727272727273,0.6363636363636364,25.90909090909091,4.454545454545454,45.72727272727273,0.9090909090909091
11-18,83.27272727272727,228.0,114.36363636363636,28.727272727272727,1.1818181818181819,23.0,2.272727272727273,51.18181818181818,1.1818181818181819
11-19,90.9090909090909,209.72727272727272,117.0909090909091,30.272727272727273,1.5454545454545454,24.818181818181817,3.090909090909091,46.27272727272727,0.6363636363636364
11-20,85.27272727272727,206.54545454545453,122.0,28.363636363636363,1.4545454545454546,26.818181818181817,2.6363636363636362,48.36363636363637,0.5454545454545454
11-21,87.72727272727273,209.1818181818182,124.27272727272727,30.363636363636363,1.5454545454545454,26.272727272727273,2.909090909090909,45.72727272727273,0.45454545454545453
11-22,79.9090909090909,186.54545454545453,103.27272727272727,26.181818181818183,1.0,22.636363636363637,2.727272727272727,36.09090909090909,0.5454545454545454
11-23,81.18181818181819,184.0,110.36363636363636,27.0,1.0909090909090908,26.09090909090909,3.727272727272727,39.18181818181818,0.8181818181818182
11-24,79.81818181818181,191.0,110.0,29.727272727272727,0.9090909090909091,22.363636363636363,1.8181818181818181,38.18181818181818,0.45454545454545453
11-25,79.27272727272727,201.72727272727272,101.54545454545455,29.0,1.2727272727272727,23.09090909090909,3.1818181818181817,44.36363636363637,0.45454545454545453
11-26,75.18181818181819,198.45454545454547,101.0,29.181818181818183,1.6363636363636365,23.727272727272727,1.2727272727272727,38.81818181818182,0.5454545454545454
11-27,67.72727272727273,189.8181818181818,111.0909090909091,28.181818181818183,2.272727272727273,25.181818181818183,2.8181818181818183,39.45454545454545,1.0909090909090908
11-28,81.18181818181819,198.27272727272728,115.0909090909091,34.45454545454545,1.6363636363636365,24.545454545454547,2.3636363636363638,47.0,0.6363636363636364
11-29,81.45454545454545,217.0909090909091,118.18181818181819,33.18181818181818,1.7272727272727273,25.0,3.272727272727273,47.09090909090909,0.7272727272727273
11-30,84.54545454545455,221.1818181818182,116.63636363636364,30.818181818181817,1.3636363636363635,25.454545454545453,2.1818181818181817,47.90909090909091,1.0
12-01,81.81818181818181,206.45454545454547,121.0,30.272727272727273,1.6363636363636365,27.727272727272727,3.272727272727273,48.09090909090909,0.9090909090909091
12-02,84.36363636363636,202.1818181818182,114.54545454545455,25.636363636363637,1.2727272727272727,24.363636363636363,3.6363636363636362,49.72727272727273,1.2727272727272727
12-03,80.45454545454545,218.45454545454547,120.36363636363636,29.727272727272727,1.8181818181818181,24.09090909090909,3.727272727272727,54.72727272727273,0.6363636363636364
12-04,85.36363636363636,208.1818181818182,117.45454545454545,29.727272727272727,1.4545454545454546,21.09090909090909,3.4545454545454546,49.27272727272727,0.45454545454545453
12-05,86.36363636363636,215.9090909090909,117.54545454545455,29.727272727272727,1.6363636363636365,23.0,2.3636363636363638,47.72727272727273,0.8181818181818182
12-06,81.72727272727273,203.54545454545453,117.81818181818181,29.545454545454547,1.3636363636363635,22.818181818181817,2.6363636363636362,48.27272727272727,0.45454545454545453
12-07,89.54545454545455,203.45454545454547,113.54545454545455,30.09090909090909,1.4545454545454546,23.363636363636363,2.4545454545454546,45.0,1.0
12-08,80.0,206.27272727272728,112.45454545454545,26.272727272727273,0.8181818181818182,22.181818181818183,3.0,46.27272727272727,1.0
12-09,81.9090909090909,195.8181818181818,116.45454545454545,30.0,1.6363636363636365,25.09090909090909,1.9090909090909092,48.72727272727273,0.6363636363636364
12-10,86.36363636363636,202.0909090909091,120.9090909090909,34.18181818181818,1.2727272727272727,23.454545454545453,3.909090909090909,46.81818181818182,1.1818181818181819
12-11,84.72727272727273,199.9090909090909,114.36363636363636,31.09090909090909,1.0,23.818181818181817,2.5454545454545454,51.18181818181818,0.7272727272727273
12-12,85.54545454545455,206.36363636363637,120.0909090909091,29.636363636363637,1.3636363636363635,24.09090909090909,2.909090909090909,45.27272727272727,0.5454545454545454
12-13,86.9090909090909,205.36363636363637,116.63636363636364,30.09090909090909,0.8181818181818182,22.363636363636363,2.909090909090909,46.81818181818182,0.5454545454545454
12-14,84.63636363636364,203.9090909090909,113.72727272727273,28.272727272727273,1.2727272727272727,25.0,1.7272727272727273,43.90909090909091,0.8181818181818182
12-15,91.27272727272727,216.36363636363637,117.54545454545455,27.636363636363637,1.0,24.0,2.0,45.63636363636363,0.7272727272727273
12-16,83.54545454545455,195.36363636363637,116.63636363636364,26.90909090909091,1.5454545454545454,23.181818181818183,2.090909090909091,44.0,0.6363636363636364
12-17,84.63636363636364,194.1818181818182,111.45454545454545,32.72727272727273,2.0,24.181818181818183,3.1818181818181817,40.18181818181818,0.7272727272727273
12-18,87.81818181818181,192.8181818181818,113.36363636363636,28.09090909090909,1.3636363636363635,26.636363636363637,3.0,41.81818181818182,0.45454545454545453
12-19,83.27272727272727,190.45454545454547,108.0,28.09090909090909,1.1818181818181819,22.727272727272727,3.1818181818181817,39.18181818181818,0.6363636363636364
12-20,84.9090909090909,194.27272727272728,111.0909090909091,27.727272727272727,1.4545454545454546,21.727272727272727,2.090909090909091,41.90909090909091,1.0909090909090908
12-21,80.9090909090909,183.9090909090909,108.81818181818181,27.272727272727273,1.1818181818181819,23.818181818181817,2.272727272727273,37.63636363636363,0.6363636363636364
12-22,77.36363636363636,194.36363636363637,123.54545454545455,30.545454545454547,1.0909090909090908,24.818181818181817,1.7272727272727273,38.27272727272727,1.0
12-23,74.36363636363636,176.0909090909091,116.72727272727273,31.09090909090909,0.7272727272727273,27.363636363636363,2.909090909090909,34.72727272727273,0.7272727272727273
12-24,65.0909090909091,137.8181818181818,101.45454545454545,24.454545454545453,1.1818181818181819,20.363636363636363,2.272727272727273,25.181818181818183,1.0
12-25,56.09090909090909,73.81818181818181,46.72727272727273,18.636363636363637,1.4545454545454546,13.545454545454545,1.9090909090909092,7.818181818181818,1.0909090909090908
12-26,65.0909090909091,173.1818181818182,99.0,30.818181818181817,1.2727272727272727,21.636363636363637,2.5454545454545454,37.18181818181818,0.45454545454545453
12-27,68.63636363636364,210.0909090909091,93.81818181818181,30.09090909090909,0.8181818181818182,21.181818181818183,2.6363636363636362,40.36363636363637,0.6363636363636364
12-28,74.18181818181819,218.0909090909091,111.0,29.272727272727273,1.3636363636363635,24.09090909090909,2.8181818181818183,39.72727272727273,1.0
12-29,70.0909090909091,217.0909090909091,107.81818181818181,30.454545454545453,1.4545454545454546,23.545454545454547,2.090909090909091,40.45454545454545,0.6363636363636364
12-30,72.9090909090909,212.36363636363637,104.0909090909091,26.363636363636363,0.9090909090909091,21.363636363636363,3.8181818181818183,45.0,0.8181818181818182
12-31,66.72727272727273,172.8181818181818,95.0909090909091,23.181818181818183,0.6363636363636364,18.363636363636363,2.909090909090909,41.54545454545455,0.8181818181818182
